"customer_id","country","age","device","premium_user","orders_count","total_revenue","avg_order_value","sessions_count","avg_session_duration","avg_pages_viewed","is_churned"
"4448","UA","33","desktop","0","0","0","0","31","15.65","5.35","0"
"3426","UA","30","mobile","1","0","0","0","26","16.77","5.96","0"
"295","HU","44","desktop","0","1","3","3","28","11.93","6.14","1"
"2997","UA","58","desktop","1","1","11","11","23","14.33","6.17","1"
"3182","UA","23","tablet","0","1","21","21","22","17.12","5.95","0"
"1152","UA","36","mobile","1","1","35","35","22","10.29","5.14","1"
"2529","CZ","27","mobile","1","1","41","41","26","11.87","5.5","0"
"4156","UA","34","mobile","0","1","41","41","25","10.29","5.92","1"
"2644","UA","45","desktop","0","1","53","53","14","12.87","5.64","1"
"455","HU","54","desktop","0","1","56","56","21","12.65","6.76","1"
"2133","UA","62","mobile","0","2","58","29","25","10.75","6.0","1"
"1168","HU","20","mobile","0","2","62","31","24","19.48","5.88","1"
"3594","PL","69","mobile","0","2","63","32","25","12.39","6.08","1"
"1196","PL","56","desktop","0","2","65","33","18","12.28","5.72","1"
"937","UA","27","desktop","0","2","65","33","25","13.85","5.88","1"
"3771","CZ","58","mobile","0","2","70","35","27","6.65","5.81","0"
"3760","CZ","59","mobile","0","2","71","36","23","12.22","5.43","1"
"3847","UA","57","tablet","1","2","71","36","24","10.36","5.67","1"
"949","UA","67","desktop","1","4","71","18","18","16.48","5.67","1"
"1540","UA","39","mobile","0","1","73","73","16","21.19","5.88","1"
"2215","UA","24","mobile","0","3","74","25","21","12.4","6.62","0"
"4701","UA","54","mobile","0","1","80","80","22","13.9","5.23","1"
"3522","UA","29","desktop","0","1","83","83","21","13.79","5.9","1"
"1642","UA","21","mobile","0","2","86","43","17","13.45","6.88","1"
"2870","UA","65","mobile","0","2","88","44","22","15.78","5.91","1"
"4281","SK","28","desktop","0","3","89","30","16","16.88","5.94","1"
"2404","UA","26","tablet","0","2","93","47","19","17.52","6.53","1"
"3206","SK","31","mobile","0","2","94","47","16","11.38","5.5","1"
"2495","CZ","35","mobile","0","2","95","48","22","13.86","5.86","0"
"702","HU","69","desktop","1","1","97","97","34","14.06","5.91","1"
"3570","HU","34","mobile","0","2","97","49","18","7.54","5.0","1"
"1478","UA","61","mobile","0","1","103","103","23","12.91","5.39","1"
"1323","UA","45","desktop","1","2","105","53","22","16.05","5.82","1"
"3018","UA","50","desktop","0","3","107","36","32","12.67","6.13","1"
"1004","UA","70","desktop","0","2","108","54","29","13.03","5.86","0"
"2914","UA","65","desktop","1","3","108","36","22","17.44","5.59","1"
"680","CZ","57","desktop","0","3","110","37","19","21.21","6.26","1"
"1843","UA","67","mobile","0","2","111","56","27","10.77","6.63","1"
"709","UA","60","desktop","1","2","111","56","21","13.46","6.29","1"
"37","UA","41","desktop","0","4","111","28","17","13.49","6.35","0"
"3721","PL","46","mobile","1","2","112","56","26","13.1","5.77","1"
"1745","PL","60","mobile","1","4","114","29","21","13.3","5.86","1"
"477","UA","55","desktop","0","1","115","115","31","14.62","6.61","1"
"4064","UA","34","desktop","0","3","116","39","16","13.04","6.06","0"
"3180","SK","36","mobile","0","4","116","29","30","10.56","6.5","1"
"2733","HU","22","mobile","0","3","117","39","26","13.55","5.92","1"
"1254","PL","32","tablet","0","3","117","39","19","10.37","5.58","1"
"1764","PL","29","mobile","1","3","119","40","10","11.75","6.7","1"
"1604","UA","19","mobile","0","2","120","60","17","10.32","6.71","1"
"1525","HU","23","mobile","0","4","121","30","34","12.93","6.12","1"
"4511","UA","26","desktop","1","2","123","62","31","15.98","5.94","1"
"3336","HU","42","mobile","0","2","124","62","25","13.88","6.08","1"
"3343","SK","49","desktop","0","2","124","62","31","11.03","5.9","0"
"869","PL","65","mobile","0","3","124","41","24","14.07","5.83","1"
"3654","UA","51","mobile","0","5","127","25","24","11.48","5.58","1"
"797","SK","53","mobile","0","3","127","42","24","15.8","5.58","0"
"2612","PL","61","desktop","0","3","127","42","19","12.14","5.74","1"
"2942","HU","49","mobile","0","3","127","42","25","13.76","5.6","1"
"315","UA","32","tablet","0","3","128","43","13","9.51","6.92","1"
"1212","UA","30","mobile","1","2","130","65","21","8.89","5.86","1"
"1505","SK","38","mobile","1","2","130","65","26","10.44","5.96","1"
"4879","UA","50","desktop","0","3","132","44","23","13.23","6.26","1"
"3374","SK","33","desktop","1","3","133","44","27","15.9","5.56","1"
"3266","UA","43","mobile","1","3","134","45","31","11.85","5.32","1"
"192","SK","29","mobile","0","3","135","45","28","13.8","6.0","1"
"843","SK","55","desktop","1","2","136","68","25","15.44","5.32","1"
"2522","HU","22","desktop","1","2","138","69","18","16.49","6.17","1"
"1937","UA","42","desktop","0","4","138","35","27","11.47","6.48","1"
"4685","UA","54","mobile","0","3","139","46","25","14.18","5.88","1"
"3091","PL","64","desktop","0","3","139","46","27","13.56","5.26","1"
"4500","HU","57","desktop","0","3","139","46","15","13.31","6.47","0"
"3863","CZ","32","mobile","0","3","139","46","26","13.34","5.81","1"
"3172","UA","39","mobile","0","4","140","35","22","16.0","6.77","1"
"935","UA","42","desktop","0","2","140","70","27","12.36","6.63","1"
"2711","PL","27","mobile","0","2","141","71","27","11.62","6.04","0"
"1425","UA","69","mobile","1","4","141","35","24","16.15","5.58","1"
"4789","UA","20","desktop","1","4","142","36","22","10.09","5.95","0"
"800","UA","27","mobile","1","3","143","48","22","12.88","5.09","1"
"1514","SK","64","desktop","1","4","144","36","23","13.0","5.74","1"
"2991","CZ","42","desktop","1","2","144","72","25","15.18","6.08","1"
"2258","UA","59","mobile","0","4","146","37","27","11.56","6.74","0"
"2657","PL","19","mobile","0","3","146","49","28","14.02","6.07","1"
"564","SK","50","tablet","0","4","147","37","25","12.94","5.92","0"
"3790","PL","57","mobile","0","4","149","37","21","11.5","5.52","1"
"2488","UA","60","mobile","1","4","151","38","18","13.15","5.78","1"
"597","UA","57","tablet","1","4","152","38","29","12.67","5.72","0"
"1335","UA","39","mobile","0","4","152","38","20","15.41","6.4","0"
"324","UA","53","desktop","0","6","152","25","25","10.28","5.6","1"
"4372","UA","43","desktop","1","3","152","51","22","8.99","5.95","1"
"321","UA","65","desktop","1","2","152","76","21","15.28","6.14","1"
"3945","UA","57","mobile","0","4","153","38","20","18.09","5.55","1"
"4941","HU","39","mobile","0","4","153","38","23","11.63","5.78","1"
"1521","CZ","34","desktop","0","4","155","39","30","11.19","5.8","1"
"2497","SK","68","desktop","1","4","156","39","19","14.46","5.32","1"
"2815","SK","55","mobile","0","3","158","53","30","13.98","5.83","1"
"3327","UA","32","desktop","0","3","159","53","31","12.72","5.0","1"
"1373","UA","31","tablet","0","4","159","40","22","8.87","5.27","1"
"2209","UA","42","mobile","0","3","159","53","22","11.6","5.73","1"
"1022","PL","37","desktop","0","3","160","53","26","13.56","6.69","1"
"2301","UA","45","desktop","0","4","160","40","29","17.18","6.9","1"
"3349","PL","36","tablet","1","4","160","40","20","13.35","6.0","0"
"926","HU","44","desktop","0","4","161","40","26","15.14","6.58","1"
"696","UA","20","mobile","1","3","161","54","17","10.34","5.59","1"
"2439","PL","21","mobile","0","3","161","54","35","12.37","6.26","1"
"4810","UA","63","mobile","0","5","162","32","24","13.92","5.71","0"
"1274","PL","26","desktop","0","7","162","23","20","12.89","5.25","1"
"1593","SK","21","tablet","1","4","163","41","37","10.99","6.27","1"
"2762","UA","54","desktop","1","5","163","33","23","13.38","6.87","1"
"4075","HU","36","mobile","0","3","164","55","31","15.29","6.1","0"
"1917","HU","28","mobile","1","4","166","42","30","16.16","5.93","0"
"4623","UA","65","desktop","0","4","167","42","19","14.72","7.53","0"
"373","PL","69","mobile","1","2","169","85","24","11.81","6.21","1"
"1427","CZ","32","mobile","0","5","170","34","29","14.62","6.24","1"
"2272","UA","69","mobile","0","2","171","86","23","16.89","5.83","1"
"2548","UA","41","desktop","0","3","171","57","14","14.03","6.36","1"
"278","CZ","66","tablet","0","6","171","29","23","15.17","5.48","0"
"3","PL","38","tablet","0","4","172","43","19","12.42","5.53","1"
"965","UA","47","mobile","0","5","172","34","21","11.72","5.38","1"
"3805","PL","58","mobile","0","3","173","58","23","16.53","5.43","1"
"4523","UA","40","desktop","1","3","174","58","16","15.28","5.56","1"
"2835","UA","30","mobile","0","3","174","58","28","13.58","5.93","1"
"1018","SK","48","mobile","0","4","175","44","21","13.86","5.86","1"
"2682","HU","36","tablet","0","5","175","35","17","16.65","5.88","0"
"3537","SK","27","mobile","0","5","177","35","26","15.71","5.73","1"
"3565","UA","61","tablet","0","3","177","59","25","9.1","5.96","0"
"3194","CZ","50","mobile","1","4","178","45","35","14.21","5.69","1"
"4550","UA","40","mobile","0","2","178","89","24","10.33","6.58","1"
"3838","PL","21","mobile","1","4","178","45","32","11.2","5.97","1"
"4552","UA","29","mobile","0","3","178","59","20","17.1","6.3","0"
"4673","HU","56","mobile","0","5","179","36","25","11.64","6.52","1"
"1160","SK","42","desktop","0","2","179","90","26","17.09","5.62","1"
"1643","UA","46","mobile","0","6","179","30","23","9.3","5.91","1"
"2160","UA","36","tablet","0","4","179","45","29","11.69","6.21","0"
"929","UA","28","desktop","0","3","179","60","27","12.53","5.52","1"
"157","CZ","53","desktop","0","4","179","45","24","13.53","6.21","0"
"1520","PL","55","mobile","0","3","179","60","30","10.34","5.4","1"
"1220","UA","63","tablet","0","3","180","60","23","12.49","6.3","0"
"4589","PL","34","desktop","0","4","180","45","28","11.09","4.93","1"
"3026","UA","49","mobile","0","2","180","90","23","12.1","6.39","1"
"2402","PL","68","mobile","0","2","180","90","29","15.21","6.55","1"
"2290","UA","25","mobile","0","4","181","45","24","16.65","5.21","1"
"2906","SK","65","desktop","0","3","181","60","29","12.65","6.28","0"
"1492","UA","48","mobile","1","5","181","36","13","19.92","6.92","1"
"1743","PL","23","desktop","0","3","181","60","28","15.27","6.5","1"
"2725","SK","43","desktop","0","5","182","36","25","13.42","6.2","0"
"2637","UA","66","tablet","1","3","183","61","25","10.4","5.68","1"
"3085","CZ","55","desktop","0","3","183","61","23","15.5","5.48","1"
"4764","UA","69","desktop","0","3","183","61","27","12.38","6.11","1"
"482","UA","22","desktop","0","5","184","37","33","14.28","5.73","0"
"2248","SK","42","mobile","1","2","184","92","23","11.72","5.61","1"
"430","HU","63","mobile","0","3","185","62","18","16.61","6.33","0"
"3800","SK","70","tablet","0","4","185","46","17","13.6","4.94","1"
"2689","SK","18","mobile","0","4","186","47","31","13.01","5.77","0"
"3436","UA","57","desktop","1","4","186","47","23","13.1","6.13","0"
"1680","SK","30","mobile","1","5","187","37","33","13.8","5.67","1"
"4129","CZ","48","mobile","0","4","187","47","22","16.57","5.55","1"
"3058","PL","35","desktop","0","3","187","62","24","11.33","5.96","1"
"1247","UA","47","desktop","0","4","188","47","19","16.19","5.53","1"
"3289","PL","21","mobile","0","4","189","47","21","7.29","5.95","1"
"3804","CZ","51","desktop","0","5","189","38","26","9.93","5.81","1"
"1608","UA","41","desktop","0","2","190","95","16","9.11","6.13","1"
"43","HU","66","mobile","1","5","190","38","21","13.45","5.57","1"
"274","HU","37","mobile","0","3","191","64","17","13.1","5.12","1"
"4530","UA","58","mobile","0","5","191","38","23","9.54","6.0","1"
"4547","HU","70","desktop","1","7","191","27","26","11.47","5.58","1"
"3210","PL","32","desktop","0","3","192","64","26","11.14","6.08","1"
"950","UA","64","mobile","1","3","192","64","38","12.39","6.79","1"
"2211","UA","21","tablet","1","4","192","48","24","15.33","6.25","1"
"964","UA","37","mobile","0","5","192","38","27","11.67","5.41","1"
"445","PL","26","desktop","1","5","193","39","23","15.16","6.96","1"
"355","UA","18","desktop","1","5","193","39","22","11.2","6.18","0"
"2288","HU","26","desktop","0","3","193","64","13","10.52","6.0","1"
"5","SK","21","desktop","0","6","193","32","32","10.26","6.19","1"
"1881","PL","33","mobile","1","3","194","65","20","13.16","5.7","1"
"4814","UA","27","mobile","0","5","194","39","25","15.57","5.92","1"
"2881","UA","20","mobile","1","4","195","49","32","12.93","5.94","1"
"2019","UA","20","mobile","0","2","196","98","29","11.96","6.14","1"
"115","PL","55","mobile","0","3","197","66","31","11.25","6.1","0"
"3514","CZ","59","tablet","0","4","197","49","27","8.51","5.7","1"
"2948","SK","51","mobile","0","3","197","66","22","16.6","6.14","1"
"3105","PL","51","desktop","1","3","199","66","21","10.07","5.33","1"
"4963","PL","69","desktop","0","3","199","66","21","12.96","6.43","1"
"2764","UA","26","mobile","0","4","199","50","27","10.39","6.26","1"
"2983","SK","21","mobile","0","2","199","100","16","16.73","6.5","1"
"991","SK","47","mobile","0","4","199","50","16","15.74","6.38","1"
"3520","UA","36","desktop","0","5","200","40","20","13.01","6.95","1"
"565","UA","47","mobile","0","4","200","50","17","13.95","5.59","1"
"2886","UA","18","mobile","0","3","200","67","19","10.06","5.42","1"
"2788","SK","42","mobile","1","3","201","67","27","17.69","5.7","1"
"1803","SK","69","tablet","0","5","202","40","23","12.73","5.39","1"
"2635","PL","62","mobile","0","3","202","67","27","12.24","5.96","0"
"1737","UA","68","mobile","1","3","202","67","28","12.41","6.36","1"
"4007","SK","70","mobile","0","5","202","40","25","14.42","6.32","1"
"4403","UA","52","mobile","0","3","202","67","21","11.97","6.57","1"
"1867","UA","38","mobile","0","3","202","67","21","10.33","6.81","1"
"4309","UA","42","mobile","0","3","203","68","25","11.8","5.52","1"
"4233","UA","66","mobile","0","3","204","68","36","12.74","6.97","0"
"697","CZ","36","mobile","0","5","204","41","23","13.84","5.39","1"
"487","SK","67","mobile","0","4","204","51","23","14.32","5.39","1"
"4158","CZ","24","desktop","0","3","205","68","19","10.76","5.68","1"
"2034","UA","29","desktop","0","3","205","68","29","11.82","6.55","1"
"673","PL","19","desktop","0","4","205","51","22","14.23","5.86","1"
"834","PL","24","desktop","0","7","205","29","27","15.92","6.3","0"
"2759","UA","53","mobile","0","4","205","51","26","9.73","7.04","1"
"2149","UA","59","mobile","0","2","205","103","31","16.74","5.61","1"
"2115","UA","68","desktop","0","4","205","51","16","15.43","6.25","1"
"1474","PL","68","mobile","0","4","206","52","24","13.31","5.29","1"
"3856","UA","51","mobile","1","4","207","52","24","9.27","5.88","1"
"3709","UA","32","mobile","0","3","207","69","26","14.39","6.27","1"
"3562","SK","43","desktop","0","5","207","41","19","9.48","5.58","1"
"4811","SK","22","desktop","0","5","208","42","34","13.11","5.5","1"
"1901","UA","28","desktop","0","3","208","69","30","10.55","5.73","1"
"1268","CZ","18","tablet","1","3","208","69","25","11.32","6.2","0"
"968","PL","45","desktop","0","4","208","52","26","10.25","6.31","1"
"2361","UA","60","desktop","0","5","210","42","20","10.04","5.75","1"
"832","HU","57","desktop","0","3","210","70","24","14.99","5.42","1"
"4002","HU","38","tablet","0","3","211","70","25","14.31","5.24","1"
"833","PL","46","mobile","1","3","211","70","21","13.34","6.57","1"
"2731","SK","69","mobile","0","2","212","106","16","11.68","5.19","1"
"4616","PL","20","desktop","0","3","212","71","33","12.75","6.42","1"
"1301","UA","40","mobile","0","5","212","42","24","10.18","5.21","1"
"2995","PL","33","desktop","1","6","213","36","19","10.52","6.05","1"
"2894","UA","28","mobile","0","3","213","71","16","10.78","6.75","1"
"1470","UA","65","desktop","0","4","213","53","21","15.05","5.57","1"
"2658","UA","57","tablet","0","4","214","54","15","15.59","6.0","1"
"2119","UA","22","tablet","0","3","214","71","27","17.42","6.48","1"
"1166","CZ","70","desktop","0","3","215","72","26","19.12","6.27","0"
"3291","UA","34","tablet","1","4","215","54","24","10.9","5.92","0"
"1724","UA","38","desktop","1","3","215","72","20","12.39","6.4","0"
"4636","UA","30","tablet","0","4","215","54","17","15.71","5.65","1"
"4948","UA","39","desktop","0","5","216","43","25","13.66","5.28","1"
"306","UA","52","mobile","0","4","216","54","25","12.45","6.24","1"
"3887","UA","32","mobile","0","3","216","72","27","12.87","6.19","1"
"4016","HU","24","desktop","0","5","217","43","29","11.78","6.48","1"
"34","CZ","53","mobile","1","6","217","36","26","15.05","6.31","0"
"548","CZ","63","mobile","1","3","218","73","33","11.63","5.82","1"
"3096","UA","47","mobile","0","4","219","55","22","13.59","6.68","1"
"1385","CZ","36","mobile","0","4","219","55","35","13.26","6.11","1"
"3485","SK","38","mobile","1","4","219","55","26","8.67","6.96","1"
"275","PL","58","mobile","0","4","219","55","18","12.68","5.06","1"
"3841","UA","21","mobile","1","3","220","73","21","11.41","5.57","1"
"3648","HU","36","mobile","1","4","220","55","26","10.96","5.35","1"
"1377","UA","20","desktop","1","4","221","55","24","13.19","5.63","1"
"1646","PL","49","desktop","1","5","222","44","22","12.97","6.23","1"
"863","UA","69","mobile","0","6","222","37","27","14.48","5.0","0"
"4111","UA","25","mobile","0","5","223","45","28","11.61","6.11","1"
"3747","PL","45","mobile","0","3","223","74","19","10.33","5.89","1"
"2452","SK","30","mobile","0","4","224","56","25","13.96","6.0","0"
"281","UA","20","mobile","1","4","224","56","26","11.97","5.73","1"
"3712","PL","38","desktop","0","6","224","37","27","10.9","5.74","1"
"3698","HU","58","mobile","1","6","225","38","21","14.92","6.24","0"
"3813","CZ","45","desktop","0","5","226","45","17","14.81","5.35","1"
"193","SK","33","desktop","0","3","226","75","20","14.82","6.85","1"
"1207","CZ","34","desktop","0","6","226","38","17","9.82","5.41","1"
"4950","PL","40","mobile","0","4","227","57","20","8.3","6.25","1"
"4082","UA","62","mobile","0","3","227","76","25","11.09","6.16","1"
"3526","UA","23","desktop","1","5","227","45","28","13.43","5.79","0"
"3130","SK","54","desktop","0","4","227","57","26","12.35","6.15","0"
"3376","SK","25","desktop","1","5","227","45","30","15.51","6.73","1"
"3459","PL","36","desktop","1","3","228","76","22","13.2","6.41","1"
"1396","UA","58","desktop","0","4","228","57","27","11.42","5.41","1"
"799","UA","39","mobile","0","5","228","46","24","12.75","5.46","1"
"40","PL","21","mobile","0","4","229","57","28","11.81","5.46","1"
"141","UA","23","tablet","0","4","229","57","22","13.15","5.82","0"
"853","UA","20","mobile","0","5","229","46","17","11.15","6.35","1"
"1200","PL","62","mobile","0","3","229","76","27","12.13","6.7","1"
"272","UA","35","tablet","0","5","229","46","28","15.94","6.46","0"
"1127","UA","38","mobile","0","5","230","46","32","11.76","6.31","1"
"3400","HU","28","desktop","0","5","230","46","28","14.36","5.89","0"
"1283","SK","44","mobile","0","4","231","58","19","12.09","6.74","1"
"4252","SK","22","mobile","0","5","232","46","31","15.5","5.68","1"
"1230","SK","42","tablet","0","6","232","39","25","11.15","6.24","1"
"1036","SK","24","desktop","0","4","232","58","19","12.16","6.26","1"
"502","UA","40","tablet","0","4","232","58","25","12.84","6.4","0"
"4976","HU","66","mobile","0","4","233","58","23","12.51","6.43","0"
"1669","UA","22","mobile","0","2","233","117","26","9.04","7.12","1"
"4431","SK","23","desktop","1","5","233","47","29","14.94","5.66","1"
"3536","UA","53","tablet","0","4","233","58","26","11.03","5.54","1"
"4001","SK","51","mobile","0","5","233","47","27","14.49","6.26","1"
"1405","HU","37","mobile","0","3","233","78","31","11.88","5.48","1"
"2437","PL","37","desktop","0","5","234","47","30","15.28","5.37","1"
"4816","UA","42","mobile","0","6","234","39","31","14.32","6.16","0"
"3827","CZ","44","mobile","0","4","234","59","31","13.2","5.81","0"
"3293","PL","67","desktop","0","3","234","78","36","10.22","6.36","1"
"586","UA","45","desktop","0","6","234","39","24","10.52","6.21","0"
"4166","UA","55","desktop","1","5","235","47","33","16.47","6.3","0"
"777","UA","43","mobile","0","4","235","59","24","11.05","5.71","1"
"4163","HU","51","mobile","0","6","236","39","19","14.08","5.68","1"
"2739","UA","46","tablet","1","4","237","59","25","11.78","6.08","1"
"1000","PL","62","desktop","0","4","237","59","20","13.0","6.3","1"
"3716","HU","28","desktop","1","3","237","79","17","12.45","6.88","1"
"4981","UA","26","mobile","0","6","238","40","26","8.75","5.77","1"
"2466","UA","27","mobile","0","4","238","60","24","12.05","5.79","1"
"3636","SK","53","mobile","1","6","238","40","21","12.6","5.48","1"
"4479","PL","25","mobile","0","4","238","60","29","16.91","5.9","1"
"1102","PL","70","mobile","1","4","239","60","25","10.64","5.32","1"
"1695","UA","64","mobile","1","3","239","80","24","15.02","6.21","1"
"2873","SK","24","mobile","1","6","239","40","28","11.88","5.64","1"
"2481","SK","58","desktop","1","3","239","80","33","13.75","5.52","1"
"3454","SK","68","tablet","1","3","239","80","25","8.16","6.6","1"
"2981","SK","33","mobile","1","4","240","60","26","10.46","6.19","1"
"1074","UA","48","mobile","0","5","240","48","24","9.67","6.42","0"
"4686","HU","19","mobile","0","4","240","60","21","14.87","5.67","1"
"1812","HU","33","mobile","0","5","241","48","33","18.07","5.33","1"
"4808","UA","35","mobile","0","3","241","80","25","15.21","6.56","1"
"4241","PL","69","desktop","1","6","243","41","29","11.53","6.24","0"
"1682","PL","20","desktop","0","3","244","81","19","13.42","6.26","0"
"1825","HU","39","desktop","0","3","244","81","23","12.17","6.0","1"
"3074","PL","31","mobile","1","4","245","61","28","15.31","5.39","1"
"1844","CZ","35","mobile","1","4","245","61","24","8.94","6.13","1"
"1119","SK","30","desktop","0","3","245","82","22","9.86","6.09","1"
"4449","SK","18","desktop","1","4","245","61","22","12.1","6.5","0"
"1279","HU","62","mobile","0","4","245","61","23","15.76","5.74","1"
"3264","SK","40","desktop","0","6","245","41","20","12.98","5.15","1"
"4125","UA","19","mobile","1","5","245","49","24","10.5","6.33","1"
"528","HU","56","mobile","0","5","246","49","26","12.86","5.96","0"
"1390","CZ","44","desktop","0","5","246","49","32","11.33","5.88","0"
"4557","PL","41","tablet","1","4","246","62","37","12.45","6.32","1"
"2252","UA","64","tablet","1","6","246","41","30","11.06","6.03","0"
"4796","PL","61","desktop","0","5","246","49","25","11.1","6.28","1"
"3891","PL","54","desktop","1","4","247","62","23","11.12","5.87","1"
"3408","UA","61","desktop","0","5","247","49","24","12.05","5.83","1"
"1087","SK","55","tablet","1","4","248","62","17","14.24","6.0","0"
"4899","UA","22","desktop","0","3","248","83","19","12.14","6.63","1"
"3409","CZ","50","mobile","0","4","249","62","28","11.37","5.43","1"
"3538","UA","38","desktop","0","4","249","62","15","11.87","6.6","1"
"4860","UA","42","mobile","0","3","249","83","27","9.77","5.19","1"
"2878","CZ","25","mobile","0","4","249","62","19","12.03","5.74","1"
"255","UA","37","mobile","0","6","249","42","23","16.97","5.61","0"
"3557","PL","41","mobile","0","5","249","50","28","14.04","6.11","1"
"146","UA","34","desktop","0","5","249","50","24","11.2","5.67","1"
"2108","UA","19","mobile","0","4","249","62","25","14.66","6.88","1"
"4298","UA","62","mobile","0","4","249","62","18","12.73","6.39","0"
"4426","SK","29","desktop","0","6","250","42","13","12.76","6.15","0"
"854","SK","62","desktop","0","6","250","42","30","12.14","6.3","1"
"1035","HU","67","mobile","0","4","251","63","27","10.23","6.04","1"
"2360","SK","50","desktop","0","4","251","63","17","16.33","6.18","0"
"3503","UA","34","mobile","0","3","251","84","35","11.47","6.09","1"
"4169","CZ","51","tablet","1","2","252","126","18","13.56","7.17","0"
"1146","SK","30","mobile","0","6","253","42","31","11.12","6.26","0"
"1356","HU","57","mobile","0","5","253","51","24","12.05","6.38","1"
"1436","PL","23","mobile","0","4","253","63","21","14.45","5.86","0"
"4367","UA","45","mobile","0","5","253","51","29","13.39","5.14","1"
"583","SK","64","mobile","0","3","254","85","24","9.5","5.5","1"
"4040","SK","42","desktop","1","5","254","51","16","13.23","5.38","1"
"25","SK","32","mobile","0","5","255","51","21","12.06","6.14","0"
"582","UA","56","mobile","0","4","255","64","22","12.15","6.18","1"
"1783","UA","33","tablet","0","6","255","43","21","15.61","5.71","1"
"728","PL","34","mobile","0","3","256","85","38","14.08","6.37","1"
"3188","UA","30","mobile","0","4","256","64","27","12.23","6.44","0"
"3435","SK","29","desktop","0","3","256","85","22","13.64","5.77","0"
"2789","CZ","30","mobile","0","4","256","64","32","16.88","5.31","1"
"1431","UA","63","mobile","0","4","256","64","22","13.23","5.73","0"
"1943","SK","30","mobile","0","5","257","51","35","11.71","5.8","0"
"3586","UA","69","tablet","0","6","257","43","26","9.65","5.42","1"
"3616","PL","54","desktop","0","5","257","51","15","11.66","6.07","1"
"4058","UA","34","desktop","0","5","257","51","16","15.31","6.81","1"
"2593","PL","40","desktop","1","4","257","64","28","15.86","5.64","1"
"2913","UA","31","desktop","0","4","257","64","31","12.95","6.0","1"
"982","CZ","61","desktop","0","4","258","65","23","18.34","5.61","1"
"478","CZ","55","mobile","0","5","258","52","31","14.74","6.03","1"
"3742","PL","29","mobile","0","5","258","52","19","12.5","6.11","0"
"2722","UA","26","desktop","0","4","259","65","18","12.71","5.28","1"
"1829","UA","53","desktop","1","5","259","52","29","11.07","6.24","1"
"554","UA","34","desktop","1","5","259","52","26","17.2","5.65","0"
"1658","PL","20","mobile","1","4","260","65","22","16.1","6.09","1"
"2292","UA","36","mobile","0","5","260","52","25","11.28","5.44","1"
"2003","PL","23","mobile","0","5","260","52","26","12.34","6.62","1"
"4561","CZ","18","desktop","0","3","260","87","24","13.57","6.88","0"
"348","PL","62","mobile","0","5","261","52","36","11.36","5.81","1"
"1032","SK","63","desktop","0","5","262","52","27","15.45","6.19","1"
"880","UA","53","desktop","1","3","262","87","17","10.55","6.18","1"
"3581","UA","56","mobile","0","5","262","52","30","12.78","5.5","1"
"4450","CZ","33","tablet","0","6","264","44","23","9.82","5.57","1"
"2592","UA","23","desktop","1","7","264","38","33","14.34","5.61","0"
"4312","CZ","46","desktop","0","5","264","53","32","12.23","5.88","0"
"372","UA","52","desktop","0","3","264","88","30","11.33","5.7","1"
"1037","UA","61","mobile","0","4","264","66","23","13.8","5.7","1"
"1584","UA","49","desktop","0","5","264","53","16","12.64","6.06","1"
"3195","PL","32","mobile","0","4","264","66","27","14.5","5.59","1"
"4998","UA","19","mobile","1","3","266","89","21","6.5","5.86","1"
"323","UA","58","tablet","0","6","266","44","28","12.75","5.36","1"
"2633","UA","57","desktop","1","5","266","53","26","12.02","6.69","1"
"4413","HU","68","tablet","0","5","266","53","20","15.7","5.9","1"
"4692","UA","52","desktop","1","5","266","53","19","12.23","6.11","1"
"2383","HU","21","mobile","1","6","266","44","20","11.82","6.05","0"
"2532","CZ","64","mobile","0","5","267","53","33","10.88","6.06","1"
"1305","CZ","55","desktop","0","5","267","53","26","11.6","6.31","1"
"3377","UA","46","desktop","0","5","267","53","18","11.22","6.83","1"
"2827","UA","35","mobile","1","5","267","53","24","14.45","6.46","1"
"4442","UA","55","desktop","0","5","267","53","25","9.81","6.68","1"
"1276","SK","32","desktop","1","6","268","45","21","10.72","6.05","1"
"3727","HU","44","mobile","0","5","268","54","17","16.99","5.53","1"
"2880","UA","52","mobile","0","4","268","67","33","16.58","5.76","0"
"3041","UA","35","desktop","0","3","269","90","31","16.27","5.81","0"
"4412","SK","20","mobile","1","4","269","67","27","15.03","5.44","1"
"4261","CZ","30","mobile","0","6","269","45","28","14.5","6.0","1"
"1861","CZ","21","desktop","1","3","270","90","11","23.67","5.55","1"
"1873","UA","19","mobile","0","3","270","90","19","12.19","5.79","1"
"1392","UA","66","desktop","1","5","271","54","23","8.95","5.74","1"
"3672","PL","45","mobile","0","6","271","45","22","11.6","5.68","1"
"724","PL","62","mobile","0","5","271","54","26","14.03","5.12","1"
"1793","HU","53","mobile","0","3","272","91","20","16.02","6.05","1"
"2753","CZ","70","mobile","1","5","272","54","28","10.54","6.39","0"
"4335","HU","35","mobile","0","6","272","45","24","8.55","5.5","1"
"3140","PL","43","desktop","0","4","272","68","15","11.58","5.87","1"
"3478","UA","20","mobile","0","4","272","68","27","15.01","6.19","1"
"1586","CZ","30","desktop","0","6","273","46","17","8.11","5.35","1"
"1078","UA","40","mobile","1","4","273","68","31","13.38","5.84","1"
"626","UA","24","mobile","0","5","274","55","24","11.16","5.71","1"
"4676","UA","38","desktop","0","4","274","69","19","10.52","5.32","1"
"3496","PL","55","mobile","0","5","275","55","26","13.58","5.54","0"
"1155","PL","31","mobile","0","5","275","55","27","11.76","6.63","1"
"352","UA","26","desktop","0","5","275","55","16","9.76","6.75","1"
"2737","UA","64","desktop","1","5","275","55","22","12.48","6.27","0"
"562","UA","47","mobile","0","6","276","46","18","10.46","7.39","1"
"1414","UA","19","desktop","0","7","276","39","23","14.64","6.17","0"
"1284","UA","29","mobile","0","4","276","69","28","17.76","6.14","1"
"2117","CZ","20","desktop","1","5","277","55","25","8.98","5.84","0"
"2856","UA","45","tablet","0","4","277","69","31","12.49","6.42","0"
"1934","UA","37","mobile","1","5","277","55","30","13.73","7.07","1"
"3171","UA","23","mobile","1","6","277","46","21","10.0","6.05","1"
"3944","PL","69","desktop","0","6","277","46","29","12.72","5.76","1"
"4719","UA","62","mobile","0","8","278","35","20","12.85","6.45","0"
"1126","PL","44","mobile","1","6","278","46","24","13.42","6.75","1"
"821","PL","38","desktop","1","5","278","56","29","14.24","6.14","1"
"2041","UA","63","mobile","0","5","278","56","22","12.41","6.27","1"
"1055","UA","40","desktop","0","4","278","70","22","11.06","5.45","1"
"4801","UA","58","mobile","1","4","279","70","21","10.89","5.86","1"
"1875","UA","27","desktop","0","5","279","56","30","10.0","6.0","1"
"1991","UA","41","tablet","1","3","279","93","17","11.85","5.94","1"
"643","HU","42","tablet","0","5","279","56","20","11.93","6.1","0"
"3057","PL","24","desktop","0","6","279","47","27","15.5","5.89","0"
"2392","CZ","59","mobile","0","4","279","70","19","14.01","6.0","0"
"2999","PL","57","desktop","0","5","279","56","12","10.89","6.5","1"
"785","CZ","55","mobile","0","3","279","93","19","11.18","6.11","1"
"339","CZ","39","desktop","0","5","280","56","11","13.61","5.09","1"
"2542","HU","70","mobile","1","5","280","56","19","19.63","5.32","1"
"1674","SK","39","mobile","1","5","280","56","29","8.38","6.9","0"
"2104","SK","70","desktop","0","6","280","47","21","13.83","6.81","0"
"2551","UA","68","desktop","0","4","280","70","29","17.73","6.62","0"
"4830","HU","66","desktop","0","4","281","70","22","10.1","5.64","1"
"1924","PL","29","desktop","0","6","282","47","34","15.39","5.71","1"
"3347","HU","50","mobile","0","4","282","71","27","14.55","6.52","1"
"3915","UA","19","mobile","0","5","282","56","24","15.39","5.63","1"
"36","UA","46","mobile","0","6","282","47","34","14.12","6.44","1"
"1629","UA","22","mobile","0","4","282","71","21","10.37","6.76","1"
"3941","PL","34","mobile","0","5","282","56","18","10.83","6.5","1"
"2039","UA","31","mobile","0","6","283","47","23","14.66","6.04","1"
"4746","PL","31","mobile","0","3","283","94","20","12.92","5.85","1"
"2691","HU","36","desktop","0","6","284","47","16","8.86","6.31","1"
"1905","HU","64","desktop","0","5","284","57","18","19.29","6.22","1"
"1304","UA","67","desktop","0","6","284","47","28","15.15","5.29","0"
"856","SK","52","desktop","0","4","284","71","23","11.18","6.52","1"
"4884","CZ","64","desktop","1","5","284","57","21","21.13","6.67","1"
"2904","UA","65","mobile","0","5","284","57","23","11.43","7.22","1"
"4391","PL","56","mobile","0","5","284","57","27","10.8","5.26","1"
"4932","PL","44","mobile","0","7","285","41","25","10.16","6.2","1"
"1759","CZ","25","mobile","0","5","285","57","23","18.32","7.04","1"
"656","UA","31","desktop","1","4","285","71","24","14.09","7.0","0"
"2300","PL","35","mobile","1","4","286","72","28","12.22","6.11","0"
"2244","HU","46","mobile","1","5","286","57","25","11.23","5.76","1"
"3273","UA","60","mobile","1","5","286","57","27","13.33","6.19","0"
"2544","CZ","63","mobile","1","7","286","41","21","20.0","6.43","0"
"1746","UA","64","desktop","0","4","286","72","18","8.54","6.17","1"
"2569","PL","52","mobile","0","3","286","95","20","8.44","5.3","1"
"2642","UA","45","desktop","0","6","287","48","24","21.72","5.5","0"
"4512","UA","44","desktop","1","7","287","41","25","9.92","6.08","0"
"326","CZ","46","desktop","0","5","287","57","23","11.43","6.35","1"
"1056","SK","57","mobile","0","6","287","48","28","11.06","5.61","1"
"104","UA","49","mobile","1","7","288","41","15","10.53","5.6","1"
"1389","UA","20","tablet","0","5","288","58","26","11.42","5.62","1"
"885","PL","20","mobile","0","3","288","96","19","8.95","6.37","1"
"4249","UA","52","mobile","0","4","288","72","29","10.23","6.72","1"
"831","UA","63","desktop","0","5","288","58","29","12.14","5.97","0"
"429","SK","44","mobile","1","5","288","58","22","17.76","5.64","1"
"3388","UA","43","mobile","1","5","288","58","16","8.29","6.38","1"
"2599","UA","49","mobile","1","5","288","58","18","15.48","6.0","0"
"2531","PL","67","desktop","1","4","289","72","24","12.35","6.17","0"
"4429","PL","66","mobile","0","7","289","41","18","10.6","5.94","0"
"971","CZ","30","mobile","0","6","289","48","23","10.64","5.13","1"
"1607","SK","25","mobile","0","6","289","48","25","14.9","6.72","1"
"3564","PL","55","desktop","0","4","289","72","20","9.18","5.25","1"
"2064","CZ","45","mobile","1","3","290","97","23","14.04","6.0","1"
"344","SK","62","mobile","0","6","290","48","24","11.85","5.58","1"
"3789","UA","33","tablet","0","5","290","58","17","16.33","6.41","1"
"1423","UA","38","mobile","0","5","290","58","45","15.2","5.56","1"
"976","SK","55","mobile","0","5","291","58","24","14.09","6.0","0"
"3348","SK","59","mobile","0","5","291","58","40","12.28","5.88","1"
"3305","CZ","34","mobile","0","5","291","58","25","9.68","6.6","1"
"1871","CZ","70","desktop","0","6","291","49","17","19.19","6.53","1"
"4362","UA","64","desktop","0","5","291","58","30","12.46","5.97","1"
"4587","UA","57","mobile","1","5","292","58","18","17.51","5.94","1"
"2478","PL","63","tablet","1","5","292","58","22","13.0","6.14","0"
"4876","UA","46","mobile","0","5","292","58","19","10.29","6.42","1"
"3056","CZ","20","mobile","1","6","293","49","27","16.21","5.78","0"
"4005","CZ","23","desktop","0","5","293","59","23","17.46","6.17","0"
"1475","PL","47","desktop","0","5","293","59","31","12.81","6.52","1"
"3001","UA","22","desktop","0","3","293","98","27","9.12","6.41","1"
"4794","UA","30","mobile","0","3","293","98","26","17.69","6.0","1"
"2055","SK","57","desktop","0","6","293","49","25","11.53","6.08","0"
"2650","UA","23","mobile","0","3","294","98","29","8.41","6.38","1"
"1006","UA","41","desktop","0","4","294","74","22","12.39","5.86","1"
"4014","PL","36","tablet","0","5","294","59","17","9.06","7.35","1"
"4540","SK","27","mobile","1","4","294","74","31","13.33","4.97","0"
"98","CZ","27","mobile","0","7","294","42","28","9.96","6.11","0"
"1182","UA","52","desktop","0","5","294","59","32","13.71","5.5","1"
"1163","UA","55","desktop","1","3","294","98","26","12.88","5.85","0"
"398","UA","64","desktop","0","6","294","49","29","12.26","5.45","1"
"1031","HU","36","desktop","0","6","294","49","21","14.5","6.38","0"
"1240","UA","46","mobile","1","4","294","74","22","16.29","6.0","1"
"2707","SK","60","mobile","0","6","295","49","10","17.28","6.2","1"
"2933","CZ","32","mobile","0","6","295","49","24","11.92","6.33","0"
"3309","UA","37","mobile","0","2","295","148","18","13.58","5.5","1"
"2082","PL","22","mobile","0","4","295","74","25","10.51","5.36","1"
"1121","PL","49","desktop","0","4","295","74","31","14.08","5.97","1"
"3559","UA","24","mobile","0","7","295","42","23","16.04","5.57","1"
"2189","HU","64","mobile","0","4","296","74","23","13.2","5.65","1"
"2480","HU","31","desktop","0","6","296","49","25","13.33","6.44","0"
"4377","CZ","46","mobile","1","6","296","49","27","11.93","5.59","1"
"892","CZ","21","mobile","1","4","296","74","25","12.37","6.52","1"
"695","UA","46","mobile","0","7","296","42","19","13.02","5.68","0"
"3697","HU","30","desktop","0","4","296","74","24","11.18","5.88","1"
"4402","UA","52","mobile","0","5","297","59","25","12.07","5.2","1"
"640","PL","49","desktop","1","5","297","59","26","11.15","6.15","0"
"1947","UA","54","mobile","0","4","297","74","24","10.35","5.58","1"
"810","SK","37","desktop","0","5","298","60","22","11.27","5.18","1"
"2758","PL","30","desktop","1","4","298","75","19","13.75","6.68","1"
"4658","PL","53","desktop","1","4","298","75","25","15.94","5.12","1"
"1614","PL","62","desktop","0","8","298","37","28","11.48","5.29","1"
"723","PL","65","mobile","0","5","298","60","21","16.4","6.05","1"
"4913","UA","43","mobile","1","4","299","75","30","12.95","5.77","1"
"173","UA","41","mobile","0","4","299","75","22","16.27","6.73","1"
"45","PL","70","desktop","0","7","299","43","21","16.93","5.95","0"
"486","CZ","38","desktop","1","5","299","60","15","17.39","6.53","0"
"1328","SK","45","tablet","0","6","299","50","32","12.8","5.84","0"
"1315","PL","41","mobile","0","6","299","50","25","15.3","5.48","0"
"1900","SK","50","mobile","0","5","299","60","23","13.19","6.04","0"
"3748","UA","26","mobile","0","6","300","50","19","16.49","6.16","0"
"2060","HU","70","desktop","0","5","300","60","30","14.45","6.47","1"
"39","UA","59","mobile","0","5","300","60","26","10.25","5.96","0"
"2508","UA","63","mobile","0","6","300","50","19","15.3","6.26","1"
"3957","PL","66","mobile","1","5","300","60","16","10.03","5.69","1"
"1634","UA","60","desktop","1","5","300","60","22","13.67","6.09","0"
"4067","UA","49","mobile","0","5","300","60","27","11.9","5.85","0"
"2550","UA","18","tablet","1","5","300","60","18","15.22","4.94","1"
"953","UA","63","desktop","0","4","301","75","27","14.95","6.78","1"
"1467","CZ","46","mobile","0","5","301","60","17","15.06","5.82","1"
"4597","SK","32","tablet","0","4","301","75","23","13.99","6.39","1"
"4485","UA","26","mobile","0","6","301","50","25","19.29","5.6","1"
"1371","UA","48","mobile","1","6","301","50","24","11.16","6.08","0"
"2183","UA","45","desktop","0","4","301","75","19","15.53","5.16","1"
"4766","CZ","25","mobile","1","4","302","76","25","15.5","6.52","1"
"1894","HU","43","mobile","0","4","302","76","30","13.37","6.63","1"
"1736","SK","66","mobile","0","6","302","50","30","12.21","5.87","0"
"1589","CZ","54","mobile","0","6","302","50","23","8.8","7.3","1"
"2324","UA","29","desktop","1","7","303","43","26","11.64","5.96","1"
"915","UA","21","mobile","0","3","303","101","24","11.06","5.75","1"
"3976","CZ","22","mobile","0","5","303","61","21","12.66","6.57","1"
"1326","HU","36","tablet","0","6","303","51","19","11.78","5.32","1"
"4188","UA","34","mobile","0","6","303","51","34","9.53","5.85","0"
"1298","PL","38","mobile","0","3","304","101","25","11.94","5.8","1"
"607","CZ","51","desktop","0","6","304","51","21","10.18","5.71","1"
"3925","PL","27","mobile","0","7","304","43","21","16.04","6.05","0"
"2738","UA","19","desktop","1","3","304","101","21","11.8","5.81","1"
"3328","UA","44","mobile","0","5","304","61","30","10.62","6.63","1"
"4544","HU","20","desktop","0","5","305","61","20","9.77","6.55","1"
"222","PL","28","mobile","0","7","305","44","23","14.5","6.09","1"
"3116","PL","32","desktop","1","5","305","61","21","8.99","6.43","1"
"2834","UA","62","desktop","0","6","305","51","20","6.8","5.7","1"
"2226","UA","64","mobile","1","5","305","61","26","14.48","6.04","1"
"3787","CZ","48","desktop","0","4","305","76","32","12.35","6.09","1"
"4760","UA","21","mobile","1","4","305","76","23","10.57","6.04","0"
"1966","UA","43","mobile","0","6","306","51","32","13.09","6.09","0"
"4136","CZ","41","mobile","0","7","306","44","19","13.31","5.89","1"
"2846","UA","23","desktop","1","4","307","77","23","16.17","6.13","1"
"1484","SK","45","mobile","0","5","307","61","20","12.62","6.4","0"
"4970","PL","52","mobile","0","4","307","77","33","10.26","5.82","0"
"2427","PL","23","desktop","0","6","307","51","24","17.0","6.46","0"
"4819","CZ","47","mobile","0","8","307","38","19","11.28","6.74","1"
"1307","SK","62","desktop","0","7","307","44","30","15.37","5.43","0"
"3391","HU","24","mobile","0","8","308","39","20","10.97","5.85","0"
"3296","PL","57","desktop","1","5","308","62","26","14.75","5.69","1"
"1422","HU","39","tablet","0","3","308","103","22","13.87","6.18","1"
"1683","UA","26","tablet","0","4","308","77","31","9.18","5.32","1"
"423","PL","30","mobile","0","6","309","52","20","11.7","5.75","1"
"1888","CZ","41","mobile","0","5","309","62","25","13.07","5.76","1"
"2356","CZ","26","desktop","0","6","309","52","26","13.71","5.73","0"
"116","UA","66","desktop","0","5","310","62","29","18.97","5.48","1"
"4959","UA","27","desktop","0","5","310","62","20","9.68","6.3","1"
"2908","UA","20","mobile","0","6","310","52","25","11.76","6.56","1"
"3313","UA","34","mobile","1","5","311","62","25","11.9","6.16","1"
"512","UA","22","desktop","0","4","311","78","31","13.21","6.32","1"
"4186","HU","46","mobile","1","4","311","78","26","13.17","5.54","1"
"3053","UA","47","desktop","0","4","311","78","27","10.44","6.22","0"
"530","SK","58","mobile","0","5","312","62","23","14.39","6.26","1"
"889","SK","27","mobile","0","6","312","52","30","16.93","5.7","1"
"4705","HU","29","desktop","0","4","312","78","20","9.52","5.65","1"
"3888","CZ","40","mobile","0","5","312","62","26","14.29","6.5","1"
"1041","CZ","55","mobile","0","5","312","62","27","9.22","5.41","1"
"3632","CZ","66","mobile","0","4","313","78","24","14.71","6.21","1"
"4176","CZ","67","mobile","0","4","314","79","25","10.76","6.08","0"
"4174","UA","67","mobile","1","8","314","39","27","15.13","5.67","0"
"1080","UA","19","desktop","0","4","314","79","30","14.43","6.17","0"
"2388","UA","39","desktop","1","3","314","105","22","12.45","6.18","1"
"1291","PL","56","mobile","1","5","314","63","28","15.33","5.86","0"
"2479","UA","65","desktop","0","4","314","79","30","11.85","6.13","1"
"4549","CZ","35","mobile","1","5","315","63","21","13.68","6.33","1"
"954","HU","31","tablet","0","7","315","45","21","13.34","5.95","0"
"224","UA","44","mobile","0","7","315","45","25","16.65","6.96","0"
"1691","CZ","26","desktop","1","7","315","45","20","9.44","5.95","1"
"2330","PL","24","mobile","0","4","317","79","26","16.77","6.38","1"
"2349","UA","50","mobile","0","5","317","63","25","14.21","6.16","0"
"2663","UA","41","mobile","0","8","317","40","24","16.45","6.04","0"
"2647","UA","42","mobile","0","6","317","53","19","12.65","5.05","1"
"3749","CZ","29","mobile","0","5","317","63","21","10.34","6.1","1"
"3311","PL","62","desktop","0","7","317","45","25","16.66","6.32","0"
"316","UA","44","mobile","1","6","317","53","18","14.83","5.56","1"
"3189","UA","24","mobile","1","4","317","79","27","9.14","5.59","1"
"57","PL","24","mobile","0","5","318","64","31","16.58","6.45","1"
"610","PL","64","mobile","0","7","318","45","30","16.52","5.27","0"
"42","UA","51","tablet","0","6","318","53","29","11.55","5.97","0"
"2617","UA","57","desktop","0","4","318","80","28","9.15","6.64","1"
"3243","CZ","68","mobile","0","5","318","64","19","12.35","5.58","1"
"462","UA","30","mobile","0","8","318","40","27","9.65","5.41","1"
"2136","SK","30","mobile","0","4","318","80","26","11.38","5.27","1"
"1866","CZ","52","mobile","1","5","318","64","25","12.58","5.64","1"
"120","UA","53","mobile","0","6","319","53","33","11.9","6.52","0"
"2692","CZ","50","desktop","0","6","319","53","25","14.01","5.52","1"
"175","UA","36","desktop","1","6","319","53","28","12.37","6.04","1"
"2474","SK","29","desktop","0","4","319","80","27","14.21","5.59","1"
"3662","CZ","30","desktop","0","5","319","64","23","14.91","5.74","1"
"1564","CZ","64","mobile","1","4","319","80","24","9.0","5.46","1"
"2863","UA","65","desktop","0","6","319","53","19","9.85","6.11","1"
"75","SK","30","desktop","0","4","319","80","26","11.12","5.85","1"
"508","CZ","62","mobile","0","5","319","64","32","11.68","6.09","1"
"3798","PL","20","desktop","1","4","319","80","28","14.95","6.14","1"
"2168","UA","28","mobile","0","5","319","64","23","8.36","5.96","1"
"4768","UA","51","mobile","0","4","320","80","26","11.18","5.08","1"
"4585","PL","53","mobile","0","5","320","64","19","9.62","5.32","1"
"4128","PL","39","mobile","0","5","321","64","26","16.79","7.12","1"
"3321","SK","37","mobile","0","7","321","46","29","13.04","5.93","0"
"1752","CZ","21","mobile","1","7","321","46","20","10.91","6.35","1"
"2803","UA","64","mobile","0","5","322","64","21","16.34","5.48","1"
"4337","UA","50","desktop","0","3","322","107","22","11.28","6.32","1"
"177","UA","50","desktop","1","4","322","81","34","14.86","5.44","1"
"4962","PL","32","desktop","0","6","323","54","28","15.77","5.11","1"
"4468","UA","25","mobile","0","6","323","54","26","10.61","6.12","1"
"2608","CZ","56","mobile","0","6","323","54","18","16.0","5.83","1"
"1263","SK","47","desktop","0","4","323","81","16","8.75","5.31","1"
"2015","HU","53","desktop","1","6","323","54","22","13.27","6.64","0"
"4786","PL","26","mobile","0","6","323","54","22","15.71","6.14","1"
"1448","CZ","52","mobile","0","4","323","81","24","13.29","6.92","0"
"4229","SK","23","mobile","1","4","324","81","19","14.59","5.89","1"
"3623","UA","63","desktop","0","6","324","54","25","13.0","6.48","0"
"895","PL","60","mobile","0","7","324","46","27","12.08","5.93","0"
"385","PL","45","desktop","0","6","325","54","17","15.24","5.88","0"
"866","UA","68","desktop","0","3","325","108","16","11.0","4.69","1"
"3042","UA","30","desktop","0","6","326","54","25","12.63","6.12","1"
"682","CZ","32","mobile","0","6","326","54","27","13.48","6.33","1"
"1294","SK","34","mobile","0","4","326","82","21","10.3","6.0","1"
"3004","SK","26","mobile","1","4","327","82","28","14.72","6.07","1"
"3181","UA","35","mobile","1","5","327","65","22","11.75","5.73","1"
"1676","SK","37","tablet","1","8","327","41","25","14.32","6.04","0"
"2144","PL","60","tablet","0","8","328","41","25","13.9","5.8","0"
"4231","UA","53","mobile","0","6","328","55","25","11.74","6.32","1"
"1662","HU","34","desktop","0","6","328","55","25","12.72","6.36","1"
"1459","UA","25","tablet","0","7","328","47","33","12.31","5.88","0"
"944","PL","32","mobile","1","5","328","66","24","12.63","5.42","0"
"1159","PL","25","desktop","1","6","328","55","24","17.08","5.79","0"
"4032","UA","24","desktop","0","4","328","82","22","14.6","5.59","1"
"4852","UA","47","mobile","0","4","328","82","29","11.67","6.14","1"
"4882","UA","36","desktop","0","6","328","55","26","14.75","5.81","0"
"2476","UA","34","desktop","0","8","329","41","23","13.58","6.17","0"
"774","SK","67","mobile","1","4","329","82","28","15.1","6.07","0"
"4330","PL","27","desktop","0","5","329","66","22","13.22","6.05","1"
"2959","UA","55","mobile","0","5","329","66","24","11.15","5.75","1"
"2233","UA","31","desktop","0","6","329","55","25","17.89","5.84","1"
"4693","UA","56","mobile","1","6","329","55","24","13.96","6.79","1"
"4083","CZ","18","mobile","1","7","329","47","35","12.24","6.57","1"
"4510","CZ","50","desktop","0","6","330","55","17","12.83","5.53","1"
"2965","UA","54","mobile","0","8","330","41","23","12.37","6.61","0"
"966","SK","55","desktop","0","4","330","83","22","11.23","5.77","1"
"3201","CZ","50","mobile","0","6","331","55","26","10.87","6.08","0"
"145","SK","20","mobile","0","8","331","41","22","8.67","6.23","1"
"4699","CZ","58","desktop","0","6","331","55","11","13.62","5.45","1"
"4499","SK","58","mobile","0","5","331","66","29","9.57","6.0","0"
"3462","CZ","44","desktop","1","7","331","47","21","16.13","6.81","0"
"3641","UA","42","desktop","0","6","331","55","22","14.07","5.82","0"
"3699","SK","70","mobile","0","5","331","66","23","11.27","6.0","0"
"1948","UA","33","mobile","1","6","332","55","14","16.52","5.64","1"
"4579","SK","18","mobile","0","6","332","55","26","11.44","6.69","1"
"1979","CZ","44","desktop","1","8","332","42","27","14.5","6.07","0"
"653","PL","68","mobile","0","6","332","55","27","15.48","5.48","0"
"599","UA","59","mobile","0","6","332","55","22","14.48","6.45","0"
"4088","CZ","39","desktop","1","5","332","66","22","14.49","5.41","0"
"1678","CZ","65","mobile","0","5","332","66","32","9.48","6.53","0"
"3832","CZ","56","mobile","0","7","333","48","18","18.22","4.56","1"
"1103","SK","51","mobile","0","5","333","67","27","9.37","6.52","1"
"440","UA","56","mobile","0","5","333","67","17","11.51","5.76","1"
"4137","SK","42","mobile","0","5","333","67","24","16.69","5.58","1"
"1375","CZ","42","mobile","1","5","334","67","18","13.14","6.0","1"
"1973","UA","56","mobile","0","5","334","67","15","12.1","5.93","1"
"552","HU","40","mobile","0","4","334","84","20","12.65","5.6","1"
"4885","UA","33","mobile","0","5","335","67","26","12.88","5.73","0"
"3222","CZ","48","desktop","0","5","335","67","16","14.27","6.56","1"
"4785","HU","47","desktop","0","4","335","84","27","12.66","5.89","1"
"535","UA","29","mobile","0","6","335","56","23","19.87","6.22","1"
"1408","UA","21","tablet","1","4","335","84","19","15.33","6.26","0"
"4218","PL","52","mobile","0","5","335","67","26","14.54","6.65","1"
"1047","UA","54","desktop","0","6","335","56","28","10.45","5.61","1"
"125","SK","57","mobile","0","4","335","84","24","13.87","6.33","0"
"2611","SK","62","tablet","0","6","336","56","23","11.0","6.22","0"
"235","UA","65","mobile","0","6","336","56","27","12.59","6.37","1"
"2941","UA","49","desktop","1","6","336","56","14","11.41","5.43","1"
"1157","UA","21","mobile","1","7","336","48","19","15.02","6.0","1"
"957","PL","67","desktop","1","6","336","56","25","12.58","6.0","0"
"3277","UA","62","desktop","0","6","336","56","25","20.1","5.6","0"
"3780","CZ","22","desktop","0","4","336","84","29","16.17","6.48","1"
"3786","UA","21","tablet","0","4","337","84","29","11.31","6.34","1"
"3219","UA","24","mobile","0","4","337","84","33","16.61","7.12","1"
"3824","UA","43","mobile","0","4","337","84","33","10.88","6.0","1"
"3738","PL","70","mobile","0","6","337","56","21","11.37","6.29","1"
"1830","PL","26","mobile","1","5","338","68","28","19.35","5.11","0"
"2607","CZ","38","mobile","0","5","338","68","34","11.92","5.79","1"
"4246","PL","64","desktop","0","6","338","56","23","10.43","6.39","0"
"2697","PL","35","desktop","0","8","338","42","22","12.05","6.23","0"
"3303","SK","27","desktop","1","5","338","68","22","12.01","6.82","1"
"1017","HU","32","mobile","1","6","338","56","22","14.2","5.91","0"
"4444","CZ","43","mobile","0","7","338","48","16","8.94","5.06","1"
"1259","UA","48","mobile","0","5","338","68","18","15.2","5.78","1"
"2179","UA","69","mobile","1","6","339","57","25","12.59","6.24","0"
"3895","PL","67","mobile","1","8","339","42","17","13.32","5.18","1"
"1001","UA","64","desktop","1","3","339","113","23","12.53","5.65","1"
"3620","UA","68","tablet","1","6","340","57","31","13.59","5.55","1"
"1567","HU","34","mobile","0","5","340","68","31","10.74","6.61","0"
"4953","PL","57","mobile","0","4","340","85","38","16.14","6.08","1"
"312","PL","39","desktop","1","4","340","85","18","9.86","6.39","1"
"420","UA","55","tablet","0","4","340","85","27","16.3","6.3","1"
"170","PL","31","mobile","0","4","341","85","27","12.74","5.26","1"
"4721","SK","26","desktop","1","8","341","43","25","13.4","6.04","0"
"254","UA","46","mobile","0","2","341","171","19","15.81","5.84","1"
"4161","PL","68","desktop","0","5","342","68","25","11.84","6.36","1"
"2278","SK","21","mobile","0","4","342","86","23","12.55","5.96","0"
"3689","UA","49","desktop","0","7","342","49","23","16.92","5.91","0"
"3803","PL","52","mobile","0","4","342","86","30","13.94","6.3","1"
"3183","CZ","62","mobile","0","6","342","57","29","14.21","5.21","0"
"3792","UA","42","desktop","1","3","342","114","20","9.81","5.55","1"
"4294","PL","29","mobile","0","5","342","68","31","10.74","6.03","1"
"2216","SK","63","mobile","0","5","342","68","23","14.97","5.09","0"
"3226","UA","58","desktop","0","5","342","68","26","14.34","6.08","1"
"3008","SK","39","desktop","1","7","342","49","23","14.19","6.35","0"
"3359","HU","52","mobile","1","6","343","57","26","12.87","5.65","0"
"3587","UA","49","tablet","1","5","343","69","27","11.9","5.52","0"
"15","UA","58","mobile","0","4","343","86","25","15.6","5.8","1"
"2708","UA","56","desktop","0","5","343","69","13","14.85","6.31","1"
"3227","UA","18","desktop","0","7","343","49","22","18.08","6.32","0"
"1327","HU","55","mobile","0","6","343","57","23","11.9","6.13","0"
"4707","SK","24","mobile","1","5","344","69","24","15.45","5.75","0"
"1719","UA","51","mobile","0","5","344","69","28","15.41","6.0","1"
"3157","UA","62","mobile","0","5","344","69","28","16.69","6.04","0"
"4349","HU","45","desktop","0","6","344","57","31","14.3","5.74","1"
"3964","HU","24","mobile","0","5","344","69","27","13.64","5.93","0"
"636","CZ","32","mobile","0","5","345","69","19","12.28","6.42","1"
"1411","UA","65","tablet","0","8","345","43","32","14.63","6.5","1"
"589","CZ","60","desktop","0","5","345","69","19","15.87","6.79","1"
"4839","PL","43","desktop","0","9","345","38","17","7.65","6.0","1"
"4961","SK","26","mobile","0","5","346","69","22","12.54","5.41","1"
"481","UA","46","desktop","0","6","346","58","20","10.11","5.0","1"
"4476","UA","68","mobile","0","5","346","69","18","12.05","5.78","1"
"4610","UA","58","desktop","0","6","346","58","22","11.58","6.91","1"
"3139","UA","57","mobile","0","8","347","43","23","13.22","6.83","0"
"2623","HU","37","mobile","1","9","347","39","20","13.19","5.65","0"
"3781","PL","46","mobile","0","4","347","87","29","11.14","6.52","1"
"452","SK","53","desktop","0","4","348","87","30","12.4","6.2","1"
"4556","SK","56","mobile","1","6","348","58","20","15.01","5.35","1"
"1156","UA","48","mobile","0","6","348","58","23","11.82","7.13","0"
"252","UA","40","mobile","1","6","348","58","24","12.04","6.13","0"
"2503","UA","49","mobile","0","6","348","58","27","11.14","5.63","1"
"432","CZ","68","desktop","1","5","348","70","31","11.86","6.06","1"
"2492","UA","60","desktop","0","5","348","70","28","14.26","5.79","0"
"4285","PL","19","mobile","0","6","348","58","14","15.09","6.86","1"
"1922","PL","62","mobile","1","6","349","58","25","16.32","7.0","1"
"4052","HU","22","mobile","1","5","349","70","14","8.08","6.86","1"
"4459","PL","38","mobile","1","5","349","70","22","14.8","7.0","1"
"470","SK","32","mobile","0","6","350","58","34","10.61","5.97","1"
"3115","PL","42","mobile","1","8","350","44","29","14.49","6.03","0"
"1181","CZ","49","desktop","0","8","350","44","21","9.42","6.19","1"
"1771","PL","25","mobile","0","5","350","70","26","16.07","6.27","1"
"4200","UA","22","desktop","0","6","350","58","34","12.32","6.0","0"
"525","CZ","68","mobile","0","5","350","70","32","12.07","5.84","1"
"2169","SK","43","mobile","0","7","350","50","23","13.01","6.13","1"
"4155","CZ","61","mobile","0","5","350","70","17","11.74","5.53","1"
"4119","SK","21","desktop","1","6","350","58","20","14.05","5.35","1"
"4960","CZ","70","desktop","0","7","351","50","22","15.75","6.59","1"
"1794","UA","64","desktop","0","5","352","70","12","11.33","6.17","1"
"63","CZ","68","desktop","0","7","352","50","22","10.75","6.18","1"
"1026","UA","66","desktop","0","7","352","50","24","15.43","5.33","0"
"4274","CZ","27","desktop","1","4","352","88","25","11.98","5.72","1"
"2724","PL","26","desktop","0","5","352","70","28","13.59","5.43","1"
"89","UA","33","mobile","0","4","352","88","18","10.91","5.17","1"
"375","UA","42","tablet","0","4","352","88","22","17.55","6.27","1"
"1086","UA","22","tablet","1","6","353","59","25","11.17","6.08","1"
"2122","CZ","29","mobile","1","5","353","71","24","14.15","6.08","1"
"2182","PL","59","mobile","1","6","353","59","16","17.33","6.38","0"
"1698","PL","69","mobile","0","5","353","71","19","12.43","5.0","1"
"1761","SK","64","desktop","1","5","353","71","23","11.07","5.91","1"
"933","UA","40","tablet","1","6","353","59","26","16.73","5.77","1"
"3901","CZ","35","mobile","1","6","353","59","18","9.63","6.39","1"
"1198","SK","21","desktop","1","8","353","44","29","13.79","5.69","1"
"1504","PL","59","mobile","1","4","354","89","20","12.76","5.45","1"
"2504","UA","37","mobile","0","5","354","71","24","11.34","5.88","0"
"907","UA","51","mobile","0","5","354","71","18","11.15","6.11","1"
"148","UA","29","mobile","0","4","354","89","23","10.8","6.09","1"
"4369","SK","70","mobile","0","9","354","39","24","11.93","6.17","0"
"1860","HU","24","mobile","0","7","354","51","26","12.25","5.96","0"
"2687","CZ","68","mobile","0","7","354","51","26","16.79","6.12","1"
"2631","CZ","38","mobile","1","4","354","89","30","11.3","5.3","1"
"4148","HU","29","desktop","0","4","354","89","22","8.94","5.45","1"
"4875","UA","59","tablet","0","7","354","51","20","16.04","6.6","0"
"647","HU","46","mobile","0","5","355","71","23","9.36","6.09","1"
"727","CZ","69","desktop","0","5","355","71","26","9.42","5.08","1"
"2690","PL","59","desktop","0","6","355","59","26","11.7","6.27","1"
"3438","PL","53","tablet","0","4","355","89","20","12.58","6.35","1"
"32","UA","44","tablet","0","8","355","44","16","8.31","5.69","1"
"4301","CZ","40","mobile","1","7","355","51","25","13.23","6.2","0"
"4592","UA","33","tablet","1","3","355","118","25","13.67","5.48","1"
"591","HU","64","desktop","0","6","356","59","23","7.82","6.09","1"
"56","UA","57","desktop","0","5","356","71","21","14.76","6.19","0"
"704","PL","48","desktop","1","5","356","71","24","13.97","5.67","1"
"1012","UA","59","desktop","0","6","357","60","17","10.61","5.24","1"
"4065","CZ","18","mobile","1","4","357","89","22","9.94","6.5","1"
"1938","PL","49","mobile","0","6","357","60","31","14.42","5.77","0"
"4570","UA","20","mobile","0","5","357","71","27","12.41","6.63","0"
"1176","PL","55","mobile","0","3","357","119","34","17.45","6.03","1"
"3367","UA","53","desktop","0","6","357","60","26","20.45","6.08","0"
"3678","SK","19","mobile","0","5","358","72","21","16.81","6.05","1"
"3068","UA","69","tablet","0","7","358","51","29","14.07","5.69","0"
"4624","UA","32","mobile","0","5","358","72","17","8.22","5.0","1"
"1846","CZ","37","desktop","0","4","358","90","26","13.38","6.31","0"
"3909","SK","61","desktop","0","7","359","51","20","10.06","5.45","1"
"495","UA","21","desktop","0","4","359","90","29","11.89","5.59","0"
"2979","UA","60","desktop","0","7","359","51","21","10.9","5.05","1"
"4469","HU","25","mobile","1","8","359","45","24","18.2","5.29","0"
"3112","UA","55","desktop","1","4","359","90","19","10.38","5.74","1"
"3133","UA","18","desktop","1","7","359","51","25","15.68","6.36","0"
"1439","PL","65","desktop","0","5","360","72","15","14.95","6.6","1"
"2073","UA","22","mobile","0","6","360","60","21","15.29","5.86","1"
"909","PL","22","desktop","0","3","360","120","17","9.67","6.41","1"
"65","SK","64","desktop","0","6","360","60","17","7.88","5.53","1"
"2446","PL","33","desktop","1","6","360","60","30","13.06","5.87","1"
"2433","CZ","36","desktop","0","3","361","120","14","13.86","6.21","0"
"757","UA","33","mobile","0","7","361","52","19","16.64","5.89","1"
"765","UA","29","mobile","0","6","361","60","22","11.35","6.09","1"
"1218","UA","62","desktop","1","4","361","90","23","10.73","5.87","1"
"2713","PL","69","mobile","1","7","361","52","22","12.43","6.18","1"
"1838","UA","32","desktop","0","6","361","60","26","11.8","6.46","1"
"808","UA","23","mobile","0","6","361","60","31","12.14","6.87","1"
"4800","CZ","19","mobile","0","4","362","91","32","15.15","6.31","1"
"1432","UA","42","mobile","0","7","362","52","24","13.15","6.25","1"
"3173","UA","49","desktop","0","4","362","91","21","15.05","5.1","1"
"448","UA","19","mobile","0","6","362","60","25","13.14","6.28","0"
"4116","UA","31","desktop","1","4","362","91","27","10.98","6.3","1"
"4878","SK","58","desktop","0","10","362","36","27","11.67","6.44","0"
"598","SK","64","mobile","1","6","362","60","25","14.89","5.64","0"
"2719","SK","32","mobile","0","6","362","60","20","11.72","5.95","1"
"4152","SK","27","tablet","0","5","362","72","20","11.43","6.8","1"
"3146","UA","60","mobile","0","7","363","52","18","11.96","5.94","0"
"1652","CZ","26","tablet","1","4","363","91","20","13.59","5.85","0"
"1984","SK","46","desktop","0","6","363","61","20","10.61","5.8","1"
"1306","UA","54","mobile","1","7","363","52","18","14.68","6.11","0"
"3545","UA","29","desktop","1","9","364","40","22","15.91","6.64","0"
"3196","CZ","53","mobile","0","7","364","52","21","14.27","5.52","0"
"1841","UA","49","desktop","0","9","364","40","31","12.01","6.16","1"
"2778","CZ","22","tablet","1","4","364","91","31","12.8","6.35","1"
"3237","UA","47","mobile","1","3","365","122","26","13.0","5.92","1"
"4259","UA","62","mobile","0","6","365","61","15","13.05","6.07","1"
"3363","CZ","70","mobile","1","7","366","52","26","16.13","6.08","0"
"4012","UA","34","desktop","0","5","366","73","29","11.01","6.24","1"
"2571","HU","33","mobile","1","5","366","73","34","12.66","6.03","1"
"4827","UA","70","desktop","0","7","366","52","20","9.54","5.3","1"
"1594","CZ","57","desktop","0","6","366","61","30","11.25","5.97","0"
"2955","UA","24","mobile","0","6","366","61","36","14.73","5.31","0"
"553","UA","62","desktop","0","4","367","92","23","17.59","5.65","1"
"3889","CZ","45","desktop","0","5","367","73","22","11.77","6.95","1"
"3021","SK","21","mobile","0","3","367","122","27","10.57","6.52","0"
"76","PL","40","desktop","1","5","367","73","29","12.47","5.79","0"
"3449","UA","35","desktop","0","8","367","46","19","13.59","5.16","1"
"1120","UA","34","mobile","1","6","367","61","19","9.69","6.68","1"
"1382","UA","37","mobile","0","5","368","74","24","13.07","6.63","0"
"3086","PL","25","tablet","0","4","368","92","28","11.85","6.46","0"
"2099","CZ","52","mobile","0","5","368","74","21","8.95","6.1","1"
"1039","UA","37","desktop","0","5","368","74","21","10.31","6.14","1"
"2795","CZ","52","mobile","0","7","368","53","26","19.61","5.92","1"
"2077","CZ","42","tablet","0","6","368","61","21","15.07","6.57","1"
"4382","UA","46","mobile","0","5","368","74","23","10.58","6.17","0"
"4629","UA","21","mobile","0","6","369","62","26","16.78","6.58","0"
"4240","UA","19","mobile","0","5","369","74","35","10.43","6.2","0"
"2296","SK","60","mobile","0","6","369","62","22","15.93","6.09","0"
"359","CZ","62","tablet","1","6","369","62","24","13.49","5.92","1"
"95","PL","33","mobile","0","4","369","92","32","12.72","6.19","1"
"4826","PL","41","mobile","0","6","369","62","30","12.93","6.1","1"
"4202","UA","27","mobile","0","7","369","53","24","13.05","6.75","0"
"4098","UA","46","tablet","0","8","370","46","17","12.99","6.24","1"
"1766","SK","60","mobile","0","6","370","62","18","12.02","5.22","1"
"4724","UA","53","mobile","0","6","370","62","33","13.9","6.73","0"
"2056","UA","31","mobile","0","5","370","74","28","12.29","5.29","1"
"2442","PL","20","desktop","0","6","370","62","29","14.92","6.21","0"
"356","PL","27","mobile","1","8","370","46","29","12.65","5.48","0"
"4694","UA","64","desktop","0","7","370","53","27","11.79","6.04","1"
"4265","HU","33","desktop","1","3","371","124","27","12.46","6.37","0"
"946","PL","29","mobile","0","7","371","53","20","13.02","6.0","1"
"2285","CZ","24","mobile","0","8","371","46","24","14.87","5.33","0"
"2387","UA","41","desktop","0","8","371","46","36","10.91","6.08","0"
"1095","CZ","40","mobile","1","7","371","53","16","14.55","6.31","0"
"3153","CZ","61","mobile","1","4","371","93","25","9.7","5.0","1"
"3954","UA","50","mobile","1","6","372","62","25","14.83","5.96","1"
"3880","UA","21","mobile","0","3","372","124","20","15.34","4.7","1"
"1169","UA","45","mobile","0","6","372","62","32","15.71","6.91","1"
"4084","UA","27","desktop","1","5","372","74","28","20.33","5.43","1"
"1940","CZ","59","desktop","0","8","372","47","19","14.43","6.58","1"
"2150","SK","43","desktop","0","6","372","62","19","19.47","4.63","1"
"509","CZ","63","mobile","0","5","372","74","23","10.73","6.3","0"
"521","UA","66","mobile","0","4","372","93","21","13.89","5.62","1"
"3972","HU","37","desktop","1","5","373","75","12","13.18","6.08","1"
"2080","SK","19","desktop","0","6","373","62","28","12.5","6.32","1"
"3397","HU","69","desktop","0","5","373","75","22","12.76","5.41","1"
"31","PL","41","desktop","0","3","373","124","29","15.8","5.79","1"
"1930","UA","66","tablet","1","3","373","124","20","13.53","6.05","0"
"3083","UA","41","mobile","1","7","373","53","27","13.6","5.37","0"
"2107","PL","34","mobile","0","4","373","93","30","15.48","5.53","1"
"366","CZ","55","mobile","0","6","374","62","27","15.45","5.11","1"
"4758","HU","55","mobile","0","7","375","54","25","13.92","6.16","1"
"3862","PL","30","mobile","0","4","375","94","21","11.07","5.57","1"
"674","UA","49","desktop","0","6","375","63","19","13.15","5.89","1"
"484","SK","27","desktop","0","7","375","54","19","13.44","5.37","1"
"328","SK","18","mobile","0","5","375","75","25","10.59","5.84","1"
"4144","PL","61","mobile","0","5","375","75","38","16.52","6.53","0"
"3203","PL","40","mobile","0","7","376","54","18","15.3","5.5","1"
"2575","UA","39","tablet","1","6","376","63","17","10.69","6.12","1"
"4386","UA","55","mobile","0","6","376","63","30","13.14","5.53","0"
"150","UA","64","mobile","0","4","376","94","21","11.81","6.29","1"
"297","UA","64","desktop","1","6","376","63","24","13.48","6.58","0"
"2639","PL","37","desktop","1","6","376","63","23","13.95","7.17","1"
"1907","PL","70","mobile","0","4","376","94","23","14.61","6.3","1"
"449","UA","60","mobile","0","8","377","47","23","14.32","5.52","0"
"1886","CZ","48","mobile","0","7","377","54","20","13.77","5.7","1"
"3998","UA","69","mobile","1","5","378","76","21","14.62","6.05","0"
"1833","HU","36","mobile","1","7","378","54","27","11.8","5.22","0"
"1106","UA","30","desktop","0","5","379","76","20","12.24","5.7","1"
"4422","PL","55","desktop","0","5","379","76","28","11.77","6.14","1"
"721","UA","26","tablet","0","4","379","95","22","12.3","5.59","0"
"4424","CZ","27","mobile","1","7","379","54","29","11.73","5.45","0"
"900","UA","37","mobile","1","6","379","63","16","10.76","6.75","1"
"142","PL","37","mobile","1","7","379","54","17","14.72","6.06","0"
"2499","CZ","49","mobile","1","5","379","76","31","19.06","6.06","1"
"752","PL","59","mobile","0","9","379","42","26","12.78","6.27","0"
"2862","UA","43","mobile","0","6","380","63","23","9.43","6.87","0"
"2327","UA","35","mobile","0","8","380","48","23","15.04","6.22","1"
"918","SK","37","tablet","1","5","380","76","24","12.63","5.88","0"
"1016","CZ","25","mobile","0","6","380","63","20","13.5","5.25","1"
"1271","UA","28","desktop","0","5","380","76","21","12.15","5.86","0"
"147","UA","66","mobile","1","5","380","76","27","12.23","5.81","0"
"2407","CZ","49","mobile","0","6","380","63","20","12.11","5.95","0"
"1968","UA","27","mobile","0","8","380","48","29","13.8","6.52","0"
"2970","UA","37","mobile","1","5","380","76","26","10.97","6.08","0"
"3302","UA","41","mobile","0","6","381","64","23","12.83","5.61","0"
"2523","HU","42","mobile","0","5","381","76","19","10.59","5.42","1"
"2810","UA","61","mobile","1","7","381","54","14","16.51","5.93","0"
"2450","PL","26","desktop","0","4","381","95","19","12.71","5.37","1"
"1645","HU","23","mobile","0","7","381","54","22","8.31","5.77","1"
"2765","UA","69","desktop","0","6","381","64","23","11.01","6.13","1"
"2062","PL","52","tablet","1","7","381","54","16","12.67","6.44","0"
"827","PL","67","tablet","1","6","381","64","25","12.75","6.04","1"
"4441","UA","43","mobile","0","6","381","64","20","11.84","5.95","1"
"2042","UA","49","desktop","0","6","381","64","14","7.79","5.5","1"
"4657","SK","21","mobile","0","6","382","64","32","12.12","6.25","0"
"78","UA","47","mobile","1","4","382","96","15","15.22","5.87","1"
"3051","PL","40","desktop","0","5","383","77","14","14.36","5.43","1"
"2274","PL","18","mobile","1","5","383","77","30","12.93","6.63","1"
"4635","PL","45","mobile","0","8","383","48","30","15.53","5.33","0"
"4738","PL","21","tablet","0","7","383","55","18","18.36","5.83","1"
"3912","CZ","70","mobile","0","6","383","64","25","10.3","6.64","1"
"2625","UA","23","desktop","0","6","384","64","21","14.1","5.62","1"
"3953","CZ","31","mobile","0","4","384","96","21","17.58","6.48","0"
"2063","HU","34","tablet","0","6","384","64","26","17.67","7.04","1"
"2012","UA","49","mobile","1","6","384","64","32","11.01","6.0","0"
"1787","CZ","62","mobile","0","7","384","55","22","10.22","6.82","0"
"123","SK","41","desktop","1","6","385","64","19","8.59","6.21","1"
"74","CZ","22","mobile","0","8","385","48","23","11.77","6.57","1"
"4066","PL","32","desktop","0","7","385","55","29","10.78","5.48","0"
"1058","SK","63","mobile","0","7","385","55","22","13.68","6.05","0"
"3988","UA","38","desktop","0","4","386","97","33","12.87","5.7","1"
"913","UA","29","mobile","0","6","386","64","22","20.88","6.14","1"
"2102","SK","20","mobile","0","5","386","77","22","12.22","5.91","1"
"4185","CZ","29","desktop","0","3","386","129","21","14.91","6.1","1"
"2875","UA","62","mobile","1","6","386","64","27","14.75","5.37","1"
"1971","SK","65","mobile","1","4","386","97","24","15.82","5.71","1"
"3389","CZ","43","desktop","0","5","386","77","28","12.14","6.14","1"
"1880","CZ","49","mobile","1","6","386","64","22","20.81","6.36","1"
"401","UA","64","tablet","1","7","387","55","17","12.07","4.88","1"
"201","UA","40","tablet","1","9","387","43","22","11.68","5.82","1"
"3826","UA","65","desktop","0","3","387","129","25","14.16","6.52","0"
"3110","PL","35","desktop","1","7","387","55","30","16.85","6.0","0"
"4209","UA","55","mobile","1","6","387","65","21","13.54","6.76","1"
"2212","PL","28","desktop","0","7","387","55","23","14.23","6.13","1"
"4091","PL","63","tablet","1","6","387","65","22","13.11","6.5","0"
"4759","UA","30","desktop","1","4","387","97","22","11.75","5.95","1"
"1670","SK","49","desktop","0","5","387","77","29","14.13","6.07","0"
"921","CZ","31","tablet","0","5","387","77","22","12.98","6.36","1"
"1563","UA","60","tablet","0","5","387","77","23","9.55","6.26","0"
"1179","UA","23","desktop","0","5","388","78","21","12.2","6.9","1"
"248","CZ","24","mobile","0","8","388","49","27","14.84","5.67","1"
"1627","PL","35","mobile","0","4","388","97","22","12.02","5.68","0"
"4220","PL","61","desktop","0","3","388","129","23","10.57","5.65","1"
"337","SK","65","desktop","1","7","388","55","25","14.87","6.32","0"
"1415","CZ","47","mobile","0","6","389","65","23","9.62","6.43","1"
"1915","SK","36","mobile","0","6","389","65","16","11.87","6.31","1"
"4996","SK","30","mobile","0","8","389","49","26","14.93","5.88","0"
"311","CZ","51","mobile","0","6","389","65","16","14.57","5.75","1"
"213","SK","68","desktop","0","5","390","78","22","14.7","5.09","1"
"1986","PL","29","mobile","0","7","390","56","30","15.39","5.57","1"
"3686","UA","40","mobile","0","6","390","65","28","12.04","6.29","1"
"4525","UA","22","mobile","0","6","390","65","26","11.66","5.88","1"
"3432","UA","37","tablet","0","5","390","78","20","12.5","5.85","1"
"4659","PL","69","mobile","0","7","390","56","20","20.43","6.25","1"
"4196","UA","34","mobile","0","5","390","78","27","15.89","5.59","0"
"2584","UA","39","mobile","1","8","390","49","18","18.06","6.06","1"
"3460","CZ","23","desktop","1","6","390","65","20","13.82","6.0","1"
"2176","UA","36","desktop","1","5","390","78","29","17.15","5.69","1"
"871","UA","52","desktop","0","6","390","65","26","16.3","5.65","0"
"3752","UA","45","desktop","0","7","391","56","24","14.65","6.08","0"
"3137","UA","33","mobile","0","6","391","65","32","16.67","6.34","0"
"4625","CZ","19","mobile","1","4","391","98","11","11.56","5.82","1"
"4804","PL","61","desktop","0","6","391","65","20","11.61","5.25","1"
"3965","PL","44","mobile","0","7","391","56","26","16.22","6.77","0"
"4487","CZ","47","mobile","0","5","392","78","22","12.14","6.55","1"
"4989","HU","22","mobile","0","6","392","65","31","10.11","6.52","0"
"2397","HU","31","desktop","0","7","392","56","23","13.29","5.96","0"
"3676","UA","39","tablet","0","8","392","49","18","12.98","6.33","1"
"2954","UA","35","mobile","0","6","392","65","23","14.31","6.39","0"
"3554","UA","47","tablet","0","5","392","78","24","13.94","5.83","1"
"3419","PL","53","desktop","1","5","393","79","26","9.26","6.23","1"
"3737","UA","48","desktop","0","6","393","66","28","12.4","6.0","0"
"279","SK","29","mobile","0","8","393","49","23","14.29","5.74","1"
"1757","CZ","44","mobile","0","5","393","79","26","14.12","5.58","1"
"3458","UA","65","desktop","1","8","393","49","24","12.22","6.79","0"
"1111","UA","29","desktop","1","6","393","66","21","19.36","5.24","1"
"392","PL","62","mobile","1","7","393","56","25","14.25","6.08","1"
"4580","UA","41","mobile","0","5","393","79","17","10.41","4.94","1"
"209","PL","20","mobile","0","6","393","66","26","14.36","6.54","1"
"838","UA","35","mobile","0","7","393","56","23","13.98","5.26","0"
"4307","UA","39","tablet","1","7","394","56","25","10.82","6.6","1"
"4923","UA","19","mobile","1","3","394","131","24","12.37","6.21","1"
"2609","SK","40","mobile","1","5","394","79","22","18.43","5.0","1"
"2268","CZ","65","mobile","0","6","394","66","26","7.49","5.62","1"
"1508","HU","39","mobile","0","7","394","56","28","13.28","5.61","0"
"4939","CZ","23","desktop","0","5","395","79","32","17.22","5.69","1"
"4832","UA","29","desktop","0","6","395","66","33","14.08","5.42","0"
"527","CZ","52","desktop","0","4","395","99","28","15.07","5.46","0"
"109","UA","65","desktop","0","7","395","56","27","14.54","5.96","1"
"2515","HU","33","desktop","0","2","395","198","25","14.08","5.52","1"
"4033","UA","34","mobile","1","4","395","99","26","12.7","5.62","0"
"2071","HU","37","desktop","0","7","396","57","13","12.22","5.15","0"
"3151","CZ","70","tablet","0","7","396","57","30","13.71","5.77","0"
"2173","HU","55","desktop","1","8","396","50","23","12.9","6.52","0"
"4520","UA","45","mobile","0","7","396","57","25","12.5","6.2","0"
"4489","UA","27","desktop","0","7","396","57","23","13.79","5.61","1"
"418","HU","27","desktop","0","4","396","99","17","13.68","6.53","1"
"3865","HU","21","tablet","0","6","396","66","22","15.49","6.05","1"
"2661","CZ","52","mobile","1","7","396","57","24","10.11","5.67","1"
"4364","SK","55","desktop","1","4","396","99","27","9.88","6.56","1"
"931","SK","61","mobile","1","10","396","40","22","11.51","6.32","0"
"1553","UA","35","mobile","1","6","396","66","19","14.9","6.11","0"
"668","PL","47","tablet","0","6","396","66","22","12.5","6.0","1"
"2239","CZ","20","desktop","0","6","397","66","18","13.94","5.83","1"
"3254","HU","34","desktop","1","5","397","79","19","12.29","6.47","0"
"3711","UA","53","mobile","1","6","397","66","27","17.97","6.93","0"
"4632","PL","70","tablet","0","6","397","66","31","10.11","5.58","1"
"3138","SK","61","mobile","0","3","397","132","20","10.9","6.25","1"
"2004","UA","53","mobile","0","6","397","66","21","20.85","5.48","1"
"2214","UA","66","mobile","0","5","397","79","20","13.73","5.6","1"
"1544","SK","51","mobile","0","5","397","79","22","17.51","5.95","1"
"4418","PL","22","mobile","1","7","398","57","30","10.02","6.8","1"
"3840","UA","26","tablet","0","5","398","80","27","10.74","5.81","0"
"1796","CZ","69","mobile","0","6","398","66","20","15.51","5.3","1"
"1723","SK","28","desktop","0","7","398","57","25","13.88","7.2","0"
"716","UA","32","desktop","0","7","398","57","30","13.59","6.67","1"
"396","CZ","70","desktop","1","7","398","57","20","13.3","6.3","0"
"1053","PL","57","mobile","1","6","398","66","27","12.03","5.89","1"
"3671","UA","61","mobile","0","6","398","66","23","9.67","6.13","1"
"818","CZ","54","desktop","1","6","398","66","17","11.3","6.41","1"
"4399","CZ","64","desktop","1","8","398","50","30","12.82","6.47","0"
"823","HU","52","tablet","0","6","399","67","26","12.47","6.62","0"
"4844","CZ","69","mobile","0","6","399","67","27","12.36","6.37","1"
"1632","UA","56","desktop","0","7","399","57","25","10.82","5.76","1"
"2802","HU","36","mobile","1","5","399","80","29","12.44","6.45","0"
"2089","UA","40","desktop","0","6","399","67","29","12.81","6.03","0"
"1063","SK","56","mobile","1","7","399","57","30","15.91","5.8","0"
"1444","UA","44","desktop","0","5","399","80","25","10.53","6.28","0"
"3038","PL","41","mobile","1","7","399","57","20","12.2","5.75","1"
"4235","UA","34","mobile","0","6","400","67","24","11.55","6.04","1"
"1537","CZ","52","desktop","1","5","400","80","29","11.83","5.93","1"
"925","CZ","35","desktop","0","3","400","133","23","13.24","6.35","0"
"2973","PL","39","mobile","0","6","400","67","26","12.87","5.81","0"
"2836","UA","24","mobile","0","5","400","80","26","11.06","6.35","0"
"2837","PL","44","desktop","0","8","400","50","31","9.18","5.84","0"
"3882","UA","61","tablet","0","8","400","50","21","16.48","5.43","1"
"1935","PL","55","desktop","0","6","400","67","30","12.62","6.23","0"
"4864","CZ","32","desktop","0","5","400","80","29","17.9","5.41","0"
"1649","UA","32","mobile","0","7","401","57","25","12.52","6.64","0"
"4047","CZ","26","mobile","0","5","401","80","20","11.19","6.35","1"
"891","SK","42","tablet","0","6","401","67","21","10.35","5.86","1"
"4722","PL","66","mobile","1","5","401","80","22","13.9","5.73","1"
"1092","CZ","52","mobile","0","6","401","67","22","14.09","5.82","1"
"3777","PL","32","desktop","0","6","402","67","16","8.75","5.69","1"
"665","UA","28","mobile","1","8","402","50","35","13.07","6.03","0"
"3534","CZ","28","desktop","0","6","402","67","34","11.79","5.74","1"
"1668","UA","36","desktop","1","8","402","50","29","17.79","5.66","0"
"2469","UA","63","mobile","0","6","403","67","23","14.28","6.26","1"
"447","UA","38","desktop","0","6","403","67","15","13.67","5.8","1"
"2030","UA","56","mobile","0","6","403","67","29","14.92","6.1","1"
"1096","CZ","34","mobile","0","7","403","58","24","12.93","5.88","0"
"1071","UA","43","desktop","0","6","403","67","24","12.6","6.5","0"
"1224","PL","64","mobile","0","5","403","81","21","12.87","4.57","1"
"3617","SK","51","mobile","0","6","403","67","23","12.07","5.78","1"
"4370","UA","32","desktop","1","6","404","67","18","11.79","5.67","1"
"2027","UA","57","mobile","0","7","404","58","18","15.41","5.83","1"
"218","UA","50","desktop","1","5","404","81","22","15.03","6.73","1"
"2374","SK","61","desktop","0","7","404","58","17","15.55","6.65","0"
"4791","HU","21","desktop","0","6","404","67","23","11.82","5.65","1"
"2359","PL","46","tablet","0","5","405","81","23","15.35","6.13","1"
"3159","UA","31","desktop","0","6","405","68","28","11.17","5.61","1"
"748","UA","59","mobile","1","6","405","68","29","16.69","5.45","1"
"4496","SK","39","desktop","1","8","405","51","18","13.57","6.0","0"
"4365","PL","22","mobile","0","7","405","58","23","15.9","5.87","0"
"133","HU","56","desktop","0","6","405","68","25","12.47","5.76","1"
"2818","CZ","47","mobile","0","6","405","68","24","16.27","6.08","1"
"1347","HU","36","tablet","0","6","406","68","20","11.42","7.15","1"
"912","PL","38","mobile","0","7","406","58","19","8.82","6.11","0"
"3610","UA","50","mobile","0","8","406","51","29","11.97","5.62","0"
"684","CZ","69","tablet","0","7","406","58","25","16.36","5.8","0"
"4486","UA","32","mobile","0","7","407","58","21","14.95","6.1","1"
"4519","CZ","60","tablet","1","7","407","58","21","9.87","6.14","0"
"1229","UA","45","mobile","0","5","407","81","18","14.15","6.83","0"
"3301","UA","46","mobile","1","6","407","68","28","11.33","5.86","0"
"4053","CZ","35","desktop","0","7","408","58","24","18.88","5.08","0"
"2131","UA","55","desktop","0","6","408","68","21","13.5","5.95","1"
"1003","PL","44","mobile","0","6","408","68","23","11.43","5.7","1"
"3541","UA","25","mobile","0","4","408","102","25","11.66","6.12","1"
"4771","UA","22","tablet","0","7","408","58","31","12.12","6.45","1"
"1863","UA","59","mobile","0","6","408","68","33","12.55","5.7","1"
"3050","SK","35","mobile","0","8","408","51","29","16.69","5.97","0"
"3560","CZ","26","mobile","0","4","408","102","20","9.1","5.7","1"
"4277","PL","51","mobile","0","6","409","68","25","14.06","6.04","0"
"3357","CZ","66","desktop","1","7","409","58","19","12.32","5.68","1"
"1185","UA","29","desktop","0","8","409","51","27","9.9","6.63","1"
"298","PL","55","mobile","1","6","410","68","26","13.62","6.38","1"
"1523","UA","31","desktop","0","7","410","59","20","14.17","5.95","0"
"2202","SK","70","mobile","0","7","410","59","27","11.05","6.15","0"
"4949","PL","68","desktop","0","4","410","103","22","12.35","6.09","1"
"4505","UA","65","mobile","0","7","410","59","29","10.2","5.55","1"
"819","UA","39","mobile","0","6","410","68","23","12.63","6.17","1"
"2684","HU","36","desktop","1","6","410","68","26","11.27","6.5","1"
"645","UA","26","tablet","1","5","410","82","24","16.5","6.25","1"
"2147","HU","69","mobile","0","5","410","82","29","10.85","6.62","1"
"3497","UA","61","mobile","0","8","410","51","26","15.05","6.38","0"
"382","UA","44","mobile","0","5","410","82","27","10.14","6.26","1"
"1473","PL","57","mobile","0","5","410","82","19","11.46","6.11","1"
"997","CZ","60","desktop","0","7","411","59","18","11.73","6.0","1"
"4679","SK","48","desktop","0","7","411","59","16","16.24","5.5","1"
"2905","UA","22","mobile","1","4","411","103","15","12.01","6.0","1"
"584","CZ","36","mobile","0","7","412","59","15","10.53","6.2","1"
"859","UA","33","desktop","0","5","412","82","24","8.7","5.88","1"
"1141","HU","56","mobile","1","6","412","69","24","13.44","6.13","1"
"2939","CZ","41","desktop","0","6","412","69","27","13.09","5.96","0"
"2871","UA","49","mobile","0","5","412","82","32","18.08","6.19","0"
"1996","CZ","54","mobile","0","6","413","69","23","11.37","6.35","1"
"1379","PL","59","desktop","0","6","413","69","23","14.85","6.35","1"
"2806","UA","58","mobile","0","6","413","69","21","9.61","6.0","1"
"924","PL","28","mobile","1","7","413","59","30","10.01","6.03","1"
"652","PL","61","desktop","0","5","414","83","28","16.39","5.79","0"
"585","CZ","32","desktop","0","6","414","69","32","11.63","5.69","1"
"631","UA","66","mobile","0","7","414","59","23","11.94","7.09","0"
"2980","UA","34","mobile","0","7","414","59","23","11.68","6.48","1"
"2665","UA","35","desktop","0","6","415","69","30","12.74","6.97","1"
"2902","SK","34","desktop","0","7","415","59","33","12.15","6.97","0"
"2224","PL","45","mobile","0","5","415","83","25","15.38","6.0","1"
"4614","CZ","24","tablet","1","9","415","46","25","14.16","5.72","1"
"4988","PL","21","desktop","0","9","415","46","25","11.8","6.72","0"
"4987","CZ","47","desktop","1","6","415","69","25","11.53","6.04","1"
"197","PL","37","mobile","0","6","415","69","25","14.68","5.68","1"
"4928","UA","55","tablet","0","5","416","83","22","13.46","5.82","1"
"269","UA","45","desktop","1","6","416","69","28","11.04","6.07","1"
"287","UA","19","tablet","1","5","416","83","19","10.69","6.53","1"
"1399","PL","43","mobile","0","4","416","104","21","11.71","6.67","1"
"2172","HU","28","mobile","1","8","416","52","21","13.36","6.05","1"
"3883","SK","48","mobile","0","3","416","139","25","15.7","5.96","1"
"3446","HU","30","mobile","1","6","416","69","18","12.96","6.22","1"
"232","SK","22","mobile","0","7","416","59","27","14.76","5.85","0"
"1112","HU","57","mobile","0","7","416","59","16","11.72","6.44","1"
"3759","UA","56","mobile","1","6","416","69","32","13.29","6.47","0"
"1449","PL","39","desktop","0","7","417","60","22","13.97","6.64","0"
"1293","UA","48","mobile","0","5","417","83","28","11.68","6.68","1"
"4516","HU","46","tablet","1","7","417","60","15","8.21","6.13","0"
"830","CZ","42","desktop","0","6","417","70","27","10.58","6.33","0"
"613","HU","66","mobile","0","7","417","60","24","10.28","6.46","0"
"999","CZ","33","desktop","0","4","418","105","20","15.46","5.85","1"
"2998","UA","54","mobile","0","7","418","60","23","17.21","6.09","0"
"4663","UA","33","mobile","0","9","418","46","34","16.42","6.53","0"
"754","UA","59","mobile","0","7","418","60","23","14.97","5.83","1"
"2440","CZ","68","desktop","0","4","418","105","23","9.63","6.26","1"
"3364","CZ","24","mobile","0","5","418","84","27","12.38","5.37","1"
"4726","UA","35","desktop","1","7","419","60","26","12.47","7.46","1"
"4319","UA","67","mobile","0","7","419","60","21","12.87","5.57","1"
"131","CZ","64","desktop","1","8","419","52","28","13.9","6.54","0"
"1202","SK","67","desktop","0","6","419","70","33","10.52","5.79","1"
"3355","CZ","20","mobile","1","3","419","140","28","17.16","6.11","1"
"4353","HU","37","mobile","1","6","419","70","25","18.21","5.64","1"
"2563","UA","69","mobile","0","7","419","60","18","7.15","6.17","1"
"1967","UA","26","mobile","1","5","419","84","25","14.08","5.8","0"
"391","UA","37","desktop","0","5","420","84","21","11.02","5.62","1"
"781","UA","66","desktop","0","5","420","84","15","15.51","6.47","1"
"4697","PL","19","mobile","0","8","420","53","26","14.08","5.88","0"
"191","UA","36","desktop","1","7","420","60","26","15.23","6.77","0"
"4224","UA","21","mobile","1","7","420","60","34","13.13","5.97","1"
"4100","HU","61","desktop","0","8","420","53","24","14.97","5.08","1"
"550","UA","64","mobile","1","4","420","105","22","14.85","6.09","1"
"1386","UA","20","mobile","0","8","421","53","22","10.93","6.14","1"
"3626","PL","47","mobile","1","6","421","70","28","11.24","5.18","1"
"475","UA","67","mobile","0","8","421","53","21","10.3","6.05","1"
"2582","UA","25","mobile","1","6","421","70","28","9.77","6.07","1"
"4893","CZ","59","desktop","0","6","421","70","9","8.54","6.78","1"
"3416","UA","38","mobile","0","5","421","84","20","17.6","5.05","1"
"1577","PL","41","mobile","0","8","421","53","19","17.59","4.89","0"
"2945","SK","66","tablet","0","12","421","35","21","11.51","5.67","1"
"2210","UA","69","mobile","0","8","421","53","25","14.5","6.04","0"
"4667","UA","19","desktop","0","6","421","70","23","15.21","5.96","0"
"2541","UA","56","mobile","0","6","422","70","24","13.98","5.46","1"
"2213","CZ","49","mobile","0","4","422","106","24","13.43","5.29","1"
"4744","PL","33","tablet","0","7","422","60","29","11.01","5.55","1"
"2221","SK","62","mobile","0","9","422","47","28","7.09","5.89","0"
"1916","UA","43","mobile","0","7","422","60","25","11.66","6.08","1"
"663","UA","32","desktop","0","5","422","84","25","11.66","6.4","1"
"1849","CZ","54","mobile","0","6","422","70","25","14.42","5.88","1"
"824","UA","32","desktop","0","7","422","60","22","14.8","5.45","0"
"4022","SK","44","mobile","0","6","423","71","21","15.78","5.95","1"
"2181","UA","66","mobile","1","5","423","85","17","20.21","5.41","1"
"2748","HU","20","mobile","1","7","423","60","23","15.06","6.04","0"
"2800","SK","36","desktop","0","6","423","71","24","14.45","5.5","0"
"3452","CZ","47","mobile","1","4","423","106","22","12.46","5.77","1"
"4395","SK","19","mobile","0","5","424","85","17","10.41","6.29","1"
"1858","UA","59","mobile","0","7","424","61","26","13.34","5.62","0"
"1739","UA","52","desktop","0","7","424","61","27","14.67","5.74","0"
"1093","UA","61","mobile","0","7","424","61","27","11.6","5.67","1"
"1083","UA","45","mobile","0","8","424","53","18","14.68","6.22","0"
"1769","UA","53","mobile","0","7","424","61","25","13.66","5.36","0"
"1686","HU","31","desktop","0","8","424","53","34","10.74","5.91","0"
"3897","UA","30","mobile","0","4","425","106","20","12.47","6.45","1"
"3525","SK","51","desktop","1","6","425","71","18","16.11","6.28","0"
"780","PL","49","mobile","1","4","425","106","25","10.87","5.48","1"
"1928","UA","66","desktop","1","7","425","61","23","14.63","5.48","0"
"411","CZ","20","desktop","0","6","426","71","24","7.9","6.54","0"
"726","UA","49","mobile","0","4","426","107","25","14.16","6.76","1"
"4901","HU","32","mobile","0","7","426","61","20","12.93","6.0","1"
"4942","CZ","23","desktop","0","5","426","85","13","11.68","5.62","1"
"4029","SK","56","mobile","0","8","426","53","22","10.28","5.64","1"
"1578","UA","34","mobile","0","7","426","61","24","13.17","7.13","0"
"2509","CZ","51","desktop","1","7","426","61","23","12.34","5.96","0"
"2962","UA","44","desktop","0","4","426","107","13","12.23","6.46","1"
"2723","PL","62","mobile","0","5","426","85","23","9.91","6.83","1"
"2786","UA","62","tablet","0","9","426","47","16","13.48","5.88","0"
"1266","PL","26","mobile","0","6","427","71","24","10.47","6.08","1"
"4541","CZ","59","desktop","0","9","427","47","21","12.96","5.9","0"
"3361","PL","69","mobile","0","8","427","53","24","12.75","5.79","0"
"3092","UA","24","mobile","0","8","427","53","28","9.15","5.18","0"
"3378","UA","56","desktop","0","6","427","71","33","12.45","6.21","0"
"4130","UA","40","mobile","0","5","427","85","17","18.74","6.29","0"
"1826","CZ","69","desktop","0","5","427","85","23","12.63","5.57","1"
"3371","UA","66","mobile","0","7","428","61","22","14.37","5.73","0"
"1506","UA","32","tablet","1","8","428","54","31","11.54","5.55","0"
"3122","HU","51","mobile","1","4","428","107","28","16.19","6.82","1"
"4157","UA","21","desktop","0","6","428","71","20","15.29","6.05","0"
"3354","CZ","66","mobile","0","5","428","86","26","16.65","6.5","1"
"3480","UA","23","mobile","0","8","428","54","24","13.24","6.25","0"
"3002","UA","59","mobile","0","5","428","86","18","15.07","5.44","1"
"2037","HU","62","desktop","0","8","429","54","27","11.61","7.0","0"
"4907","SK","50","desktop","0","9","429","48","17","12.47","6.53","1"
"2768","PL","40","desktop","1","5","429","86","29","11.02","6.45","0"
"81","HU","65","mobile","0","7","429","61","25","12.92","5.92","0"
"4818","UA","54","mobile","1","5","429","86","28","10.8","5.79","1"
"44","UA","40","desktop","0","5","430","86","21","12.23","6.05","0"
"2465","UA","18","desktop","0","6","430","72","25","14.16","6.48","1"
"4751","UA","55","mobile","0","6","430","72","21","13.19","6.05","1"
"2449","UA","65","mobile","0","7","430","61","28","14.85","6.25","0"
"3580","UA","38","mobile","0","7","430","61","26","15.54","5.69","0"
"1421","UA","69","mobile","0","7","430","61","26","11.85","6.04","1"
"3931","CZ","18","mobile","1","7","431","62","26","13.75","6.46","1"
"3516","UA","39","tablet","1","5","431","86","31","16.24","6.0","1"
"2910","PL","64","tablet","0","5","431","86","30","11.77","6.47","1"
"3829","UA","52","desktop","0","7","431","62","22","12.2","6.41","0"
"387","UA","60","desktop","0","8","431","54","29","9.36","5.83","0"
"2826","CZ","25","mobile","0","6","432","72","28","12.34","5.89","1"
"3527","HU","25","mobile","0","7","432","62","19","12.86","5.37","1"
"4020","PL","26","mobile","0","6","432","72","25","11.63","5.88","0"
"1025","UA","29","mobile","0","7","432","62","25","14.37","5.48","0"
"292","UA","43","desktop","0","6","432","72","29","18.7","5.9","1"
"4825","UA","43","desktop","0","7","432","62","30","13.78","5.0","0"
"3818","SK","22","desktop","1","9","432","48","26","9.36","5.65","0"
"1767","UA","34","mobile","0","6","432","72","18","13.98","6.61","0"
"283","UA","51","mobile","0","7","432","62","19","10.91","5.32","1"
"2938","CZ","51","mobile","0","8","433","54","22","13.31","5.0","1"
"4889","UA","49","mobile","0","4","433","108","26","11.59","6.23","0"
"3145","PL","27","mobile","1","6","433","72","21","14.78","5.9","1"
"2048","SK","61","tablet","0","5","433","87","33","13.0","6.21","1"
"439","CZ","42","desktop","0","6","433","72","37","16.69","6.54","0"
"3597","UA","59","desktop","1","6","433","72","37","12.76","5.59","1"
"1708","SK","27","desktop","0","7","434","62","27","15.65","5.63","1"
"2775","SK","31","desktop","0","9","434","48","20","14.41","6.5","1"
"4687","HU","69","mobile","0","7","434","62","30","14.88","6.1","0"
"24","CZ","21","tablet","0","9","434","48","19","11.11","5.58","1"
"2741","PL","21","tablet","0","6","434","72","22","13.68","6.41","0"
"33","UA","57","mobile","0","5","434","87","28","9.92","5.79","1"
"4477","UA","38","mobile","0","6","434","72","18","12.43","6.61","0"
"4829","HU","60","mobile","1","4","434","109","36","13.5","5.53","1"
"58","UA","56","desktop","0","6","435","73","16","11.71","5.88","1"
"2964","PL","34","mobile","0","7","435","62","34","11.69","5.88","1"
"801","UA","56","desktop","0","8","435","54","24","14.99","6.25","0"
"1571","UA","53","desktop","1","4","435","109","23","7.72","6.04","1"
"3608","UA","24","tablet","0","6","435","73","16","19.41","5.38","1"
"1999","CZ","31","desktop","1","6","435","73","27","12.27","5.93","0"
"1286","UA","60","desktop","0","4","435","109","28","14.38","6.54","1"
"732","SK","61","mobile","1","6","435","73","24","13.25","6.08","1"
"2543","CZ","43","mobile","0","8","435","54","17","9.77","6.12","0"
"2103","SK","18","mobile","0","7","435","62","26","15.21","5.73","0"
"2619","HU","59","mobile","0","7","435","62","22","14.18","6.36","1"
"1044","UA","49","mobile","1","7","435","62","20","17.12","6.55","0"
"3185","UA","40","mobile","1","10","436","44","25","15.57","5.36","0"
"3422","UA","59","mobile","1","8","436","55","18","14.11","5.44","1"
"1225","UA","30","mobile","0","9","436","48","23","15.2","5.17","0"
"4747","HU","20","desktop","0","4","436","109","26","11.52","6.27","0"
"4428","CZ","38","mobile","0","8","436","55","32","11.68","6.28","1"
"3417","UA","45","desktop","0","9","436","48","27","11.78","6.0","1"
"2674","CZ","62","desktop","0","7","436","62","14","18.06","6.64","1"
"4293","CZ","42","tablet","0","7","436","62","21","15.86","6.1","0"
"3763","UA","31","desktop","0","8","437","55","22","12.03","5.73","0"
"2668","UA","41","desktop","0","6","437","73","24","14.54","5.88","1"
"4376","UA","26","mobile","0","7","438","63","26","14.97","6.38","0"
"604","SK","68","mobile","0","7","438","63","29","14.11","6.17","0"
"1848","HU","28","mobile","0","8","438","55","29","15.61","6.0","0"
"1558","HU","30","mobile","0","9","438","49","22","13.17","5.41","0"
"3156","SK","63","mobile","1","9","438","49","19","11.73","5.47","1"
"325","HU","19","mobile","0","7","438","63","25","8.72","6.12","1"
"1213","CZ","34","mobile","0","7","439","63","14","11.7","5.79","1"
"1151","PL","23","mobile","0","4","439","110","27","11.65","5.59","1"
"1542","PL","40","desktop","0","7","439","63","24","9.94","6.0","0"
"265","HU","34","desktop","0","6","439","73","30","12.17","6.33","1"
"2961","SK","25","desktop","0","5","439","88","25","13.22","6.72","1"
"3692","UA","30","mobile","0","6","439","73","27","11.74","5.96","0"
"1835","SK","23","mobile","1","7","439","63","33","10.48","5.97","1"
"493","UA","36","mobile","1","7","439","63","28","10.91","6.14","1"
"1688","UA","35","desktop","1","6","440","73","21","11.82","5.76","1"
"2828","CZ","45","desktop","0","6","440","73","28","13.65","6.14","0"
"2751","SK","26","mobile","0","6","440","73","23","16.78","5.57","0"
"770","UA","33","tablet","0","7","440","63","23","19.57","6.09","0"
"4797","HU","52","mobile","0","8","440","55","21","14.01","6.0","1"
"3154","CZ","32","desktop","0","7","440","63","28","12.52","5.5","0"
"1816","UA","47","mobile","1","7","440","63","24","13.05","6.79","0"
"3875","UA","67","desktop","1","8","441","55","14","11.59","7.14","1"
"3284","UA","54","mobile","0","10","441","44","23","17.61","6.78","0"
"870","CZ","70","mobile","0","7","441","63","22","8.84","5.73","1"
"3618","UA","37","desktop","0","7","441","63","26","12.67","6.31","0"
"4140","UA","48","mobile","1","7","441","63","24","14.84","6.71","0"
"4077","UA","29","tablet","1","8","441","55","32","16.58","6.03","1"
"4690","UA","31","tablet","0","6","441","74","21","13.07","6.43","1"
"2868","SK","68","desktop","0","8","441","55","20","11.67","6.0","0"
"2877","UA","46","mobile","0","7","442","63","26","16.4","5.96","0"
"1312","CZ","52","mobile","0","9","442","49","20","12.06","6.15","0"
"2685","SK","42","tablet","0","6","442","74","24","11.77","6.17","0"
"4507","UA","48","desktop","0","5","442","88","24","11.73","6.79","0"
"1476","UA","28","desktop","1","8","442","55","24","17.2","5.63","0"
"4214","SK","21","mobile","0","7","442","63","21","15.24","5.76","0"
"4911","PL","70","desktop","0","5","442","88","21","12.15","6.38","1"
"1697","UA","64","mobile","0","7","442","63","23","10.6","5.87","0"
"2174","HU","51","desktop","0","6","442","74","25","12.99","5.88","1"
"4955","CZ","42","mobile","0","5","443","89","28","14.65","5.71","0"
"894","UA","36","mobile","0","5","443","89","26","13.12","6.54","1"
"4741","UA","66","desktop","0","5","443","89","24","9.42","6.33","1"
"4351","CZ","56","mobile","1","9","443","49","20","9.89","5.4","1"
"2937","CZ","58","mobile","0","6","443","74","24","10.38","5.29","1"
"1091","SK","41","desktop","0","5","444","89","17","21.41","5.82","0"
"3037","PL","59","desktop","0","8","444","56","20","12.23","5.4","0"
"2638","HU","40","mobile","0","7","444","63","19","13.2","5.63","1"
"1859","UA","48","tablet","1","7","444","63","23","12.89","6.0","0"
"3060","CZ","24","mobile","0","7","444","63","19","11.32","5.68","1"
"3073","PL","43","mobile","0","7","444","63","29","11.48","6.38","1"
"2600","UA","47","mobile","0","5","444","89","19","13.01","5.74","1"
"3978","UA","35","mobile","0","6","444","74","25","13.19","5.8","1"
"2287","CZ","67","desktop","0","7","444","63","18","18.33","5.06","1"
"2727","HU","34","mobile","0","6","445","74","25","10.97","6.32","1"
"164","PL","60","tablet","0","6","445","74","28","13.19","5.93","0"
"2923","PL","31","mobile","1","7","445","64","21","8.71","7.05","1"
"2956","PL","46","mobile","0","8","445","56","19","11.77","6.58","1"
"2517","UA","65","desktop","1","5","445","89","27","12.77","6.56","1"
"1192","PL","58","mobile","0","6","445","74","30","11.53","5.33","1"
"135","PL","51","mobile","1","6","446","74","30","13.12","6.23","0"
"4655","UA","53","mobile","1","7","446","64","25","16.71","5.96","0"
"4300","PL","23","desktop","1","5","446","89","31","8.99","5.84","0"
"1836","SK","69","mobile","0","6","446","74","28","17.38","6.21","0"
"947","CZ","39","mobile","0","4","446","112","27","14.51","5.74","1"
"1194","SK","38","mobile","0","8","446","56","25","15.47","6.56","0"
"3696","UA","69","mobile","1","4","446","112","31","11.68","5.9","0"
"862","CZ","52","desktop","0","5","446","89","23","14.24","5.87","0"
"3338","UA","43","mobile","0","7","446","64","21","9.6","5.67","1"
"4191","CZ","19","mobile","0","7","446","64","18","14.95","6.17","0"
"1994","CZ","63","mobile","0","6","447","75","27","11.72","6.07","0"
"2972","UA","70","desktop","0","8","447","56","27","16.28","6.41","0"
"2230","PL","36","desktop","1","8","448","56","28","11.47","5.68","0"
"1806","CZ","42","tablet","0","5","448","90","25","19.2","4.88","1"
"3681","PL","43","desktop","1","5","448","90","23","17.15","6.26","1"
"2445","UA","40","mobile","0","6","448","75","27","9.4","5.33","1"
"3423","CZ","26","desktop","0","6","448","75","24","7.39","5.63","1"
"4674","UA","46","desktop","0","7","449","64","29","8.49","6.34","0"
"1105","HU","39","desktop","0","7","449","64","24","15.14","6.08","0"
"2796","UA","35","desktop","1","7","449","64","25","14.99","6.08","0"
"4027","SK","34","desktop","1","7","450","64","24","16.5","7.25","0"
"182","UA","18","mobile","0","6","450","75","33","10.4","6.39","0"
"718","PL","42","mobile","1","5","450","90","29","14.46","6.1","0"
"1990","HU","56","desktop","1","10","450","45","21","12.73","5.38","0"
"1028","PL","59","mobile","0","6","450","75","24","12.22","5.67","1"
"2850","UA","63","mobile","0","7","451","64","17","13.14","6.12","1"
"1215","SK","25","tablet","0","7","451","64","25","9.66","6.2","0"
"1799","UA","59","mobile","0","9","451","50","26","13.28","6.73","0"
"4034","CZ","56","mobile","0","6","451","75","28","12.34","6.14","1"
"1819","PL","40","desktop","1","7","451","64","32","11.24","5.78","1"
"730","SK","54","desktop","1","9","451","50","26","15.33","6.69","0"
"2061","CZ","48","mobile","0","7","451","64","15","10.4","5.8","0"
"2020","UA","40","mobile","1","9","452","50","28","12.28","6.32","0"
"86","CZ","64","desktop","0","7","452","65","26","8.84","5.88","1"
"3072","SK","38","mobile","1","5","452","90","29","14.94","7.0","0"
"633","UA","60","mobile","0","5","452","90","30","16.71","6.7","0"
"1912","CZ","41","desktop","1","6","452","75","18","9.14","5.56","1"
"1874","HU","69","desktop","0","6","452","75","20","12.76","5.15","1"
"2186","SK","57","desktop","1","6","452","75","20","12.07","6.1","0"
"4940","HU","31","mobile","0","4","453","113","28","12.27","5.39","0"
"11","UA","69","tablet","0","8","453","57","23","13.71","6.26","0"
"3055","SK","21","desktop","0","5","453","91","30","13.8","5.33","0"
"3878","UA","29","desktop","1","5","453","91","18","9.66","5.78","1"
"775","UA","29","desktop","0","6","454","76","33","13.84","6.06","1"
"536","UA","40","desktop","0","6","454","76","23","9.84","6.43","0"
"4611","UA","59","mobile","0","5","454","91","30","16.93","6.03","1"
"2152","SK","68","mobile","0","9","454","50","25","8.67","5.84","1"
"3340","SK","45","desktop","0","6","454","76","29","15.81","6.41","0"
"294","UA","56","mobile","1","8","454","57","26","13.45","5.04","0"
"4968","SK","68","mobile","0","7","455","65","31","12.53","5.87","0"
"1705","UA","65","desktop","0","4","455","114","26","11.55","5.96","1"
"90","UA","39","desktop","0","8","455","57","25","9.22","7.0","0"
"4291","SK","67","tablet","0","6","456","76","23","11.63","5.3","1"
"2859","HU","55","desktop","1","7","456","65","26","11.48","6.08","0"
"2029","PL","31","tablet","0","5","456","91","22","13.48","5.91","1"
"111","PL","64","mobile","0","8","456","57","21","18.44","6.33","1"
"873","SK","55","desktop","0","6","456","76","21","17.51","5.67","1"
"3268","UA","28","mobile","0","6","456","76","23","12.5","5.91","0"
"47","HU","40","desktop","0","9","456","51","31","12.51","6.35","0"
"2325","UA","47","mobile","0","5","456","91","23","10.33","6.04","1"
"782","UA","55","mobile","0","8","456","57","21","13.41","6.71","0"
"3588","UA","29","mobile","0","6","456","76","23","12.78","6.04","1"
"4205","SK","30","mobile","1","7","457","65","20","17.22","6.1","0"
"1876","PL","19","mobile","0","5","457","91","26","16.5","5.58","0"
"1898","UA","48","mobile","0","5","457","91","17","13.02","5.94","0"
"4492","UA","53","mobile","1","7","457","65","25","10.65","5.72","0"
"3920","PL","58","desktop","0","6","457","76","29","13.87","6.21","1"
"1981","PL","48","mobile","0","7","457","65","21","13.55","6.24","1"
"794","SK","63","mobile","1","7","457","65","19","11.94","5.68","0"
"3166","SK","27","tablet","1","8","457","57","21","13.67","5.62","1"
"1749","UA","59","mobile","0","6","457","76","24","10.88","4.63","1"
"3448","UA","39","mobile","1","6","457","76","24","9.29","5.46","1"
"850","PL","44","tablet","0","6","458","76","21","14.52","5.0","1"
"3768","UA","70","mobile","0","4","458","115","21","11.48","6.05","1"
"2624","PL","44","mobile","0","4","458","115","20","10.4","7.1","1"
"4025","CZ","53","mobile","0","9","458","51","26","11.0","5.85","1"
"2081","UA","62","mobile","0","7","459","66","26","13.31","6.19","0"
"4092","UA","49","mobile","0","4","459","115","23","13.9","5.78","1"
"3076","UA","64","desktop","0","7","459","66","27","12.79","5.48","1"
"3611","SK","38","mobile","0","6","459","77","22","11.8","6.91","1"
"638","CZ","70","desktop","1","9","459","51","23","12.0","5.74","0"
"3515","PL","38","desktop","1","5","459","92","22","12.31","5.18","1"
"3075","UA","26","tablet","0","7","459","66","28","13.95","5.68","0"
"1802","UA","44","tablet","0","8","459","57","28","14.6","5.39","0"
"4551","UA","19","mobile","0","5","460","92","28","12.29","6.14","1"
"3810","PL","62","desktop","0","5","460","92","16","16.69","5.56","1"
"3549","CZ","38","desktop","0","5","460","92","26","15.56","5.58","1"
"4356","HU","47","mobile","0","6","460","77","27","9.51","6.3","0"
"4736","UA","32","desktop","0","5","460","92","24","14.82","6.38","1"
"1275","PL","49","tablet","0","8","460","58","23","14.37","6.35","1"
"26","CZ","52","mobile","0","8","460","58","27","13.44","6.37","0"
"263","CZ","46","mobile","1","5","460","92","26","10.37","6.04","1"
"3128","PL","46","desktop","0","6","460","77","20","14.0","5.3","1"
"595","CZ","20","mobile","0","4","460","115","27","15.51","5.93","1"
"3775","HU","27","mobile","0","6","460","77","21","13.17","6.1","1"
"1265","UA","69","desktop","0","6","461","77","23","15.03","6.57","0"
"6","SK","40","desktop","0","9","461","51","24","14.72","6.63","1"
"3383","CZ","33","mobile","0","7","461","66","19","16.93","6.26","1"
"3630","PL","40","desktop","1","4","461","115","13","19.05","5.0","1"
"4985","UA","20","mobile","0","5","461","92","15","18.69","6.47","1"
"1416","CZ","20","mobile","0","7","462","66","23","12.73","5.57","1"
"367","UA","34","mobile","0","5","462","92","19","13.0","5.68","1"
"4586","SK","33","desktop","0","8","462","58","16","13.71","6.38","1"
"1453","CZ","57","mobile","1","7","462","66","22","14.24","5.32","0"
"3272","PL","65","mobile","1","6","462","77","21","11.48","4.86","1"
"2204","UA","63","desktop","0","7","462","66","21","17.32","6.05","1"
"2279","HU","34","mobile","0","7","462","66","27","13.87","5.93","0"
"1015","UA","48","mobile","1","8","462","58","15","12.08","6.4","1"
"1318","UA","68","desktop","0","8","462","58","26","13.78","5.62","0"
"313","UA","20","mobile","1","6","462","77","24","18.3","5.54","0"
"4536","UA","70","desktop","0","5","462","92","29","10.2","6.62","0"
"4943","CZ","43","mobile","1","9","462","51","22","11.65","5.41","1"
"877","PL","67","desktop","0","6","463","77","27","13.94","6.26","0"
"4903","SK","45","desktop","0","7","463","66","29","14.21","5.69","0"
"3793","UA","40","mobile","0","10","463","46","24","15.89","6.54","0"
"4183","UA","68","tablet","0","7","463","66","23","13.9","6.57","0"
"1677","SK","39","desktop","0","6","463","77","29","12.73","5.62","1"
"1756","CZ","44","desktop","0","8","463","58","24","12.84","6.0","0"
"2087","CZ","37","mobile","1","9","463","51","19","13.9","6.16","0"
"2590","SK","58","tablet","0","6","463","77","32","15.28","5.84","1"
"3098","UA","39","mobile","0","6","464","77","29","11.3","6.52","1"
"660","CZ","19","mobile","1","7","464","66","24","15.78","6.46","1"
"435","CZ","34","desktop","1","8","464","58","23","14.35","6.39","0"
"2426","PL","52","desktop","0","7","464","66","22","13.44","6.32","0"
"3766","UA","55","mobile","0","7","464","66","24","13.01","5.71","0"
"2336","PL","23","mobile","1","7","464","66","27","17.82","5.89","0"
"1613","HU","56","mobile","0","7","464","66","25","9.93","5.28","1"
"4802","SK","61","mobile","0","8","464","58","25","13.52","5.56","0"
"4212","UA","52","mobile","1","6","465","78","26","13.27","5.65","1"
"4194","UA","56","desktop","0","9","465","52","20","14.56","6.05","1"
"1116","SK","32","desktop","0","4","465","116","26","13.42","5.81","0"
"1002","UA","65","mobile","0","7","465","66","22","14.88","5.68","0"
"2431","UA","30","desktop","1","6","465","78","17","9.82","6.35","1"
"2520","CZ","62","mobile","0","8","465","58","21","13.53","6.62","0"
"4514","UA","30","mobile","0","7","465","66","25","13.83","5.16","0"
"2190","CZ","24","desktop","0","3","465","155","14","7.31","5.29","1"
"2339","SK","25","desktop","0","2","466","233","17","16.65","6.12","1"
"2185","UA","52","mobile","0","6","466","78","18","11.58","5.67","1"
"1585","PL","53","mobile","0","9","466","52","21","15.47","5.38","1"
"3126","CZ","69","desktop","0","7","466","67","18","12.21","6.67","0"
"526","UA","62","mobile","0","6","466","78","21","10.86","6.43","1"
"3304","UA","62","desktop","1","9","466","52","32","12.03","6.41","0"
"1741","HU","43","mobile","0","6","467","78","23","12.91","5.96","1"
"1597","PL","33","mobile","1","10","467","47","13","12.82","6.62","0"
"485","SK","45","desktop","1","4","467","117","19","14.96","5.79","1"
"1693","CZ","27","mobile","0","6","467","78","27","13.04","5.81","1"
"3756","UA","63","desktop","1","7","467","67","27","11.82","5.78","0"
"4491","CZ","33","mobile","0","8","467","58","24","9.79","5.46","0"
"374","PL","38","mobile","0","7","467","67","26","14.79","5.65","0"
"943","UA","18","mobile","1","8","468","59","28","13.12","6.46","1"
"793","PL","38","tablet","0","10","468","47","30","12.85","6.5","0"
"103","UA","28","mobile","1","6","468","78","20","11.21","6.35","1"
"1565","PL","61","desktop","0","7","469","67","30","14.04","5.57","1"
"4393","HU","55","tablet","0","6","469","78","26","14.44","5.92","0"
"4467","CZ","28","mobile","1","8","469","59","25","13.36","6.0","0"
"1149","UA","66","desktop","0","9","469","52","22","9.14","5.82","0"
"3511","UA","59","desktop","0","8","469","59","17","13.26","5.88","0"
"951","PL","34","mobile","0","8","470","59","16","7.38","5.75","1"
"1242","UA","47","desktop","0","6","470","78","18","11.69","6.72","1"
"1019","UA","70","desktop","1","5","470","94","25","10.93","5.92","0"
"3983","UA","50","desktop","0","9","470","52","34","13.24","5.91","0"
"3807","UA","21","mobile","0","7","470","67","27","9.96","5.59","1"
"2057","CZ","32","mobile","0","7","470","67","26","15.85","5.42","0"
"3834","SK","66","mobile","0","6","470","78","22","10.61","5.55","1"
"994","CZ","69","mobile","0","7","470","67","17","11.09","6.59","1"
"3064","HU","18","mobile","1","7","471","67","22","11.9","6.77","0"
"773","SK","19","mobile","0","9","471","52","37","16.22","5.78","0"
"394","CZ","56","desktop","1","8","471","59","25","9.09","6.56","0"
"4253","UA","37","mobile","1","8","471","59","25","15.38","6.44","0"
"1201","PL","59","mobile","0","6","471","79","23","13.29","6.57","0"
"3919","HU","59","desktop","0","5","471","94","24","14.86","6.46","0"
"189","UA","65","tablet","1","7","471","67","13","13.51","5.0","1"
"1252","PL","36","mobile","0","8","471","59","32","10.71","6.47","1"
"864","UA","28","desktop","0","6","472","79","18","11.22","5.33","1"
"746","SK","43","desktop","1","7","472","67","18","15.01","6.28","1"
"3584","UA","35","mobile","0","9","472","52","21","16.69","6.29","0"
"1310","UA","58","mobile","0","6","472","79","22","15.15","5.91","0"
"1391","UA","33","mobile","0","6","472","79","22","11.63","5.23","1"
"41","HU","20","mobile","0","7","472","67","25","15.0","6.96","1"
"3563","PL","55","mobile","0","7","473","68","28","15.01","5.79","0"
"4114","UA","35","mobile","0","6","473","79","19","11.28","6.05","1"
"4966","UA","30","mobile","1","8","473","59","25","11.87","6.2","0"
"1380","SK","26","desktop","1","9","473","53","23","10.94","5.39","1"
"1573","UA","49","tablet","0","7","473","68","32","11.21","6.16","1"
"2899","UA","53","desktop","0","7","473","68","32","13.47","6.19","0"
"1690","UA","58","desktop","1","6","473","79","22","15.65","5.45","1"
"3434","SK","20","mobile","0","7","473","68","21","14.44","5.67","0"
"520","UA","50","mobile","0","7","474","68","33","13.85","6.76","0"
"381","CZ","26","mobile","0","7","474","68","14","12.19","5.0","1"
"4688","PL","65","mobile","1","8","474","59","23","14.52","6.0","0"
"4756","SK","65","mobile","0","7","474","68","27","12.63","6.52","0"
"2798","PL","37","mobile","0","6","474","79","20","12.58","5.95","1"
"1765","SK","30","mobile","1","4","474","119","34","11.53","6.32","1"
"3963","SK","18","mobile","1","7","475","68","17","8.29","6.59","0"
"1854","UA","51","desktop","1","3","475","158","17","8.92","6.06","1"
"4127","HU","31","mobile","1","4","475","119","29","14.49","5.93","0"
"68","SK","29","desktop","1","6","475","79","29","10.41","5.79","1"
"1273","UA","33","desktop","1","5","476","95","16","12.89","5.38","1"
"1654","UA","27","desktop","1","5","476","95","23","16.8","6.17","1"
"3722","CZ","38","desktop","0","8","476","60","22","12.27","5.77","0"
"3817","HU","69","desktop","0","6","476","79","22","17.75","5.95","1"
"1066","CZ","53","mobile","0","4","476","119","23","14.73","5.61","0"
"2874","UA","26","desktop","0","6","476","79","20","13.75","5.2","1"
"986","PL","37","desktop","1","6","476","79","20","14.05","6.4","1"
"3030","CZ","58","desktop","0","5","477","95","29","10.34","6.14","1"
"1060","UA","46","desktop","0","8","477","60","32","9.92","6.09","1"
"219","CZ","66","mobile","0","7","477","68","27","11.29","5.37","1"
"1529","SK","64","tablet","0","5","477","95","27","8.99","5.59","1"
"4160","UA","48","mobile","1","7","477","68","20","10.43","5.55","1"
"840","SK","25","tablet","0","3","477","159","31","10.61","5.26","1"
"3935","UA","31","desktop","0","8","477","60","28","13.68","5.39","0"
"1864","UA","47","desktop","0","5","477","95","18","13.39","6.44","1"
"336","UA","68","desktop","0","6","477","80","17","18.3","5.41","1"
"2677","UA","51","mobile","0","7","477","68","17","14.71","5.88","1"
"3193","SK","43","tablet","0","5","477","95","19","10.79","6.05","1"
"4061","PL","28","mobile","1","5","477","95","18","12.98","5.78","1"
"1085","HU","49","mobile","0","5","477","95","20","17.13","6.75","0"
"2695","UA","61","desktop","1","5","477","95","21","14.52","6.38","1"
"3718","PL","43","mobile","0","4","478","120","31","11.35","5.58","1"
"624","UA","66","mobile","0","9","478","53","24","14.16","6.0","0"
"1463","CZ","70","mobile","0","8","478","60","27","11.38","6.22","0"
"3553","UA","67","tablet","0","7","478","68","22","12.68","5.91","0"
"4952","UA","24","mobile","0","6","478","80","23","10.29","6.17","1"
"3517","UA","21","mobile","0","10","478","48","22","11.59","6.77","1"
"4904","UA","50","desktop","1","6","478","80","27","14.71","5.89","0"
"2626","UA","44","desktop","1","7","478","68","26","17.93","5.88","0"
"2620","UA","24","desktop","1","9","478","53","20","12.4","6.35","1"
"4812","UA","59","desktop","1","9","478","53","21","14.96","6.33","0"
"2518","UA","56","desktop","0","7","478","68","29","11.8","6.59","0"
"1503","SK","59","mobile","0","7","478","68","22","15.85","6.36","1"
"507","SK","42","tablet","0","9","478","53","23","11.12","6.39","0"
"4143","UA","22","mobile","0","7","479","68","21","12.99","5.81","0"
"1165","SK","45","mobile","0","8","479","60","16","10.65","5.38","1"
"4099","PL","35","mobile","0","7","479","68","17","19.36","5.18","0"
"3637","PL","50","mobile","1","5","479","96","23","13.34","6.48","0"
"2218","UA","45","tablet","0","8","480","60","26","14.11","6.54","0"
"3762","SK","65","desktop","1","8","480","60","17","17.81","6.12","0"
"270","SK","58","desktop","0","9","480","53","24","10.33","5.67","0"
"1365","CZ","61","mobile","0","7","480","69","20","12.05","6.3","0"
"2254","PL","69","mobile","0","6","480","80","14","11.95","6.29","1"
"2553","UA","39","mobile","0","9","480","53","22","12.53","5.77","0"
"570","HU","68","mobile","1","9","480","53","22","12.44","5.91","0"
"3420","UA","57","desktop","1","5","480","96","30","10.72","5.37","1"
"4073","HU","39","desktop","0","9","480","53","13","8.57","6.31","1"
"2794","CZ","20","mobile","0","8","480","60","19","17.28","6.63","0"
"1203","UA","66","desktop","1","6","481","80","16","12.3","5.44","1"
"1581","HU","67","mobile","0","5","481","96","31","9.05","6.1","1"
"1454","UA","67","mobile","0","9","481","53","16","9.26","6.19","0"
"1350","UA","57","desktop","0","5","481","96","28","16.59","6.43","1"
"4542","UA","69","mobile","1","8","481","60","23","14.15","6.43","0"
"1964","SK","26","mobile","1","7","481","69","14","17.69","5.5","0"
"2098","UA","33","desktop","0","8","482","60","22","17.17","6.41","0"
"829","PL","23","mobile","1","6","482","80","22","15.59","6.05","0"
"632","CZ","34","mobile","0","7","482","69","23","12.78","5.48","0"
"1043","UA","27","mobile","0","7","482","69","20","11.82","6.55","1"
"1933","UA","47","desktop","0","8","483","60","23","10.06","6.0","1"
"305","UA","37","mobile","0","7","483","69","20","12.92","6.0","0"
"4471","UA","70","desktop","1","5","483","97","25","12.67","5.96","0"
"3413","UA","51","desktop","0","8","483","60","18","12.22","5.39","1"
"4392","SK","48","desktop","0","9","483","54","12","11.33","6.67","0"
"3861","UA","64","mobile","0","9","483","54","22","11.17","6.0","1"
"1005","PL","40","mobile","0","7","483","69","20","8.89","5.95","1"
"3873","PL","66","mobile","0","5","483","97","27","12.21","6.0","1"
"1222","SK","25","desktop","0","6","483","81","13","15.35","6.46","1"
"669","PL","57","mobile","0","8","483","60","15","18.33","6.07","1"
"4317","SK","50","mobile","0","8","483","60","32","16.01","5.69","0"
"1445","UA","35","desktop","0","9","483","54","39","10.81","6.36","1"
"4902","PL","30","desktop","0","7","484","69","25","10.22","5.8","1"
"3667","UA","57","mobile","0","7","484","69","23","11.2","6.43","0"
"3930","PL","25","mobile","0","7","484","69","29","12.45","6.66","0"
"419","UA","35","mobile","0","7","484","69","32","17.02","5.97","0"
"94","UA","66","desktop","0","6","484","81","21","10.14","6.67","1"
"3846","UA","41","desktop","0","10","484","48","26","13.67","6.04","0"
"4703","SK","33","desktop","0","10","484","48","22","13.65","5.95","0"
"1410","SK","65","desktop","0","9","484","54","23","15.56","5.17","1"
"2589","PL","42","tablet","1","10","484","48","28","9.74","5.86","0"
"544","SK","54","mobile","1","7","484","69","20","8.72","4.75","0"
"4727","CZ","26","mobile","1","10","484","48","16","11.17","4.94","1"
"426","HU","27","tablet","0","7","485","69","21","14.1","5.86","1"
"4193","SK","27","mobile","0","6","485","81","25","19.51","6.64","0"
"3894","SK","34","mobile","0","8","485","61","24","12.29","5.54","0"
"2693","SK","51","desktop","0","7","485","69","25","10.42","5.84","1"
"2634","UA","65","tablet","1","7","485","69","23","10.52","6.17","0"
"3082","HU","37","mobile","0","4","485","121","26","10.33","6.5","1"
"2710","UA","59","mobile","0","7","485","69","21","14.63","6.38","1"
"3950","PL","67","mobile","0","5","485","97","22","10.73","6.0","1"
"617","CZ","41","desktop","0","6","486","81","21","9.6","5.43","1"
"1842","HU","21","mobile","0","9","486","54","17","12.79","4.82","0"
"3784","UA","27","mobile","0","7","486","69","20","10.05","5.85","0"
"826","HU","63","mobile","0","6","486","81","23","13.17","6.43","0"
"2929","UA","32","desktop","0","5","486","97","21","14.38","6.38","0"
"410","CZ","67","mobile","0","7","486","69","19","12.23","5.63","1"
"1561","UA","32","mobile","0","6","486","81","32","12.54","5.97","0"
"749","SK","54","desktop","0","7","486","69","17","11.72","5.94","0"
"1995","UA","31","mobile","0","9","487","54","30","16.84","6.27","0"
"2951","HU","31","desktop","0","8","487","61","18","12.92","5.67","1"
"4089","CZ","35","mobile","0","6","487","81","15","10.97","6.67","1"
"442","CZ","45","mobile","0","6","487","81","22","12.88","6.36","0"
"67","UA","45","desktop","1","8","487","61","24","14.63","5.58","1"
"3661","CZ","47","desktop","0","5","487","97","32","10.12","6.0","1"
"3209","PL","52","desktop","1","6","487","81","22","14.0","6.14","1"
"1734","UA","28","mobile","0","6","488","81","19","12.27","6.21","1"
"837","UA","55","tablet","0","5","488","98","22","20.5","6.68","0"
"428","UA","18","mobile","1","5","488","98","17","13.09","7.41","0"
"1465","UA","62","desktop","0","8","488","61","19","14.1","6.47","0"
"217","HU","25","desktop","0","9","489","54","26","13.75","5.31","0"
"2500","UA","64","tablet","0","10","489","49","23","12.55","6.57","0"
"939","PL","36","mobile","0","8","489","61","19","8.89","6.0","0"
"3999","PL","61","desktop","0","8","489","61","27","9.85","5.85","0"
"4695","CZ","68","mobile","0","10","489","49","16","9.45","6.25","0"
"2606","HU","50","mobile","1","8","489","61","22","10.76","5.59","0"
"4974","UA","23","mobile","1","9","489","54","24","11.0","7.0","0"
"1675","SK","18","desktop","0","8","489","61","22","15.43","5.95","0"
"143","UA","69","desktop","0","5","489","98","27","9.24","5.85","0"
"2519","SK","47","mobile","0","10","489","49","20","14.12","6.15","1"
"3751","HU","69","mobile","0","9","490","54","25","12.38","6.48","0"
"4110","UA","63","desktop","1","11","490","45","30","9.47","6.47","0"
"4360","SK","24","mobile","0","4","490","123","32","12.14","6.53","0"
"2369","PL","35","desktop","1","9","490","54","19","12.05","6.47","1"
"3871","PL","20","desktop","0","7","490","70","28","11.58","6.04","0"
"117","UA","18","mobile","1","6","490","82","26","13.24","6.35","0"
"3566","UA","39","desktop","0","6","490","82","30","13.15","6.53","0"
"66","UA","21","mobile","1","7","490","70","17","10.52","6.29","0"
"3120","UA","36","mobile","0","7","490","70","21","13.93","6.67","0"
"904","UA","41","desktop","0","6","490","82","19","12.5","5.26","0"
"4615","CZ","56","desktop","0","6","490","82","24","9.5","6.46","1"
"2294","PL","67","mobile","0","6","491","82","18","12.82","6.61","0"
"1936","HU","45","mobile","0","6","491","82","29","13.84","6.62","0"
"3211","UA","20","mobile","0","6","491","82","34","11.66","6.03","0"
"1403","HU","48","desktop","0","5","491","98","26","10.83","5.0","0"
"50","HU","48","desktop","0","5","491","98","23","14.09","5.09","0"
"3653","PL","41","desktop","0","4","491","123","21","12.89","6.29","1"
"3596","UA","49","mobile","1","9","491","55","20","17.63","5.15","0"
"46","UA","69","mobile","0","7","491","70","29","16.26","5.72","0"
"2461","CZ","41","desktop","0","6","492","82","21","15.25","5.62","0"
"2653","SK","23","mobile","0","9","492","55","28","12.8","5.61","0"
"4282","SK","62","mobile","0","7","492","70","25","12.92","6.36","0"
"2344","UA","35","tablet","0","8","492","62","28","12.6","5.89","0"
"4849","UA","47","mobile","1","7","492","70","20","12.45","6.15","0"
"3169","PL","54","mobile","1","5","492","98","21","11.72","6.67","1"
"1184","UA","20","mobile","0","7","492","70","33","11.93","6.18","0"
"299","PL","37","mobile","1","7","493","70","27","12.59","5.63","0"
"2370","PL","20","desktop","0","7","493","70","26","12.92","6.77","0"
"1997","UA","35","mobile","0","10","493","49","23","12.77","5.74","0"
"293","UA","60","mobile","0","8","493","62","21","17.81","5.62","0"
"3158","UA","21","mobile","0","8","493","62","18","12.48","6.5","0"
"662","PL","62","desktop","0","7","493","70","16","12.48","5.81","0"
"1231","PL","33","mobile","1","6","493","82","30","13.89","6.2","0"
"2808","UA","32","desktop","0","7","493","70","27","11.0","6.15","1"
"4793","SK","68","desktop","0","7","493","70","30","9.28","5.77","0"
"3061","PL","57","mobile","1","6","493","82","25","12.59","6.44","0"
"4062","HU","52","mobile","0","9","494","55","27","11.27","6.0","0"
"1929","UA","19","tablet","0","6","494","82","24","10.61","5.42","1"
"3507","UA","18","mobile","0","9","494","55","28","16.35","6.11","0"
"4276","CZ","69","mobile","1","9","494","55","21","13.72","6.71","0"
"2564","UA","66","mobile","0","7","494","71","26","13.38","5.31","0"
"4180","UA","39","mobile","0","7","494","71","24","14.98","5.92","0"
"1603","PL","62","mobile","0","7","495","71","18","12.34","6.11","0"
"1918","UA","57","mobile","0","8","495","62","22","15.29","5.77","0"
"4894","PL","45","desktop","1","7","495","71","23","11.05","4.91","1"
"3308","UA","65","mobile","1","5","495","99","35","14.64","5.77","0"
"1138","PL","65","tablet","0","5","495","99","21","13.28","6.57","1"
"2164","HU","29","desktop","0","9","495","55","16","11.27","6.06","1"
"1939","SK","27","mobile","0","5","496","99","33","14.49","5.73","1"
"4278","PL","20","mobile","0","8","496","62","25","15.91","5.64","1"
"463","PL","21","desktop","0","6","496","83","21","11.93","6.81","1"
"407","HU","51","desktop","0","7","497","71","28","10.63","6.82","1"
"3337","UA","43","mobile","0","5","497","99","32","15.45","5.41","0"
"3634","UA","19","mobile","0","8","497","62","24","9.1","5.42","1"
"1195","UA","37","desktop","0","7","497","71","25","14.28","6.72","1"
"2331","HU","18","mobile","0","8","497","62","16","12.13","5.75","0"
"4434","PL","20","mobile","1","9","497","55","17","9.71","5.35","0"
"2225","SK","60","mobile","0","9","497","55","26","17.45","6.27","0"
"4208","UA","41","desktop","1","5","498","100","24","14.45","4.75","0"
"1896","PL","67","desktop","1","8","498","62","28","13.43","6.18","0"
"3504","PL","20","mobile","0","5","498","100","24","14.07","6.13","0"
"1363","PL","21","tablet","0","7","498","71","27","10.54","6.89","0"
"1865","SK","48","mobile","0","5","498","100","28","12.78","6.18","0"
"3687","HU","57","desktop","0","9","498","55","28","12.84","5.54","0"
"1190","PL","69","desktop","0","11","498","45","30","15.96","6.93","0"
"1944","UA","58","desktop","0","9","499","55","26","11.07","5.77","1"
"4123","UA","45","mobile","0","7","499","71","22","11.3","5.41","0"
"4908","UA","60","mobile","0","6","499","83","29","10.09","6.0","1"
"882","SK","32","desktop","0","6","499","83","19","14.78","5.26","1"
"4268","CZ","20","mobile","1","9","499","55","18","8.09","6.39","0"
"4590","HU","68","desktop","1","7","499","71","27","12.89","5.89","0"
"2283","UA","21","mobile","0","5","499","100","24","11.21","5.71","1"
"4070","UA","45","mobile","1","7","499","71","20","11.83","4.55","0"
"4026","SK","36","desktop","1","7","499","71","32","13.34","6.47","0"
"2927","UA","23","mobile","1","9","499","55","32","10.53","5.84","1"
"2732","HU","22","mobile","0","7","499","71","26","9.07","6.77","1"
"2721","PL","57","mobile","1","6","499","83","32","11.98","5.94","0"
"2000","UA","51","desktop","0","7","500","71","26","12.42","5.38","0"
"4582","SK","52","mobile","1","8","500","63","31","9.01","6.58","0"
"4843","UA","57","mobile","0","7","500","71","19","14.9","5.95","1"
"4256","UA","30","desktop","0","8","500","63","29","10.53","5.17","1"
"114","SK","54","mobile","0","8","500","63","16","10.08","5.44","0"
"1082","CZ","28","desktop","0","10","500","50","35","18.51","6.03","0"
"2883","UA","57","mobile","0","8","500","63","21","10.01","6.95","1"
"897","HU","27","desktop","0","7","500","71","31","11.95","6.32","0"
"1598","UA","21","mobile","1","6","500","83","23","16.09","5.7","0"
"3796","PL","53","mobile","0","7","501","72","32","12.55","6.03","0"
"2260","CZ","39","mobile","0","7","501","72","14","13.18","7.14","0"
"4755","UA","37","mobile","1","10","501","50","34","12.85","6.79","0"
"2408","PL","22","mobile","1","7","501","72","23","10.33","6.22","0"
"1911","UA","59","tablet","1","6","501","84","21","10.81","5.86","1"
"4242","PL","45","desktop","0","5","501","100","26","11.45","6.23","0"
"1437","UA","66","desktop","1","10","501","50","28","12.64","6.04","0"
"4488","PL","43","mobile","0","6","502","84","24","12.47","6.71","0"
"2036","CZ","34","tablet","1","8","502","63","30","13.16","5.93","0"
"3567","PL","61","desktop","0","10","502","50","27","18.06","5.93","0"
"3852","UA","57","mobile","0","7","502","72","23","18.43","6.09","0"
"4537","UA","44","tablet","0","6","502","84","21","15.4","5.9","1"
"20","CZ","63","mobile","0","7","502","72","24","11.23","5.63","1"
"622","UA","22","desktop","1","6","503","84","28","12.01","5.71","0"
"406","SK","65","desktop","1","6","503","84","17","12.61","6.0","1"
"3234","UA","24","tablet","0","5","503","101","27","14.88","5.04","1"
"910","CZ","22","mobile","1","5","503","101","27","12.64","5.67","1"
"3275","CZ","55","mobile","0","6","503","84","26","14.52","6.04","1"
"3962","CZ","23","desktop","1","6","503","84","22","13.24","6.05","0"
"2605","UA","32","mobile","1","6","503","84","23","14.37","6.74","0"
"4780","CZ","67","mobile","0","5","503","101","26","11.33","6.0","1"
"2785","UA","34","mobile","0","7","503","72","27","13.02","6.44","0"
"2054","UA","40","mobile","0","11","503","46","17","14.55","7.24","0"
"55","UA","27","mobile","0","10","503","50","27","8.6","5.78","0"
"839","PL","19","desktop","0","9","504","56","22","9.86","5.95","0"
"1904","UA","18","mobile","0","7","504","72","30","9.83","6.13","0"
"2319","SK","47","mobile","1","5","504","101","19","15.0","4.84","0"
"4414","SK","19","mobile","0","7","504","72","26","15.02","6.08","0"
"350","PL","24","desktop","0","8","504","63","17","10.98","6.06","1"
"3395","SK","37","desktop","1","7","504","72","29","14.55","6.0","0"
"2280","HU","21","desktop","0","7","504","72","31","11.13","6.58","0"
"813","CZ","29","mobile","1","9","504","56","24","17.77","5.42","0"
"822","UA","49","desktop","0","7","505","72","25","11.96","6.0","0"
"124","UA","19","mobile","0","9","505","56","21","15.34","6.19","0"
"3529","CZ","28","mobile","0","6","505","84","31","12.01","5.52","1"
"4739","UA","35","mobile","1","10","505","51","24","15.81","6.42","0"
"3292","SK","70","desktop","1","8","505","63","18","15.56","5.94","0"
"2698","PL","51","mobile","0","7","505","72","25","19.47","6.12","0"
"2494","UA","45","desktop","1","7","505","72","14","8.89","5.71","1"
"3657","SK","35","mobile","0","8","505","63","29","13.6","6.14","0"
"3240","UA","34","tablet","0","6","505","84","26","11.18","6.35","1"
"3633","CZ","28","mobile","0","7","505","72","21","10.16","6.67","0"
"615","CZ","46","mobile","1","8","506","63","21","11.51","6.62","0"
"649","CZ","33","mobile","1","7","506","72","28","13.91","6.32","0"
"4113","PL","52","desktop","1","10","506","51","23","14.89","5.74","0"
"3425","PL","32","desktop","1","9","506","56","29","10.33","5.69","0"
"2013","HU","50","mobile","1","8","506","63","23","13.95","5.35","0"
"2483","HU","40","mobile","1","7","506","72","27","11.96","6.07","0"
"2247","UA","63","tablet","0","8","507","63","24","11.33","6.79","1"
"3592","UA","27","mobile","0","8","507","63","25","13.96","5.88","0"
"4292","SK","33","mobile","1","7","507","72","29","12.8","6.21","0"
"3477","PL","32","desktop","1","7","507","72","18","10.21","5.78","0"
"4199","UA","36","mobile","1","5","507","101","23","13.67","5.57","1"
"3123","UA","52","mobile","0","8","507","63","17","11.15","6.24","0"
"4153","UA","32","mobile","0","9","507","56","20","17.18","5.55","1"
"2008","UA","31","tablet","0","8","507","63","22","13.85","5.36","0"
"88","UA","56","desktop","1","7","507","72","27","12.84","6.22","0"
"79","UA","54","mobile","0","5","508","102","28","11.8","6.07","0"
"3084","SK","44","desktop","0","3","508","169","29","11.42","5.41","1"
"3625","UA","25","desktop","0","9","508","56","31","13.07","6.68","0"
"2187","PL","25","desktop","1","8","508","64","18","15.32","7.0","0"
"2289","SK","52","mobile","0","7","508","73","19","12.32","6.0","0"
"1134","UA","55","desktop","0","9","508","56","26","10.79","5.35","0"
"129","PL","23","mobile","0","6","508","85","30","15.04","5.4","0"
"644","SK","45","mobile","0","6","508","85","27","16.76","6.19","0"
"2198","PL","63","desktop","0","9","509","57","25","13.03","6.24","0"
"3924","SK","27","desktop","0","9","509","57","19","9.18","5.63","0"
"2876","PL","18","mobile","0","5","509","102","22","21.47","6.64","0"
"2045","UA","34","desktop","0","7","509","73","24","12.98","6.96","0"
"3745","PL","65","desktop","0","6","509","85","34","12.11","6.06","0"
"688","UA","19","mobile","0","5","509","102","25","24.58","6.32","0"
"3212","UA","40","mobile","0","8","509","64","30","12.18","5.8","0"
"4104","UA","24","mobile","0","5","509","102","25","12.41","6.44","0"
"1170","HU","20","mobile","0","7","509","73","26","16.69","6.27","0"
"2","UA","22","mobile","0","4","509","127","20","9.13","5.4","1"
"1132","CZ","29","mobile","1","10","509","51","26","9.88","5.96","0"
"4708","UA","31","desktop","1","7","509","73","32","11.88","5.91","0"
"464","PL","39","mobile","1","8","510","64","21","13.02","6.24","1"
"2792","HU","59","mobile","0","7","510","73","18","12.12","6.56","0"
"3741","CZ","61","desktop","0","8","510","64","19","13.07","5.58","0"
"1644","UA","40","mobile","0","9","510","57","14","10.09","6.5","1"
"4138","SK","18","mobile","0","5","510","102","28","11.6","6.11","1"
"4443","PL","61","desktop","0","7","510","73","26","17.52","6.04","0"
"569","CZ","59","tablet","0","8","510","64","22","12.45","5.86","0"
"4886","CZ","40","tablet","1","9","510","57","24","18.09","6.04","0"
"3886","PL","37","desktop","0","4","510","128","11","7.51","5.64","1"
"1610","SK","60","desktop","0","6","510","85","33","12.32","6.06","1"
"914","SK","67","desktop","1","9","510","57","23","11.43","6.04","0"
"4498","UA","40","mobile","1","8","510","64","35","12.66","6.26","0"
"735","HU","45","desktop","0","6","510","85","20","15.47","5.95","0"
"3249","UA","58","desktop","1","8","511","64","29","12.8","5.79","0"
"2097","SK","43","mobile","0","8","511","64","22","15.5","6.55","0"
"3967","SK","45","tablet","0","8","511","64","30","11.68","6.93","1"
"3467","PL","24","mobile","0","5","511","102","18","11.44","5.94","1"
"1602","PL","49","mobile","0","9","511","57","19","15.55","5.42","0"
"3607","UA","48","mobile","0","8","511","64","22","13.69","6.09","0"
"3858","UA","66","mobile","1","5","511","102","20","16.63","6.4","1"
"245","SK","50","mobile","1","9","511","57","20","15.65","6.05","0"
"2371","UA","24","desktop","0","10","511","51","22","9.59","5.36","0"
"4087","HU","56","tablet","0","7","512","73","26","16.53","5.81","0"
"501","PL","59","mobile","0","7","512","73","26","8.73","6.54","0"
"1583","PL","52","tablet","0","8","513","64","25","17.14","5.4","0"
"1402","UA","40","mobile","0","10","513","51","19","17.06","6.63","0"
"2432","CZ","46","mobile","0","6","513","86","21","12.55","6.43","0"
"1716","PL","52","mobile","0","8","513","64","16","10.91","6.13","0"
"4504","CZ","45","mobile","0","7","513","73","17","9.79","5.88","0"
"3644","CZ","36","mobile","0","7","513","73","18","17.32","6.67","0"
"2208","SK","30","mobile","0","7","513","73","22","11.31","5.68","1"
"1639","HU","23","mobile","1","6","513","86","25","16.3","5.96","0"
"2414","UA","27","desktop","0","10","513","51","25","12.22","6.96","0"
"1702","SK","45","mobile","0","7","513","73","30","13.63","5.8","0"
"2936","PL","30","tablet","0","9","513","57","14","13.29","5.29","1"
"3231","UA","23","desktop","0","9","513","57","29","16.82","5.45","1"
"817","HU","18","desktop","1","6","513","86","24","12.6","5.58","1"
"4788","HU","19","desktop","0","6","513","86","24","13.84","5.88","1"
"972","SK","30","mobile","1","8","514","64","19","15.73","6.32","1"
"3600","UA","28","mobile","0","7","514","73","19","12.43","6.0","1"
"672","PL","65","desktop","0","9","514","57","21","17.02","5.48","0"
"699","SK","31","mobile","0","7","514","73","22","8.95","6.41","0"
"3271","SK","54","tablet","1","8","514","64","24","11.46","6.25","0"
"4652","CZ","69","desktop","0","9","514","57","24","12.7","5.63","1"
"3385","SK","58","tablet","1","9","514","57","29","10.21","5.24","0"
"1471","PL","19","mobile","0","8","514","64","30","9.74","6.0","0"
"1233","CZ","35","desktop","0","7","514","73","31","10.62","5.84","0"
"2540","UA","52","tablet","0","6","514","86","31","16.28","5.87","0"
"692","SK","37","desktop","0","7","515","74","35","11.18","5.77","0"
"3898","UA","36","tablet","0","6","515","86","19","13.73","6.37","1"
"3081","CZ","23","desktop","0","7","515","74","26","18.86","5.81","0"
"4151","CZ","19","mobile","1","7","515","74","26","13.25","5.85","0"
"1324","UA","34","mobile","0","7","515","74","17","14.83","6.0","1"
"2583","UA","61","mobile","0","6","515","86","27","9.86","4.85","0"
"4664","UA","58","mobile","0","6","516","86","21","13.6","6.9","0"
"128","PL","56","mobile","1","6","516","86","19","13.08","6.42","1"
"3043","UA","66","desktop","0","10","516","52","32","13.24","5.81","0"
"1992","UA","38","mobile","0","9","516","57","27","13.74","6.22","0"
"1260","SK","70","mobile","0","9","516","57","22","13.81","6.18","0"
"664","HU","20","mobile","0","7","516","74","26","13.53","5.73","0"
"2507","CZ","21","desktop","1","6","516","86","19","11.56","5.95","1"
"681","UA","53","desktop","0","6","517","86","22","16.17","5.77","1"
"1927","SK","44","desktop","0","7","517","74","16","20.96","7.0","0"
"4560","SK","18","mobile","1","6","517","86","26","16.61","6.23","0"
"3009","HU","39","mobile","0","5","517","103","30","11.82","5.63","1"
"2917","CZ","34","desktop","0","8","517","65","22","15.12","6.68","0"
"689","PL","30","desktop","1","6","517","86","15","18.23","6.13","1"
"2890","UA","24","desktop","0","7","517","74","25","14.53","5.84","0"
"4108","PL","26","tablet","0","5","517","103","16","18.26","5.06","0"
"2106","SK","18","desktop","0","8","517","65","25","15.48","5.8","0"
"4004","SK","40","tablet","1","6","518","86","25","11.84","5.32","1"
"340","CZ","53","desktop","0","8","518","65","30","10.98","5.77","1"
"654","UA","58","mobile","0","11","518","47","29","16.34","6.21","0"
"4350","PL","70","mobile","0","7","518","74","29","12.87","6.28","0"
"3029","UA","59","mobile","1","7","518","74","23","15.65","5.96","0"
"1956","HU","33","desktop","1","6","518","86","23","17.46","5.83","0"
"2891","HU","61","tablet","0","6","518","86","30","11.33","5.9","1"
"3442","SK","51","desktop","0","8","518","65","16","13.34","6.31","1"
"3170","UA","29","desktop","0","9","518","58","23","13.55","6.52","0"
"1246","PL","38","mobile","0","9","518","58","26","13.26","6.04","0"
"2153","PL","43","desktop","0","5","518","104","20","11.51","6.2","1"
"3011","UA","46","mobile","0","7","518","74","27","13.24","6.96","0"
"3851","PL","64","mobile","0","9","518","58","14","13.44","6.21","0"
"3346","UA","19","desktop","0","8","518","65","24","11.73","5.79","0"
"2333","UA","40","mobile","0","6","519","87","24","12.53","6.75","0"
"3062","CZ","23","mobile","1","9","519","58","19","15.17","5.68","0"
"3739","PL","59","desktop","0","7","519","74","20","14.76","5.75","0"
"3384","PL","24","desktop","0","9","519","58","21","14.98","5.1","1"
"792","UA","45","mobile","1","10","519","52","36","12.09","6.5","0"
"4419","UA","26","mobile","1","7","519","74","22","12.85","6.23","0"
"2340","PL","41","tablet","0","7","519","74","29","13.81","6.48","0"
"4232","PL","57","mobile","0","8","519","65","28","12.97","6.29","0"
"152","UA","18","mobile","1","8","519","65","16","9.1","5.88","1"
"1785","CZ","27","mobile","1","7","519","74","31","17.31","5.68","0"
"80","CZ","42","desktop","0","6","519","87","24","14.18","5.38","1"
"2790","CZ","56","desktop","1","9","520","58","20","14.6","6.45","0"
"517","UA","59","mobile","0","9","520","58","20","10.05","6.05","1"
"4620","PL","43","desktop","0","9","520","58","22","11.75","6.32","0"
"1595","UA","33","tablet","1","6","520","87","21","16.36","5.24","1"
"543","CZ","64","mobile","0","9","520","58","23","14.59","6.26","0"
"3282","CZ","34","desktop","1","7","520","74","23","10.05","6.22","1"
"2812","CZ","31","tablet","0","9","520","58","21","18.99","5.48","0"
"1590","CZ","65","mobile","0","5","521","104","24","14.04","6.46","0"
"902","HU","36","desktop","1","8","521","65","23","15.29","5.83","0"
"3494","HU","27","mobile","1","8","521","65","22","13.36","5.86","0"
"3860","PL","33","desktop","0","5","522","104","28","13.75","5.89","0"
"4709","UA","29","mobile","0","6","522","87","17","11.33","4.76","1"
"1638","UA","47","desktop","1","8","522","65","23","11.86","6.17","0"
"4409","CZ","60","mobile","1","7","522","75","25","13.6","5.24","0"
"1574","CZ","65","mobile","0","8","522","65","20","11.12","6.35","0"
"1420","UA","66","mobile","0","9","522","58","22","11.29","6.14","0"
"4328","UA","68","mobile","0","7","522","75","28","11.74","6.36","0"
"1545","UA","43","mobile","0","7","522","75","19","13.78","5.68","0"
"2379","HU","48","desktop","0","8","522","65","25","12.93","5.84","0"
"3569","UA","23","mobile","0","9","522","58","27","11.74","5.93","0"
"4177","CZ","49","desktop","1","8","523","65","21","9.75","6.57","0"
"3258","SK","53","mobile","0","8","523","65","24","10.17","6.33","0"
"4325","SK","70","mobile","1","7","523","75","23","17.86","6.13","0"
"625","PL","20","mobile","0","5","523","105","22","12.99","5.18","0"
"4553","CZ","39","mobile","0","7","523","75","26","15.88","5.96","0"
"51","PL","70","mobile","1","8","523","65","24","13.34","5.96","0"
"2640","UA","54","desktop","0","7","524","75","30","12.04","6.13","0"
"3245","PL","59","mobile","0","7","524","75","26","10.5","5.38","1"
"776","UA","68","mobile","0","9","524","58","16","10.79","7.25","1"
"1485","UA","47","desktop","0","6","524","87","18","9.19","7.33","1"
"787","PL","47","desktop","0","8","524","66","33","12.44","6.42","0"
"3014","UA","50","mobile","0","11","524","48","29","11.61","6.24","0"
"1084","UA","63","mobile","0","7","524","75","13","12.35","6.23","0"
"1136","UA","24","desktop","0","7","524","75","18","13.09","6.44","0"
"2394","CZ","38","desktop","1","8","524","66","26","11.71","5.35","1"
"1946","UA","64","desktop","0","7","524","75","25","14.21","5.56","0"
"4035","PL","53","desktop","0","6","524","87","28","16.18","6.11","0"
"214","UA","35","mobile","1","7","524","75","33","12.25","5.12","0"
"3255","UA","63","mobile","0","9","524","58","21","16.0","5.52","0"
"3473","UA","40","mobile","0","9","524","58","24","12.51","6.04","0"
"4103","HU","51","tablet","1","9","524","58","18","13.93","6.06","0"
"4338","SK","33","mobile","0","7","524","75","21","13.01","5.95","0"
"2567","UA","52","tablet","1","6","524","87","25","18.16","5.32","0"
"3090","UA","41","mobile","1","7","525","75","19","11.55","5.89","0"
"2074","UA","26","desktop","1","7","525","75","26","11.83","6.73","0"
"3165","HU","19","desktop","0","5","525","105","29","12.52","5.28","1"
"2651","UA","28","desktop","0","8","525","66","30","13.12","5.8","0"
"2833","PL","34","mobile","1","7","525","75","28","10.96","5.89","1"
"3498","UA","63","mobile","0","5","525","105","28","15.92","6.04","0"
"836","CZ","30","desktop","0","6","525","88","27","14.19","6.33","0"
"4599","PL","68","tablet","0","5","525","105","22","15.79","5.68","0"
"3493","UA","31","mobile","1","11","526","48","24","14.0","5.0","0"
"1299","UA","38","mobile","1","9","526","58","13","9.31","6.0","1"
"1626","UA","55","desktop","1","6","526","88","30","12.25","6.1","1"
"2952","PL","46","desktop","0","8","526","66","25","11.72","5.68","0"
"4173","PL","23","mobile","0","10","526","53","20","11.4","6.0","0"
"3215","PL","50","mobile","1","7","526","75","22","13.4","6.41","0"
"1972","PL","37","tablet","0","7","526","75","26","13.62","5.73","1"
"1115","SK","59","tablet","0","7","526","75","16","16.95","6.63","0"
"4288","UA","49","desktop","0","7","526","75","22","16.17","5.27","1"
"1180","UA","31","tablet","0","10","527","53","24","16.3","5.71","0"
"2757","CZ","59","mobile","1","6","527","88","30","13.21","6.8","0"
"2314","UA","65","mobile","1","8","527","66","28","10.94","6.04","1"
"911","CZ","68","mobile","0","8","527","66","27","14.47","6.56","0"
"3482","UA","43","mobile","0","12","527","44","13","12.23","6.23","0"
"4080","PL","38","tablet","0","8","527","66","33","13.16","5.73","1"
"2309","UA","34","mobile","0","9","527","59","16","11.3","5.94","0"
"2217","UA","28","desktop","0","6","528","88","24","16.86","6.38","0"
"1296","PL","49","mobile","0","7","528","75","12","12.33","5.75","0"
"959","PL","50","mobile","1","9","528","59","17","12.34","6.29","0"
"4323","CZ","35","tablet","0","6","528","88","21","10.34","6.0","1"
"4877","PL","56","mobile","1","11","528","48","22","8.16","7.5","1"
"2329","PL","70","mobile","1","8","528","66","22","15.32","6.18","0"
"4423","UA","48","tablet","0","7","528","75","25","11.14","6.04","1"
"347","SK","66","desktop","0","7","528","75","23","10.55","6.65","0"
"2580","PL","62","mobile","1","5","528","106","29","9.2","5.83","1"
"1810","UA","39","desktop","0","9","529","59","23","12.52","6.48","0"
"2084","UA","42","desktop","0","8","529","66","27","14.53","6.22","0"
"151","UA","62","mobile","1","8","529","66","20","10.0","6.05","1"
"4790","UA","63","mobile","0","8","529","66","17","13.25","6.24","0"
"4956","UA","30","mobile","1","7","529","76","24","18.23","6.83","0"
"3605","CZ","40","mobile","0","4","529","132","26","11.07","6.04","0"
"3601","UA","40","desktop","1","9","529","59","29","11.66","5.97","0"
"511","CZ","49","tablet","1","8","530","66","19","11.89","5.89","0"
"2403","UA","66","desktop","1","7","530","76","21","13.39","5.57","1"
"2735","UA","32","mobile","0","9","530","59","22","11.34","6.91","1"
"4078","SK","37","desktop","0","8","530","66","27","11.71","6.37","0"
"479","UA","38","desktop","0","8","530","66","33","13.44","5.42","0"
"185","PL","33","mobile","1","10","530","53","25","12.23","5.24","0"
"2932","SK","25","mobile","1","7","530","76","38","16.81","5.97","0"
"1998","UA","41","desktop","0","11","530","48","25","19.59","6.56","0"
"3723","HU","65","desktop","0","7","531","76","23","14.98","6.61","0"
"3192","HU","44","mobile","1","8","531","66","29","10.81","6.59","1"
"4836","HU","28","desktop","0","8","531","66","18","17.54","6.78","0"
"1684","CZ","29","mobile","1","7","531","76","22","13.97","6.59","0"
"4627","PL","24","desktop","1","8","531","66","20","9.57","6.5","1"
"3024","UA","44","tablet","0","10","531","53","23","16.72","5.61","0"
"2096","SK","46","desktop","0","8","531","66","27","11.94","5.59","0"
"1177","HU","25","tablet","0","9","532","59","30","12.55","6.4","0"
"3402","UA","31","desktop","0","10","532","53","26","13.5","5.12","0"
"4935","UA","45","mobile","1","9","532","59","27","15.3","6.41","0"
"1983","CZ","19","mobile","0","10","532","53","28","12.03","5.39","0"
"4517","UA","68","mobile","1","7","532","76","22","14.52","5.86","0"
"288","SK","41","mobile","0","8","532","67","21","15.83","5.67","1"
"13","CZ","46","tablet","0","6","532","89","19","13.75","6.05","0"
"4776","CZ","49","mobile","0","7","533","76","29","17.13","6.72","0"
"1135","UA","36","mobile","1","6","533","89","24","11.55","5.96","0"
"3141","UA","33","desktop","0","7","533","76","18","12.17","6.28","0"
"206","UA","25","desktop","0","10","533","53","28","13.79","5.21","1"
"1362","CZ","67","mobile","0","3","533","178","25","13.26","5.52","1"
"580","SK","28","tablet","0","8","533","67","19","11.49","6.0","1"
"4835","UA","19","desktop","1","6","533","89","22","13.74","6.09","0"
"3614","UA","64","mobile","0","6","533","89","21","10.78","5.71","1"
"540","PL","39","mobile","0","10","533","53","22","11.5","5.77","0"
"3911","SK","61","mobile","1","8","534","67","37","14.25","6.27","0"
"2400","PL","49","desktop","0","6","534","89","32","12.59","6.47","0"
"4093","UA","44","mobile","0","7","534","76","29","14.14","6.21","0"
"220","UA","29","desktop","0","8","534","67","25","11.16","6.0","0"
"690","CZ","62","mobile","0","8","534","67","25","11.63","5.4","1"
"3509","UA","56","desktop","1","7","534","76","23","13.21","6.39","0"
"4921","UA","66","mobile","0","6","535","89","23","8.53","6.13","1"
"3524","CZ","27","mobile","0","7","535","76","17","10.76","6.35","0"
"1330","SK","55","mobile","0","9","535","59","25","12.91","6.72","0"
"4642","UA","42","desktop","0","8","535","67","26","18.6","6.23","0"
"2033","UA","23","mobile","0","7","535","76","24","13.3","7.0","0"
"3456","CZ","24","mobile","0","8","535","67","23","11.04","6.04","0"
"2546","SK","62","desktop","0","9","535","59","36","12.59","5.75","0"
"2971","UA","38","desktop","0","7","535","76","22","17.18","6.55","0"
"2337","SK","23","tablet","1","8","535","67","20","16.71","5.8","1"
"2776","CZ","43","tablet","1","8","535","67","17","11.04","5.65","0"
"3027","UA","50","mobile","1","7","535","76","26","10.34","6.04","0"
"3650","UA","33","mobile","0","11","535","49","22","20.79","5.59","0"
"2814","CZ","36","mobile","1","7","535","76","26","9.56","6.77","0"
"4482","UA","67","mobile","0","6","536","89","29","13.96","6.07","1"
"4795","CZ","56","desktop","0","5","536","107","13","9.38","6.15","1"
"4203","PL","26","desktop","1","8","536","67","27","16.13","5.74","1"
"2195","UA","29","desktop","0","9","536","60","29","14.08","5.41","1"
"4132","CZ","37","mobile","0","9","536","60","27","11.11","5.48","0"
"1464","SK","54","desktop","0","9","536","60","23","12.77","6.04","0"
"2783","SK","37","mobile","1","5","536","107","24","12.8","5.46","1"
"2059","CZ","50","mobile","0","7","536","77","19","14.28","5.74","0"
"755","UA","30","desktop","1","7","537","77","20","13.87","5.05","0"
"4813","CZ","61","desktop","1","7","537","77","23","16.93","5.7","0"
"759","SK","57","mobile","0","7","537","77","27","13.37","5.63","0"
"3523","UA","34","mobile","0","10","537","54","22","17.1","6.55","0"
"1369","CZ","33","mobile","0","8","537","67","26","11.98","5.65","0"
"2463","UA","54","desktop","0","7","537","77","17","16.24","5.06","1"
"3831","CZ","59","desktop","0","6","537","90","20","13.63","5.95","0"
"3914","SK","51","desktop","0","6","537","90","20","10.86","5.7","1"
"541","SK","26","desktop","1","10","537","54","17","14.81","6.59","0"
"1412","PL","18","desktop","0","8","537","67","16","7.29","4.88","1"
"338","HU","38","mobile","1","5","538","108","28","17.68","6.64","0"
"1665","UA","21","mobile","0","8","538","67","24","12.6","6.58","0"
"3638","UA","64","mobile","1","7","538","77","20","11.34","5.2","1"
"2047","UA","64","mobile","0","8","538","67","23","12.33","6.74","0"
"3427","CZ","40","mobile","0","9","538","60","19","14.34","5.68","1"
"4612","UA","67","desktop","0","6","538","90","25","11.31","5.84","1"
"130","HU","18","mobile","1","6","538","90","24","8.99","5.33","1"
"1051","UA","57","desktop","0","8","538","67","17","17.75","6.82","0"
"183","HU","22","mobile","0","9","538","60","22","15.59","6.23","0"
"890","HU","36","desktop","1","8","538","67","25","14.81","5.88","0"
"1227","UA","54","desktop","0","8","538","67","25","14.61","5.8","0"
"2023","SK","33","mobile","0","9","538","60","22","16.92","6.36","0"
"1914","UA","61","tablet","0","7","538","77","24","11.47","5.33","1"
"1701","SK","42","mobile","0","7","539","77","31","11.47","5.97","0"
"1090","UA","63","desktop","1","6","539","90","22","11.14","5.41","0"
"1486","UA","26","desktop","1","7","539","77","25","11.23","6.48","1"
"3726","HU","66","mobile","0","7","539","77","19","16.37","6.05","0"
"2613","UA","35","desktop","0","8","539","67","28","11.38","5.64","0"
"4982","UA","69","desktop","0","7","539","77","27","14.07","6.15","0"
"4930","UA","41","mobile","1","6","539","90","24","14.45","5.54","1"
"4538","PL","18","desktop","0","8","539","67","22","12.32","4.82","0"
"1364","SK","55","desktop","0","5","540","108","21","11.83","6.57","1"
"4024","UA","19","mobile","0","6","540","90","28","12.55","6.21","0"
"2793","SK","23","mobile","1","8","540","68","35","14.36","5.86","0"
"1869","SK","36","mobile","0","6","540","90","34","12.24","5.76","1"
"1499","UA","54","mobile","0","8","540","68","32","15.82","5.75","1"
"417","UA","65","desktop","0","9","540","60","22","11.34","5.64","1"
"262","UA","43","desktop","0","7","540","77","31","10.47","5.32","0"
"4044","PL","21","desktop","1","7","540","77","28","17.18","6.29","0"
"2322","UA","19","desktop","0","7","540","77","28","11.6","5.71","1"
"97","UA","59","desktop","0","8","540","68","19","9.15","6.26","1"
"3492","HU","31","desktop","1","7","540","77","22","11.75","6.23","0"
"1671","UA","39","mobile","0","8","540","68","25","11.3","5.72","1"
"1970","SK","51","desktop","0","5","541","108","31","12.86","6.03","0"
"3444","PL","63","mobile","0","12","541","45","24","11.3","5.25","0"
"4036","UA","57","desktop","0","6","541","90","24","12.5","5.46","1"
"3684","CZ","29","mobile","0","10","541","54","22","11.78","5.18","0"
"19","HU","56","mobile","0","8","541","68","27","13.31","6.0","0"
"2496","UA","45","mobile","0","7","541","77","26","14.2","6.46","0"
"1792","PL","32","mobile","0","3","541","180","25","14.66","6.16","1"
"893","UA","46","desktop","0","10","541","54","28","12.52","5.86","0"
"1582","SK","18","mobile","0","7","541","77","22","18.5","6.09","0"
"1158","HU","56","desktop","0","8","542","68","13","11.89","5.85","0"
"4656","UA","53","mobile","0","7","542","77","24","11.35","6.29","0"
"3059","CZ","59","mobile","0","10","542","54","18","10.62","6.0","0"
"3214","UA","51","desktop","0","8","542","68","30","12.93","5.83","0"
"533","CZ","40","tablet","1","9","542","60","26","12.18","6.54","0"
"3031","CZ","53","tablet","1","6","543","91","24","13.72","6.17","0"
"2865","PL","56","mobile","0","10","543","54","23","7.89","6.48","0"
"4318","HU","39","mobile","1","9","543","60","27","9.6","6.48","0"
"3174","HU","58","mobile","1","6","543","91","26","11.8","5.27","0"
"1507","UA","34","mobile","1","6","543","91","15","16.18","5.87","1"
"4396","UA","44","mobile","0","6","543","91","21","13.3","6.1","1"
"887","PL","22","desktop","0","8","543","68","23","15.01","6.0","0"
"2194","UA","42","mobile","0","6","543","91","24","13.51","6.0","1"
"1641","CZ","61","mobile","0","8","544","68","22","12.6","5.86","0"
"3344","HU","70","mobile","0","11","544","49","28","15.49","5.57","0"
"4983","CZ","29","mobile","1","7","544","78","31","12.06","6.65","0"
"4290","UA","51","mobile","1","6","544","91","34","20.63","5.68","0"
"2572","CZ","55","desktop","1","8","544","68","31","15.36","6.58","0"
"472","HU","20","mobile","0","10","545","55","15","9.83","5.93","0"
"2410","UA","22","mobile","1","8","545","68","26","16.39","5.69","0"
"3342","UA","35","desktop","1","9","545","61","27","11.71","6.22","0"
"4997","UA","58","tablet","0","8","545","68","17","13.66","7.18","1"
"768","UA","28","desktop","0","6","545","91","24","10.99","6.38","0"
"974","UA","54","tablet","0","7","545","78","17","12.14","6.12","0"
"590","PL","26","mobile","0","8","545","68","16","11.03","6.19","0"
"162","HU","66","mobile","0","6","545","91","32","13.45","5.53","1"
"3470","SK","32","desktop","0","6","546","91","17","16.92","6.53","0"
"379","SK","21","desktop","1","7","546","78","24","11.95","5.63","0"
"1482","UA","30","mobile","0","7","546","78","25","11.12","6.36","1"
"171","UA","51","mobile","0","8","546","68","27","15.81","5.67","0"
"2385","UA","51","mobile","0","8","546","68","26","9.95","6.15","0"
"1625","PL","27","desktop","0","9","546","61","26","13.63","6.31","0"
"3913","SK","21","desktop","0","4","546","137","28","12.94","6.14","1"
"106","SK","39","mobile","0","5","546","109","24","10.16","6.42","0"
"1750","PL","29","mobile","0","7","546","78","29","11.2","6.21","1"
"4905","PL","60","mobile","0","10","546","55","18","13.71","6.72","0"
"277","SK","44","tablet","0","8","546","68","21","13.17","6.57","0"
"1214","CZ","41","mobile","0","7","546","78","19","12.75","5.79","1"
"4296","CZ","56","mobile","1","6","546","91","27","13.63","6.0","0"
"3176","PL","18","desktop","0","7","546","78","19","9.89","6.63","1"
"4730","CZ","31","desktop","0","7","547","78","24","10.46","6.42","1"
"542","PL","46","mobile","0","10","547","55","24","12.18","6.88","0"
"3533","UA","25","desktop","1","10","547","55","20","14.19","6.65","1"
"322","UA","23","mobile","0","9","547","61","23","15.1","5.74","0"
"1067","SK","30","mobile","0","7","547","78","28","11.18","5.64","1"
"4366","UA","40","tablet","0","6","547","91","30","13.81","6.03","1"
"2002","UA","39","mobile","0","8","547","68","19","11.15","6.63","1"
"2854","UA","68","desktop","1","9","547","61","27","8.64","6.26","0"
"3310","SK","54","tablet","0","6","547","91","29","13.33","5.62","0"
"1862","HU","36","mobile","0","8","547","68","26","11.98","6.04","0"
"2467","SK","60","desktop","0","6","547","91","22","12.02","5.91","0"
"4085","PL","64","desktop","0","6","547","91","22","11.87","5.95","0"
"4225","UA","63","mobile","0","7","548","78","25","17.6","6.08","0"
"4266","CZ","62","mobile","0","8","548","69","26","13.25","5.35","0"
"2516","UA","41","mobile","0","7","548","78","23","12.92","5.87","0"
"3331","UA","54","mobile","0","5","548","110","26","15.43","5.85","0"
"2967","PL","42","mobile","1","9","548","61","28","16.42","6.75","0"
"466","PL","60","mobile","1","5","548","110","28","10.1","5.75","1"
"1541","UA","66","desktop","1","12","548","46","16","11.81","6.5","0"
"371","CZ","67","desktop","0","9","548","61","25","14.01","6.16","0"
"1941","UA","57","mobile","0","9","549","61","31","12.99","5.32","0"
"3927","UA","44","desktop","0","6","549","92","19","14.95","5.95","1"
"1600","SK","43","mobile","0","7","549","78","25","13.26","5.16","0"
"3390","PL","31","tablet","0","9","549","61","17","7.49","6.35","0"
"3314","PL","26","mobile","0","9","549","61","22","15.45","6.41","0"
"2958","UA","42","mobile","0","8","550","69","24","10.05","5.92","0"
"3424","PL","40","mobile","0","6","550","92","20","19.21","5.75","1"
"1147","PL","62","desktop","0","7","550","79","23","13.32","5.83","0"
"3032","HU","23","desktop","0","5","551","110","21","18.44","5.81","1"
"4858","PL","37","desktop","1","10","551","55","21","12.76","5.67","0"
"1809","CZ","19","mobile","1","7","551","79","28","11.56","5.71","1"
"3980","UA","23","mobile","0","8","551","69","26","19.53","5.92","0"
"1899","UA","34","tablet","1","6","551","92","26","17.85","5.73","0"
"403","UA","63","mobile","0","12","551","46","28","11.22","5.89","0"
"2193","UA","21","mobile","0","8","551","69","20","16.88","5.75","1"
"4135","SK","32","desktop","0","6","551","92","17","10.66","5.76","1"
"3708","SK","52","desktop","0","6","551","92","21","14.88","6.52","0"
"1539","UA","22","mobile","0","9","551","61","29","15.29","5.66","0"
"4910","SK","67","mobile","1","6","551","92","23","13.01","5.7","1"
"2297","PL","44","mobile","0","4","551","138","23","9.61","5.87","1"
"2805","PL","41","mobile","0","6","551","92","24","13.53","6.46","1"
"789","SK","47","desktop","0","8","551","69","19","15.11","6.37","0"
"3259","PL","67","mobile","0","6","552","92","29","13.97","6.28","0"
"2393","UA","42","mobile","1","9","552","61","18","11.11","6.06","1"
"4000","HU","62","tablet","1","12","552","46","16","11.45","5.5","1"
"3956","UA","60","mobile","0","6","552","92","21","14.56","6.67","0"
"2124","UA","62","desktop","0","7","552","79","35","17.27","6.17","0"
"3668","HU","29","mobile","0","8","552","69","20","15.18","7.25","0"
"1038","UA","51","mobile","1","7","552","79","22","11.4","6.73","1"
"4640","PL","47","desktop","0","6","552","92","22","12.9","5.64","0"
"4919","PL","65","mobile","0","8","552","69","24","11.73","5.42","0"
"2006","HU","53","mobile","0","8","552","69","29","17.16","5.97","0"
"2847","SK","46","mobile","0","5","553","111","24","15.62","5.42","1"
"4357","CZ","62","tablet","1","9","553","61","26","12.97","6.77","0"
"1633","UA","51","desktop","0","5","553","111","21","15.93","7.05","1"
"3508","PL","29","desktop","0","8","554","69","20","16.98","6.2","1"
"301","PL","58","desktop","0","6","554","92","21","17.15","5.81","1"
"4992","PL","45","desktop","0","9","554","62","26","9.55","5.88","0"
"930","SK","38","desktop","1","9","554","62","20","14.83","5.35","1"
"3262","PL","32","desktop","0","9","554","62","17","13.01","5.47","0"
"1557","SK","31","desktop","0","7","555","79","21","14.13","6.95","1"
"4213","UA","20","desktop","0","6","555","93","25","10.37","6.0","0"
"694","UA","59","mobile","0","10","555","56","34","12.2","6.15","0"
"1797","PL","36","mobile","0","6","555","93","22","12.31","6.14","1"
"903","UA","40","desktop","0","7","555","79","25","10.97","6.08","1"
"494","CZ","52","desktop","0","7","556","79","20","17.63","6.65","0"
"4993","UA","46","mobile","0","5","556","111","22","10.35","6.27","1"
"188","PL","30","mobile","1","9","556","62","27","13.15","5.63","0"
"1340","UA","30","desktop","1","6","557","93","24","14.44","5.25","1"
"1672","HU","23","mobile","1","8","557","70","20","14.91","6.0","0"
"3513","UA","51","mobile","0","7","557","80","29","16.61","6.28","0"
"3468","UA","22","desktop","0","7","557","80","25","11.48","5.92","0"
"1097","UA","18","desktop","0","11","557","51","27","16.27","6.33","0"
"4731","PL","42","desktop","0","10","557","56","25","10.47","6.2","0"
"3867","UA","47","tablet","0","10","557","56","27","12.82","5.67","0"
"3819","CZ","51","mobile","0","7","557","80","29","15.39","5.69","1"
"1547","UA","22","mobile","0","7","557","80","29","11.94","6.03","0"
"4900","UA","39","mobile","0","7","557","80","17","11.57","5.71","1"
"4057","UA","35","desktop","0","7","557","80","31","14.06","5.1","0"
"4646","SK","22","mobile","0","6","558","93","17","9.12","5.18","1"
"1562","UA","36","desktop","0","6","558","93","22","14.46","5.86","1"
"3730","SK","30","tablet","0","10","558","56","23","11.74","6.57","0"
"4102","HU","48","desktop","0","8","558","70","23","12.29","6.3","0"
"2888","UA","33","desktop","0","7","558","80","31","14.31","5.55","0"
"1008","UA","52","tablet","0","9","558","62","25","13.72","6.4","0"
"2259","UA","24","mobile","0","9","558","62","24","13.43","6.92","0"
"990","UA","43","mobile","1","10","559","56","25","15.49","5.84","0"
"2236","UA","47","mobile","0","7","559","80","29","11.46","6.07","0"
"199","UA","21","desktop","0","7","559","80","29","14.16","6.14","1"
"4359","CZ","43","desktop","0","7","559","80","27","10.9","6.33","0"
"1256","UA","69","desktop","0","8","559","70","30","14.5","5.97","0"
"280","CZ","24","mobile","0","11","559","51","20","9.46","6.25","1"
"1413","UA","42","mobile","0","7","559","80","25","11.8","5.6","1"
"488","UA","24","mobile","1","6","559","93","28","7.74","6.46","1"
"4122","PL","42","desktop","1","8","559","70","21","10.4","6.0","0"
"4799","UA","26","mobile","0","6","559","93","24","13.26","6.13","0"
"3463","UA","70","mobile","0","9","559","62","29","10.25","5.17","1"
"1497","SK","39","desktop","0","9","559","62","24","15.0","6.46","0"
"1650","CZ","57","mobile","1","6","560","93","27","8.43","6.44","1"
"2537","HU","64","mobile","0","9","560","62","26","13.35","6.81","0"
"2363","SK","32","desktop","1","7","560","80","29","16.72","5.21","1"
"4181","UA","39","mobile","1","9","560","62","33","10.47","5.76","1"
"2382","HU","35","mobile","0","7","560","80","31","12.75","5.68","0"
"3495","CZ","29","mobile","1","5","560","112","13","19.32","6.62","1"
"4702","CZ","35","mobile","1","6","561","94","22","10.03","5.68","0"
"3900","CZ","62","desktop","1","5","561","112","23","17.63","6.83","1"
"3837","UA","39","mobile","0","10","561","56","22","8.79","6.05","0"
"2489","PL","42","mobile","0","6","561","94","32","11.99","5.75","0"
"3114","PL","40","tablet","1","7","562","80","25","7.86","5.96","1"
"3936","UA","38","mobile","0","5","562","112","25","12.11","6.24","1"
"3334","SK","69","mobile","0","6","562","94","26","12.74","7.12","0"
"4358","UA","44","mobile","1","7","562","80","25","12.24","5.6","0"
"1046","UA","32","desktop","0","8","563","70","19","12.57","6.42","0"
"2177","CZ","23","tablet","0","8","563","70","23","15.26","6.57","0"
"3101","PL","46","mobile","1","6","563","94","24","10.89","5.96","1"
"2746","UA","58","mobile","0","8","563","70","24","12.63","5.92","0"
"303","HU","61","mobile","0","5","563","113","13","18.79","6.0","0"
"1052","UA","25","mobile","0","9","564","63","30","17.69","5.93","0"
"4230","SK","34","desktop","0","7","564","81","25","13.19","5.92","0"
"3034","SK","51","mobile","0","7","564","81","30","14.11","5.53","0"
"731","UA","36","tablet","0","9","564","63","18","15.46","5.28","1"
"901","UA","65","tablet","1","12","564","47","32","10.04","5.94","0"
"353","PL","53","mobile","0","10","564","56","30","15.44","6.13","0"
"2270","HU","55","mobile","0","10","565","57","29","16.99","6.17","0"
"3067","PL","66","mobile","1","8","565","71","19","8.53","6.89","0"
"2598","HU","40","tablet","0","8","565","71","27","9.13","5.67","0"
"23","UA","44","tablet","1","9","565","63","32","13.56","6.09","0"
"1101","CZ","59","tablet","1","5","565","113","23","18.23","5.78","1"
"4348","PL","22","mobile","0","7","565","81","21","13.44","5.71","1"
"2706","PL","65","mobile","0","6","566","94","22","9.75","6.23","0"
"476","UA","18","desktop","0","6","566","94","27","13.21","6.11","0"
"1009","PL","68","mobile","1","5","566","113","24","11.73","6.08","0"
"4495","CZ","54","mobile","0","9","566","63","32","13.26","5.34","0"
"1234","CZ","34","mobile","0","8","566","71","19","11.66","5.47","0"
"1925","UA","20","mobile","0","7","566","81","21","12.32","5.19","0"
"1353","SK","59","mobile","0","7","566","81","19","14.29","5.0","1"
"1162","UA","49","desktop","0","9","567","63","26","9.86","6.31","0"
"760","UA","57","mobile","0","7","567","81","27","15.47","6.74","0"
"3544","CZ","59","mobile","1","9","567","63","20","18.05","6.3","0"
"1579","UA","24","mobile","1","11","567","52","16","18.25","5.75","0"
"1344","CZ","58","desktop","0","11","567","52","31","13.06","6.35","0"
"3576","UA","27","mobile","0","10","567","57","27","13.54","5.52","0"
"327","HU","21","mobile","1","8","567","71","25","18.83","6.08","0"
"619","UA","34","desktop","0","8","568","71","20","9.42","5.5","1"
"2078","UA","48","desktop","0","7","568","81","31","13.43","5.81","0"
"566","UA","34","mobile","0","6","568","95","23","14.41","5.83","0"
"3396","UA","20","mobile","0","6","568","95","28","16.8","6.39","0"
"4595","PL","28","mobile","1","7","568","81","27","13.17","5.48","0"
"3758","UA","30","tablet","1","9","568","63","27","9.67","5.63","1"
"3908","HU","62","desktop","1","10","569","57","15","8.11","6.6","1"
"346","CZ","18","mobile","1","7","569","81","21","13.46","6.29","0"
"2293","UA","53","mobile","0","8","569","71","23","12.04","6.09","0"
"2562","SK","45","desktop","0","7","569","81","16","15.0","5.5","1"
"3299","UA","38","desktop","0","10","569","57","27","13.34","5.52","0"
"2315","CZ","56","desktop","0","7","569","81","19","11.12","6.42","0"
"802","UA","70","tablet","0","6","569","95","25","11.31","6.84","1"
"1034","CZ","51","mobile","0","8","569","71","17","12.74","6.29","0"
"740","SK","34","desktop","0","8","570","71","21","12.76","6.62","0"
"2966","HU","31","mobile","1","9","570","63","28","12.52","5.79","0"
"4712","PL","34","mobile","0","9","570","63","20","13.18","5.95","0"
"1813","UA","35","mobile","1","6","570","95","20","11.54","6.15","1"
"1673","SK","52","mobile","0","8","570","71","21","13.13","7.05","0"
"4991","UA","44","mobile","0","6","570","95","32","11.94","6.25","0"
"4817","PL","51","mobile","1","10","570","57","26","13.38","5.77","0"
"3150","SK","61","mobile","1","8","571","71","29","10.97","6.48","0"
"3864","SK","44","mobile","1","11","571","52","23","14.36","5.87","0"
"2475","PL","42","desktop","0","7","571","82","22","14.27","5.91","0"
"1526","HU","52","desktop","1","6","571","95","22","16.66","6.23","0"
"4146","PL","59","tablet","0","8","571","71","20","9.08","5.15","0"
"1343","UA","34","mobile","0","9","572","64","26","11.61","6.31","0"
"3088","CZ","66","desktop","0","6","572","95","23","9.71","5.74","0"
"236","PL","58","mobile","0","9","572","64","23","13.21","6.83","0"
"2900","CZ","54","mobile","0","10","572","57","21","10.28","6.62","0"
"3274","UA","70","mobile","0","4","572","143","23","13.9","6.35","0"
"1569","PL","36","mobile","1","8","572","72","27","9.74","6.22","0"
"2076","UA","23","desktop","0","10","572","57","24","10.35","6.33","0"
"4933","SK","58","mobile","0","9","572","64","25","10.04","7.36","0"
"1290","PL","28","mobile","0","6","572","95","13","10.26","5.92","1"
"3729","UA","57","mobile","0","10","572","57","31","15.53","6.32","0"
"2372","UA","60","mobile","0","6","572","95","23","9.69","6.17","0"
"2545","PL","31","desktop","0","7","573","82","20","12.54","5.75","1"
"2138","UA","45","mobile","1","8","573","72","25","17.24","6.16","0"
"4574","CZ","39","desktop","0","8","574","72","17","14.84","5.24","0"
"4141","UA","29","desktop","0","8","574","72","34","12.17","6.32","0"
"1533","PL","30","mobile","0","9","574","64","26","10.76","6.19","0"
"2468","UA","33","mobile","0","7","574","82","31","13.94","5.58","0"
"4848","PL","70","mobile","0","6","574","96","24","11.38","5.96","1"
"4046","UA","46","mobile","0","7","574","82","12","9.99","6.25","1"
"1054","SK","61","tablet","0","7","575","82","24","13.8","6.0","0"
"1317","UA","38","mobile","1","6","575","96","22","10.39","6.41","1"
"3769","UA","50","desktop","0","7","575","82","28","15.01","6.54","0"
"4648","UA","39","mobile","1","9","575","64","31","16.68","5.81","0"
"4289","UA","37","desktop","0","9","575","64","27","8.56","6.37","0"
"3006","CZ","53","mobile","1","8","575","72","30","10.95","5.9","0"
"4120","CZ","56","mobile","1","10","575","58","30","11.02","6.1","1"
"490","UA","62","mobile","0","6","576","96","30","18.48","5.3","0"
"4371","UA","49","tablet","1","8","576","72","32","10.3","6.16","0"
"4576","CZ","62","desktop","1","8","576","72","16","13.26","6.75","0"
"3836","SK","40","desktop","0","6","576","96","30","10.21","6.23","0"
"2648","UA","67","desktop","0","9","576","64","31","12.13","6.48","0"
"3200","CZ","19","mobile","1","11","576","52","23","13.24","5.83","0"
"2009","PL","33","desktop","0","6","576","96","24","8.91","5.71","1"
"215","UA","69","mobile","1","7","576","82","19","10.53","5.42","1"
"3825","UA","34","desktop","0","7","576","82","28","14.96","6.18","0"
"4575","SK","61","mobile","0","8","577","72","26","15.25","6.42","0"
"1370","UA","29","mobile","0","7","577","82","33","14.35","6.27","0"
"1100","UA","59","mobile","0","6","577","96","21","10.96","5.57","1"
"4006","UA","68","desktop","0","6","577","96","28","11.27","5.46","0"
"2111","SK","23","mobile","1","7","577","82","19","14.75","5.84","1"
"2256","UA","40","mobile","0","7","577","82","21","12.46","6.14","0"
"4187","HU","65","mobile","1","6","577","96","24","14.66","7.0","0"
"992","SK","34","mobile","1","8","577","72","28","14.86","5.82","0"
"600","UA","18","mobile","0","5","577","115","26","11.56","5.88","1"
"2192","UA","56","mobile","1","8","577","72","24","16.42","6.46","0"
"884","UA","52","mobile","0","8","577","72","26","14.29","6.35","0"
"686","PL","62","mobile","0","10","578","58","26","12.9","5.73","1"
"2993","CZ","22","mobile","0","9","578","64","22","14.38","5.95","0"
"4387","SK","28","mobile","0","6","578","96","32","13.92","6.0","0"
"3103","PL","58","mobile","0","9","578","64","25","18.58","6.52","0"
"4715","PL","27","desktop","0","9","578","64","21","12.48","5.9","1"
"3583","UA","50","desktop","0","7","578","83","22","14.79","5.5","0"
"4179","PL","20","mobile","0","11","578","53","41","14.85","5.59","0"
"3700","CZ","63","desktop","1","6","579","97","26","12.51","6.0","0"
"4568","SK","58","desktop","0","8","579","72","30","9.87","5.6","1"
"4781","UA","29","desktop","0","9","579","64","23","13.54","6.48","0"
"1635","SK","62","mobile","0","7","579","83","24","11.98","5.67","0"
"1717","CZ","69","desktop","0","8","579","72","28","11.01","5.75","1"
"3691","HU","54","mobile","0","11","579","53","27","11.26","5.78","0"
"4631","HU","67","mobile","0","8","579","72","14","17.64","6.29","0"
"1872","UA","49","desktop","0","8","580","73","19","12.83","6.63","0"
"467","HU","41","mobile","0","8","580","73","23","10.3","5.78","0"
"549","CZ","69","mobile","0","5","580","116","27","13.49","5.81","0"
"4417","PL","27","desktop","0","8","580","73","24","16.89","5.75","0"
"3070","UA","60","mobile","1","9","580","64","32","13.25","6.13","0"
"4980","SK","56","mobile","0","6","581","97","19","9.68","5.63","1"
"4558","UA","65","mobile","1","9","581","65","22","9.27","5.5","1"
"309","UA","47","mobile","1","11","581","53","22","11.84","5.59","0"
"3874","UA","39","mobile","0","10","581","58","20","11.22","6.35","0"
"4384","PL","28","desktop","1","12","581","48","30","8.44","5.9","0"
"389","CZ","59","desktop","1","6","581","97","19","13.02","6.58","1"
"1272","HU","51","tablet","0","9","581","65","24","14.88","6.29","0"
"3701","UA","67","desktop","0","7","582","83","24","10.42","5.88","0"
"1648","CZ","35","mobile","0","8","582","73","21","14.06","5.29","1"
"3443","PL","61","mobile","0","8","582","73","33","12.16","5.85","0"
"1175","CZ","49","desktop","0","8","582","73","29","14.87","5.48","0"
"2770","CZ","57","desktop","0","5","582","116","19","6.2","6.89","1"
"835","PL","57","desktop","1","9","582","65","25","14.03","6.88","0"
"2864","UA","38","mobile","0","9","582","65","22","13.4","6.32","0"
"927","CZ","35","mobile","0","7","582","83","24","11.68","5.92","0"
"1206","HU","30","desktop","0","8","582","73","30","11.13","6.17","0"
"286","PL","33","mobile","0","7","582","83","21","11.88","5.67","1"
"2566","UA","43","desktop","0","6","582","97","18","11.31","6.72","1"
"2521","CZ","30","mobile","1","6","582","97","18","11.24","7.0","1"
"1580","PL","60","mobile","0","10","582","58","31","12.08","6.0","0"
"2610","UA","44","mobile","0","7","583","83","24","19.58","6.29","0"
"1856","PL","59","mobile","0","11","583","53","17","15.01","6.24","0"
"4841","UA","38","desktop","0","10","583","58","28","13.65","6.32","0"
"22","UA","63","mobile","0","7","583","83","28","12.18","5.68","0"
"4855","UA","64","desktop","0","8","583","73","27","12.62","5.85","0"
"2343","CZ","54","desktop","0","7","583","83","20","10.18","5.6","0"
"4872","PL","44","desktop","1","6","583","97","26","14.02","6.35","0"
"4008","CZ","30","mobile","0","9","583","65","19","18.28","5.47","0"
"2049","CZ","51","mobile","0","6","583","97","26","12.82","6.23","0"
"4669","UA","53","desktop","0","8","584","73","23","13.48","6.09","0"
"1216","PL","67","desktop","0","5","584","117","24","11.65","6.63","1"
"2901","UA","58","desktop","1","8","584","73","22","10.98","6.27","0"
"729","UA","52","mobile","1","7","584","83","28","13.16","5.57","0"
"3028","SK","45","mobile","0","7","584","83","21","11.45","6.14","0"
"4532","PL","63","desktop","1","7","584","83","19","7.67","6.11","1"
"3715","SK","21","mobile","0","5","584","117","19","14.37","7.32","0"
"21","CZ","45","mobile","0","9","584","65","19","17.82","6.68","0"
"1241","SK","63","desktop","0","7","584","83","29","9.8","6.24","0"
"1609","SK","32","desktop","0","8","584","73","29","14.61","6.9","0"
"2026","HU","38","desktop","0","8","585","73","20","16.65","6.35","0"
"1957","PL","51","mobile","0","6","585","98","27","10.55","5.3","0"
"4628","UA","49","mobile","0","8","585","73","24","14.59","6.17","0"
"1892","PL","21","desktop","0","9","585","65","27","10.25","6.0","1"
"4452","UA","20","desktop","0","11","585","53","29","9.13","5.59","0"
"1837","CZ","64","mobile","1","5","585","117","24","13.19","5.29","1"
"3501","CZ","27","mobile","0","7","585","84","21","10.24","6.38","1"
"2574","SK","40","desktop","0","8","585","73","27","11.28","5.96","0"
"1821","SK","30","desktop","0","10","585","59","28","12.6","5.68","0"
"4914","UA","33","mobile","1","8","585","73","17","9.82","6.82","0"
"2652","UA","55","tablet","0","4","586","147","24","12.37","5.88","1"
"1713","SK","58","mobile","0","7","586","84","30","12.84","6.87","0"
"4732","CZ","32","mobile","0","9","586","65","27","13.66","6.52","0"
"2931","SK","53","desktop","1","4","586","147","20","9.25","6.6","1"
"2459","SK","58","mobile","1","6","586","98","26","16.08","6.81","0"
"2774","HU","46","mobile","1","9","586","65","25","13.82","5.72","0"
"857","PL","48","mobile","1","7","586","84","32","14.3","6.47","0"
"714","UA","48","mobile","1","6","586","98","16","10.5","6.25","1"
"3532","PL","19","tablet","0","6","587","98","26","12.91","5.62","1"
"184","PL","44","desktop","0","8","587","73","25","12.65","5.96","0"
"4865","UA","25","desktop","0","7","587","84","29","14.56","6.17","0"
"4603","SK","52","mobile","0","10","587","59","31","13.32","5.52","0"
"2421","PL","36","desktop","0","8","587","73","28","13.37","6.29","0"
"1840","SK","26","desktop","0","9","587","65","30","12.28","5.9","0"
"3788","SK","35","mobile","0","7","588","84","28","15.74","5.79","0"
"1958","PL","49","mobile","0","8","588","74","29","9.59","6.55","0"
"3445","CZ","23","desktop","0","9","588","65","41","12.27","5.73","0"
"2990","SK","56","mobile","0","10","588","59","31","10.04","6.03","0"
"434","SK","59","mobile","0","6","589","98","22","11.17","5.95","0"
"4716","PL","60","desktop","0","10","589","59","22","18.99","6.09","0"
"1081","CZ","48","mobile","1","10","589","59","22","10.0","6.59","0"
"1950","UA","39","desktop","1","6","589","98","19","11.32","6.74","1"
"573","CZ","64","mobile","1","5","589","118","30","12.17","6.07","1"
"577","UA","26","mobile","0","8","589","74","18","12.77","5.72","0"
"1777","UA","46","desktop","0","8","589","74","29","16.53","5.17","1"
"3531","PL","26","desktop","0","6","589","98","19","17.8","6.42","1"
"3892","HU","38","desktop","0","7","590","84","19","17.32","6.16","0"
"1131","PL","26","mobile","0","7","590","84","26","15.3","6.0","0"
"3392","PL","50","desktop","0","7","590","84","26","11.29","6.0","0"
"2630","HU","48","desktop","1","8","590","74","28","14.72","5.93","0"
"3599","HU","42","mobile","0","6","590","98","32","10.84","6.16","0"
"4171","UA","32","mobile","0","7","590","84","24","13.83","5.17","0"
"963","PL","57","mobile","0","7","590","84","15","16.27","5.4","1"
"358","UA","26","mobile","0","10","590","59","24","13.64","6.67","0"
"4978","UA","20","tablet","0","8","591","74","28","13.46","6.21","0"
"4821","CZ","23","desktop","1","8","591","74","26","10.08","6.23","0"
"2622","UA","65","desktop","0","8","591","74","25","11.71","4.96","0"
"2943","PL","47","mobile","0","8","592","74","27","16.35","6.07","0"
"1040","PL","67","desktop","0","10","592","59","26","13.46","6.38","0"
"3521","PL","19","mobile","0","11","592","54","19","9.35","6.42","1"
"3294","PL","65","desktop","0","10","592","59","37","10.82","6.03","0"
"3971","UA","69","mobile","1","9","592","66","22","14.5","5.55","0"
"998","SK","24","mobile","0","5","592","118","20","12.56","6.2","1"
"938","UA","39","desktop","0","10","592","59","24","14.67","6.33","0"
"3872","UA","39","desktop","0","8","593","74","10","17.59","6.2","0"
"3502","HU","34","desktop","0","10","593","59","22","12.02","5.91","0"
"2238","CZ","34","desktop","0","8","593","74","20","11.63","7.15","1"
"2364","SK","19","tablet","0","10","593","59","33","13.27","5.79","0"
"3695","PL","27","desktop","0","11","593","54","28","16.24","5.71","0"
"499","CZ","29","mobile","1","8","593","74","23","10.09","5.96","0"
"4438","UA","43","mobile","0","8","593","74","21","13.65","5.33","1"
"4945","SK","29","desktop","0","9","593","66","23","9.28","5.74","0"
"451","CZ","57","mobile","0","7","594","85","26","14.37","5.62","1"
"3821","SK","18","desktop","0","8","594","74","27","11.05","6.59","0"
"416","CZ","47","desktop","0","7","594","85","28","11.03","6.04","0"
"1808","UA","53","mobile","0","8","594","74","30","13.71","6.37","0"
"2667","UA","69","mobile","0","7","594","85","23","12.41","6.61","0"
"1458","CZ","66","mobile","0","7","594","85","18","11.79","5.89","0"
"3646","UA","54","mobile","0","7","595","85","25","13.92","6.44","0"
"2271","UA","44","mobile","0","8","595","74","23","14.18","5.17","0"
"4493","UA","37","desktop","0","7","595","85","20","10.68","6.25","1"
"4573","SK","41","mobile","0","7","595","85","23","9.83","6.26","0"
"2050","SK","22","mobile","0","6","595","99","27","11.24","6.0","1"
"497","PL","18","mobile","1","9","595","66","20","12.72","5.35","1"
"2269","UA","67","desktop","0","7","596","85","27","17.73","6.52","0"
"3589","PL","65","desktop","0","6","596","99","15","13.86","5.33","0"
"4822","UA","20","tablet","0","9","596","66","29","11.04","5.69","0"
"3379","UA","45","desktop","0","9","596","66","32","14.53","5.84","0"
"4704","CZ","21","mobile","0","8","597","75","22","14.79","6.18","0"
"172","UA","21","tablet","0","10","597","60","34","14.51","6.56","0"
"2528","CZ","19","desktop","0","7","597","85","20","10.37","6.0","0"
"763","PL","47","mobile","0","8","597","75","31","11.22","6.03","0"
"424","PL","63","mobile","1","5","597","119","14","15.1","5.93","0"
"4868","CZ","44","desktop","0","8","597","75","30","12.27","5.23","0"
"3283","PL","41","mobile","0","10","597","60","24","13.64","5.38","0"
"2184","CZ","18","desktop","1","8","598","75","18","9.79","6.06","0"
"3923","HU","22","mobile","0","6","599","100","21","11.2","6.0","1"
"3750","UA","22","desktop","1","9","599","67","22","14.87","5.36","0"
"2146","PL","25","desktop","1","8","599","75","26","9.8","6.15","1"
"3094","PL","39","mobile","0","9","599","67","18","12.86","7.33","0"
"49","UA","22","desktop","0","6","599","100","29","12.98","6.72","0"
"2396","PL","48","desktop","0","7","599","86","29","14.63","5.86","0"
"2320","CZ","39","tablet","1","7","600","86","32","9.67","5.97","0"
"3973","UA","55","mobile","1","8","600","75","18","10.14","6.11","1"
"3366","PL","63","desktop","1","8","600","75","21","13.93","5.62","0"
"2491","HU","30","mobile","1","8","600","75","21","12.12","7.05","0"
"667","HU","63","mobile","0","6","600","100","24","13.05","6.67","0"
"4971","SK","55","desktop","0","6","600","100","22","10.89","6.27","1"
"3187","PL","43","mobile","0","10","600","60","19","23.09","6.84","0"
"3948","PL","36","desktop","0","6","600","100","28","13.53","6.29","0"
"3136","HU","70","mobile","0","11","600","55","28","12.31","6.61","0"
"4118","SK","47","mobile","0","9","601","67","25","10.69","6.16","0"
"753","PL","29","desktop","0","9","601","67","33","9.66","6.09","1"
"4389","SK","50","desktop","0","8","601","75","31","13.57","5.71","0"
"4594","SK","51","mobile","0","6","601","100","18","8.52","5.72","1"
"2977","UA","67","mobile","0","5","601","120","26","8.6","6.96","0"
"2769","UA","56","mobile","0","12","601","50","23","13.09","6.0","0"
"2010","CZ","53","desktop","0","6","601","100","24","15.89","6.54","0"
"4718","UA","22","mobile","0","7","601","86","20","12.77","6.4","0"
"2821","SK","42","desktop","0","8","601","75","18","12.19","5.61","1"
"404","UA","22","mobile","0","9","602","67","25","12.82","6.76","0"
"468","PL","21","desktop","0","7","602","86","22","13.49","5.82","0"
"458","PL","35","mobile","0","8","602","75","18","11.46","7.28","1"
"2175","PL","60","mobile","0","6","602","100","26","9.42","6.5","1"
"368","UA","27","mobile","0","7","602","86","30","12.1","6.23","0"
"815","PL","45","desktop","0","8","603","75","20","12.67","5.65","1"
"579","UA","45","mobile","0","8","603","75","22","11.62","5.77","1"
"648","PL","39","mobile","0","12","603","50","20","16.2","6.45","0"
"3220","CZ","20","mobile","0","7","603","86","28","14.11","6.11","0"
"3224","CZ","60","desktop","0","6","604","101","21","18.0","5.24","1"
"3318","SK","48","mobile","0","9","604","67","17","12.61","5.06","0"
"611","UA","30","mobile","0","9","604","67","18","17.61","6.83","0"
"846","UA","37","mobile","0","6","604","101","15","15.45","5.47","1"
"414","SK","33","mobile","0","7","604","86","28","11.2","6.11","0"
"4221","PL","42","mobile","1","10","604","60","15","20.03","6.07","0"
"2114","SK","65","mobile","0","6","604","101","35","12.02","6.37","0"
"1706","UA","64","mobile","0","5","604","121","15","11.57","6.4","1"
"202","UA","19","tablet","0","8","604","76","30","17.0","6.57","0"
"2597","CZ","60","mobile","0","11","605","55","28","7.58","6.11","0"
"3300","SK","35","desktop","1","9","605","67","24","14.86","5.79","0"
"4728","SK","46","mobile","1","7","605","86","31","11.08","6.65","0"
"4308","UA","37","desktop","0","11","605","55","30","13.39","6.43","0"
"2699","UA","42","desktop","1","8","606","76","19","18.17","5.95","0"
"383","UA","43","desktop","0","9","606","67","25","15.58","5.64","1"
"1955","UA","58","mobile","1","9","606","67","26","12.11","5.35","0"
"2441","CZ","38","desktop","0","8","606","76","27","11.17","6.26","0"
"3020","UA","41","mobile","0","8","606","76","21","13.05","6.33","0"
"518","CZ","56","desktop","1","7","606","87","29","12.48","5.97","0"
"84","SK","31","mobile","0","7","606","87","19","10.8","6.32","0"
"2535","UA","30","mobile","1","9","606","67","27","11.85","6.41","0"
"1226","CZ","56","desktop","1","9","607","67","23","10.47","5.57","1"
"3868","UA","61","mobile","0","9","607","67","18","11.42","5.5","1"
"3799","UA","26","mobile","1","7","607","87","21","14.38","6.29","0"
"3731","UA","40","mobile","1","9","607","67","30","11.54","5.8","0"
"2373","PL","35","mobile","0","7","607","87","21","10.21","6.62","1"
"2413","SK","49","desktop","0","8","607","76","31","17.15","5.94","0"
"4770","UA","22","mobile","1","9","607","67","26","13.1","5.46","0"
"1754","UA","19","desktop","1","9","607","67","24","15.05","5.58","0"
"2604","UA","40","desktop","1","9","608","68","12","9.86","5.5","0"
"3019","UA","18","desktop","0","7","608","87","24","14.75","5.46","0"
"845","UA","44","mobile","0","10","609","61","32","15.12","6.16","0"
"2358","PL","29","mobile","0","8","609","76","25","15.24","6.6","0"
"1171","HU","62","mobile","0","11","609","55","29","12.4","6.31","0"
"1857","CZ","26","desktop","0","6","609","102","21","10.59","5.67","1"
"1255","UA","26","desktop","0","8","609","76","23","16.12","6.26","0"
"1823","PL","46","desktop","0","10","609","61","17","11.49","5.82","0"
"4691","PL","50","mobile","0","9","610","68","31","12.2","6.23","0"
"4038","UA","21","mobile","0","7","610","87","26","14.09","5.92","0"
"1515","SK","34","desktop","0","8","610","76","23","13.95","5.87","0"
"2275","HU","61","mobile","0","8","610","76","32","9.75","5.66","1"
"1441","PL","64","desktop","0","8","610","76","24","9.35","5.88","0"
"4564","PL","70","mobile","0","6","610","102","24","9.78","6.42","1"
"2362","PL","70","mobile","0","8","610","76","33","13.87","6.64","0"
"4633","HU","53","desktop","1","9","610","68","12","13.49","6.17","1"
"3241","SK","50","desktop","0","9","610","68","34","16.34","6.0","0"
"2376","SK","54","mobile","0","9","611","68","21","13.27","6.57","0"
"3778","UA","55","tablet","0","11","611","56","23","15.91","5.78","1"
"317","UA","27","mobile","0","8","611","76","22","12.03","6.82","0"
"2924","HU","67","mobile","0","11","611","56","24","9.93","6.08","1"
"593","HU","50","mobile","1","7","611","87","24","13.98","5.38","0"
"3329","SK","32","mobile","0","8","611","76","25","13.71","6.2","0"
"4475","PL","25","desktop","0","6","611","102","24","10.33","6.08","0"
"1409","PL","40","mobile","0","8","611","76","22","10.24","5.18","0"
"722","PL","54","desktop","0","9","611","68","21","10.96","5.76","1"
"3725","HU","62","mobile","0","7","612","87","18","12.87","6.44","0"
"2357","SK","38","desktop","0","8","612","77","21","10.78","4.67","1"
"413","SK","28","mobile","1","11","612","56","20","16.63","5.7","1"
"4584","UA","45","mobile","1","7","612","87","13","10.02","5.15","0"
"1345","PL","53","desktop","0","8","613","77","24","13.18","6.92","0"
"3256","UA","67","tablet","0","8","613","77","24","11.11","5.42","1"
"153","PL","34","mobile","0","7","613","88","21","9.29","6.1","1"
"567","PL","60","mobile","0","8","613","77","24","8.23","6.25","0"
"2291","UA","41","desktop","0","8","613","77","26","14.22","6.54","0"
"4805","SK","64","mobile","0","7","613","88","21","12.83","6.29","0"
"3023","SK","35","mobile","0","8","614","77","31","10.6","6.06","0"
"4842","SK","53","tablet","1","10","614","61","28","12.94","5.54","0"
"1302","SK","23","mobile","0","8","614","77","27","11.2","6.04","0"
"71","UA","53","mobile","1","10","614","61","28","13.11","5.57","0"
"3447","UA","53","mobile","0","7","614","88","23","8.76","6.39","0"
"578","HU","59","desktop","0","9","614","68","29","12.9","6.62","0"
"2436","SK","25","mobile","0","9","614","68","27","13.1","5.15","0"
"736","UA","26","tablet","1","9","614","68","23","13.99","6.61","0"
"4834","CZ","53","mobile","1","9","614","68","33","13.05","5.97","0"
"691","SK","32","desktop","0","8","615","77","35","10.24","5.89","0"
"334","UA","32","mobile","0","6","615","103","20","12.07","5.45","1"
"1042","SK","41","desktop","0","8","615","77","27","11.8","5.11","0"
"1309","SK","25","tablet","0","9","616","68","27","10.29","6.3","0"
"529","CZ","39","desktop","1","11","616","56","14","7.21","6.07","0"
"4159","UA","58","mobile","1","9","616","68","21","16.94","5.52","1"
"3464","SK","60","mobile","0","10","616","62","26","12.3","6.5","0"
"767","UA","61","tablet","0","7","616","88","29","15.47","6.79","0"
"3546","UA","31","mobile","1","9","616","68","27","10.69","6.11","0"
"271","PL","22","desktop","0","9","616","68","34","18.95","6.03","0"
"3615","UA","50","desktop","0","10","616","62","21","13.05","5.81","0"
"1456","UA","42","desktop","0","9","616","68","24","16.35","5.83","0"
"1651","CZ","49","desktop","1","10","616","62","25","8.01","5.64","1"
"3065","SK","21","desktop","1","7","616","88","26","12.06","5.42","0"
"438","HU","60","mobile","0","8","617","77","19","10.17","5.68","0"
"2486","UA","64","desktop","0","10","617","62","24","11.88","6.08","0"
"3178","UA","70","mobile","1","7","617","88","21","14.19","6.19","0"
"1244","HU","30","mobile","1","6","617","103","19","15.99","5.63","1"
"1197","UA","39","mobile","0","7","617","88","27","9.92","6.15","1"
"934","CZ","58","desktop","0","10","617","62","32","10.66","6.66","0"
"2671","SK","18","tablet","0","10","617","62","28","13.51","6.71","0"
"634","SK","42","mobile","1","8","617","77","26","12.31","5.88","0"
"2921","UA","35","mobile","0","7","617","88","23","16.12","6.17","0"
"2237","HU","45","desktop","0","9","617","69","19","15.6","6.47","0"
"2734","UA","37","mobile","0","8","618","77","39","11.2","6.44","0"
"2907","SK","49","mobile","0","6","618","103","10","10.97","6.7","1"
"3843","PL","40","tablet","1","9","618","69","22","13.63","6.09","0"
"454","PL","60","mobile","0","10","618","62","26","16.53","5.42","0"
"1576","SK","57","mobile","0","8","618","77","24","15.17","5.71","0"
"4334","HU","61","mobile","0","7","618","88","37","12.75","5.7","0"
"474","PL","55","desktop","0","7","618","88","23","12.32","6.3","0"
"841","UA","28","mobile","0","6","618","103","21","12.26","6.57","0"
"2070","UA","30","desktop","0","9","618","69","21","14.5","6.29","0"
"3761","UA","62","desktop","1","8","618","77","18","15.26","5.94","0"
"3365","UA","63","mobile","0","7","618","88","19","13.33","5.89","0"
"246","PL","30","mobile","1","9","619","69","26","13.58","5.58","0"
"886","HU","33","desktop","0","12","619","52","20","14.79","6.8","0"
"1077","CZ","41","desktop","0","7","619","88","23","7.76","6.13","0"
"4569","UA","64","mobile","1","5","619","124","30","11.24","6.03","1"
"2250","UA","55","desktop","0","8","619","77","13","16.1","6.46","0"
"4154","UA","47","desktop","0","9","619","69","18","14.13","5.22","1"
"3472","UA","22","mobile","0","8","619","77","20","15.18","6.4","0"
"2298","UA","49","desktop","0","7","620","89","22","11.01","6.64","0"
"3987","HU","59","mobile","0","7","620","89","30","18.55","6.27","0"
"666","SK","70","desktop","0","10","620","62","28","14.02","5.89","0"
"3107","CZ","48","mobile","0","12","620","52","17","9.27","6.53","0"
"210","HU","67","mobile","0","9","620","69","20","10.58","5.55","0"
"1481","PL","43","mobile","0","8","620","78","28","12.05","6.29","0"
"3926","UA","55","mobile","0","7","620","89","23","10.02","7.0","0"
"1228","CZ","66","desktop","0","8","620","78","21","10.18","5.43","0"
"3960","HU","27","mobile","0","11","620","56","20","14.64","4.95","0"
"3228","PL","31","desktop","0","10","620","62","19","18.95","6.0","0"
"3040","CZ","30","mobile","0","7","621","89","32","14.32","5.63","1"
"3307","UA","59","desktop","1","9","621","69","20","13.33","5.85","0"
"2126","CZ","26","mobile","0","9","621","69","27","11.44","5.81","0"
"2243","HU","69","mobile","0","7","622","89","36","10.99","5.75","1"
"4683","SK","31","tablet","0","10","622","62","29","14.07","5.83","0"
"140","SK","23","tablet","0","8","622","78","21","10.58","5.48","0"
"4315","SK","66","desktop","0","9","623","69","23","14.17","5.52","0"
"2501","UA","26","mobile","0","7","623","89","27","10.77","5.67","0"
"251","UA","31","desktop","1","7","623","89","27","12.44","5.56","0"
"958","CZ","65","desktop","0","7","623","89","27","10.14","6.52","0"
"226","HU","34","mobile","0","7","624","89","19","9.53","6.0","0"
"769","UA","32","mobile","0","11","624","57","35","14.19","6.2","0"
"3670","SK","28","desktop","1","12","624","52","28","14.54","5.39","0"
"2799","UA","22","tablet","1","7","624","89","28","12.93","6.89","0"
"4563","UA","18","mobile","1","9","624","69","21","10.26","5.62","0"
"4142","UA","59","mobile","0","7","624","89","25","15.05","6.16","0"
"4934","UA","25","tablet","0","5","625","125","20","9.98","6.6","1"
"2686","PL","33","mobile","1","8","625","78","27","13.0","5.74","0"
"3642","CZ","21","mobile","0","10","625","63","20","15.23","6.05","0"
"4023","PL","64","desktop","1","5","625","125","30","13.03","6.07","1"
"2484","SK","60","desktop","0","8","625","78","23","14.05","5.83","0"
"3910","UA","24","desktop","0","8","625","78","17","11.79","6.29","1"
"3047","UA","59","desktop","0","7","625","89","29","12.33","6.07","0"
"4216","SK","57","mobile","0","7","625","89","26","13.55","5.81","0"
"4049","PL","68","mobile","0","8","625","78","31","9.31","6.45","0"
"3574","UA","41","tablet","0","6","626","104","22","9.29","6.09","1"
"2425","SK","32","mobile","1","7","626","89","27","13.77","6.22","0"
"2709","UA","48","mobile","0","10","626","63","20","11.95","6.6","0"
"3845","UA","66","desktop","0","8","626","78","29","13.11","6.34","0"
"3582","SK","41","mobile","0","6","626","104","23","12.72","6.48","0"
"243","SK","56","desktop","0","8","627","78","31","13.21","5.97","0"
"4888","CZ","43","mobile","0","9","627","70","23","13.37","5.57","0"
"3197","HU","62","mobile","0","10","627","63","23","12.73","5.78","0"
"168","UA","31","tablet","0","12","627","52","22","15.35","6.0","0"
"3012","SK","55","desktop","0","9","627","70","24","12.06","6.21","0"
"2145","CZ","36","mobile","1","9","627","70","26","12.3","6.5","0"
"3244","PL","64","mobile","0","5","627","125","16","10.58","5.88","1"
"3551","UA","38","mobile","1","7","627","90","26","12.45","6.23","0"
"2430","UA","55","mobile","0","9","627","70","19","10.25","6.16","1"
"1355","HU","65","desktop","0","9","628","70","18","14.8","6.11","0"
"380","PL","46","mobile","1","9","628","70","28","13.66","5.32","0"
"4566","PL","62","desktop","0","7","628","90","25","11.28","5.2","0"
"1692","UA","40","mobile","0","8","628","79","24","16.23","6.96","0"
"2171","UA","44","desktop","0","6","628","105","17","10.51","6.35","1"
"4753","UA","59","mobile","0","8","628","79","17","10.48","5.24","1"
"1011","UA","54","mobile","1","7","628","90","26","11.96","5.81","0"
"1245","CZ","60","mobile","0","9","629","70","31","11.69","5.9","0"
"651","SK","68","mobile","0","7","629","90","26","10.28","6.0","0"
"608","CZ","46","mobile","0","6","629","105","22","13.25","6.45","1"
"2840","PL","53","desktop","1","10","629","63","28","7.07","6.0","0"
"427","UA","55","mobile","0","7","629","90","30","12.75","6.07","0"
"3820","UA","59","mobile","0","6","629","105","20","10.91","5.35","1"
"1140","UA","33","mobile","0","10","629","63","23","15.23","5.65","0"
"4416","UA","61","tablet","0","10","629","63","31","13.03","5.68","0"
"3071","CZ","46","desktop","0","7","630","90","23","10.09","6.35","1"
"1559","SK","24","mobile","0","9","630","70","27","12.49","5.48","0"
"2281","SK","60","desktop","1","9","630","70","38","12.17","6.16","0"
"77","UA","67","tablet","0","10","630","63","25","10.9","5.8","0"
"2148","HU","25","mobile","0","10","630","63","25","13.1","6.04","0"
"1528","HU","31","tablet","0","8","630","79","23","13.53","5.78","0"
"422","SK","53","desktop","0","8","630","79","24","13.67","6.46","0"
"2242","CZ","47","desktop","0","8","630","79","31","16.07","6.19","0"
"3404","CZ","47","desktop","1","7","630","90","21","14.76","5.29","0"
"4778","CZ","20","tablet","0","8","631","79","30","12.34","6.2","0"
"4548","CZ","19","mobile","0","10","631","63","27","13.12","6.67","0"
"1636","UA","40","tablet","1","8","631","79","21","15.87","5.71","1"
"4967","HU","51","mobile","1","9","631","70","16","8.24","5.69","1"
"446","HU","35","desktop","1","7","631","90","21","9.82","6.24","0"
"3175","SK","37","mobile","0","10","632","63","20","13.42","6.3","0"
"1870","PL","48","mobile","0","6","632","105","28","10.75","5.43","1"
"2988","UA","23","mobile","0","8","632","79","16","12.91","5.56","1"
"2085","SK","25","tablet","1","9","632","70","20","12.17","6.25","0"
"2453","PL","70","mobile","0","8","632","79","19","15.48","5.47","0"
"865","HU","38","mobile","0","9","632","70","23","12.02","5.83","0"
"1775","UA","53","mobile","0","9","633","70","20","15.14","6.3","0"
"2227","CZ","43","desktop","0","9","633","70","22","9.05","7.05","0"
"2022","SK","62","mobile","0","8","633","79","23","11.49","6.57","0"
"2142","UA","62","mobile","1","7","633","90","24","13.27","5.83","0"
"1395","CZ","29","desktop","0","8","633","79","18","8.9","6.5","1"
"855","HU","44","desktop","0","10","633","63","21","10.52","6.81","1"
"2714","UA","35","mobile","0","7","633","90","28","11.95","5.75","0"
"1366","UA","44","mobile","1","9","633","70","27","12.71","6.0","0"
"400","UA","69","desktop","0","9","633","70","19","10.32","5.11","0"
"547","CZ","49","desktop","0","8","633","79","21","11.75","5.52","0"
"2323","HU","61","desktop","0","6","633","106","27","14.04","5.11","1"
"3270","UA","42","desktop","0","6","633","106","20","9.78","5.6","1"
"2916","HU","48","mobile","1","7","633","90","20","17.51","5.95","0"
"601","UA","46","desktop","1","11","634","58","29","14.11","6.41","0"
"2313","CZ","43","mobile","1","11","634","58","34","12.96","5.56","0"
"629","PL","70","mobile","1","6","634","106","28","12.44","5.21","0"
"1407","HU","40","mobile","0","5","634","127","23","10.12","6.3","1"
"1531","UA","32","desktop","0","7","634","91","27","13.5","6.15","0"
"4666","CZ","39","desktop","0","6","634","106","21","12.22","6.05","1"
"2134","UA","60","desktop","1","8","634","79","23","11.82","6.13","0"
"1762","PL","63","desktop","1","7","634","91","17","12.18","5.47","1"
"2311","CZ","65","mobile","1","6","634","106","26","14.47","5.46","1"
"3260","PL","24","mobile","1","7","635","91","34","13.97","6.44","1"
"3405","UA","66","mobile","0","10","635","64","22","13.72","5.73","1"
"29","SK","20","mobile","0","8","635","79","29","13.78","5.69","0"
"2199","PL","29","mobile","1","13","635","49","37","15.18","6.19","0"
"3358","SK","43","desktop","0","9","635","71","28","14.94","6.32","0"
"4763","SK","45","desktop","1","8","636","80","20","10.35","5.35","0"
"3785","CZ","29","mobile","0","9","636","71","19","10.57","7.11","0"
"670","HU","35","mobile","0","6","636","106","24","15.75","5.67","0"
"2830","SK","69","tablet","0","7","636","91","27","12.39","5.85","0"
"118","PL","42","desktop","1","10","636","64","21","10.7","5.67","0"
"2462","UA","66","tablet","0","10","636","64","26","11.83","5.77","0"
"2643","HU","34","desktop","0","8","636","80","28","12.54","6.75","0"
"4071","HU","41","tablet","0","6","636","106","26","11.93","5.77","0"
"2381","SK","21","mobile","0","7","636","91","24","14.95","6.0","0"
"3280","SK","63","mobile","0","9","637","71","24","7.33","6.04","0"
"3992","CZ","20","mobile","1","10","637","64","29","13.98","6.83","0"
"2984","UA","38","desktop","0","9","637","71","18","12.68","5.28","0"
"3844","PL","19","desktop","0","8","637","80","32","10.85","6.0","0"
"4887","CZ","24","mobile","0","7","638","91","17","10.34","5.71","1"
"504","CZ","38","desktop","1","7","638","91","24","16.04","6.25","0"
"1656","SK","23","mobile","1","6","638","106","22","11.56","6.18","1"
"1211","PL","32","desktop","0","9","638","71","20","11.21","7.05","0"
"2720","HU","21","desktop","0","6","638","106","32","15.3","6.28","1"
"973","SK","19","tablet","0","9","639","71","29","12.83","6.0","0"
"1221","UA","25","mobile","0","7","639","91","19","12.43","5.95","0"
"4798","PL","40","mobile","1","6","639","107","27","13.76","5.96","0"
"3802","SK","60","mobile","0","9","639","71","21","9.44","6.57","1"
"712","UA","26","desktop","0","6","639","107","39","12.14","6.41","0"
"1555","SK","34","mobile","0","7","639","91","29","18.63","6.48","0"
"3977","PL","38","desktop","0","10","639","64","13","17.23","4.77","0"
"4581","CZ","27","desktop","0","5","639","128","25","9.89","5.72","0"
"4466","PL","42","desktop","0","7","640","91","22","16.35","6.45","1"
"105","SK","27","desktop","1","9","640","71","32","11.1","6.25","0"
"3316","UA","66","mobile","1","10","640","64","22","15.21","6.91","0"
"1253","PL","69","desktop","1","10","640","64","26","13.42","6.65","0"
"2384","UA","66","mobile","0","8","640","80","29","13.97","5.21","0"
"1748","HU","65","mobile","1","8","640","80","22","9.16","5.77","0"
"872","PL","39","desktop","0","8","640","80","17","15.96","4.76","1"
"3486","UA","28","desktop","1","10","640","64","25","13.2","6.64","0"
"203","CZ","39","mobile","0","7","640","91","25","13.62","5.6","0"
"3285","PL","19","desktop","0","6","640","107","24","11.8","5.67","0"
"4095","UA","35","mobile","0","9","641","71","23","13.98","6.35","0"
"1795","PL","63","mobile","1","8","641","80","20","12.18","5.75","0"
"1079","UA","39","tablet","0","10","641","64","17","10.48","6.29","0"
"4559","UA","37","desktop","1","6","641","107","28","14.07","6.39","0"
"1342","UA","49","mobile","0","8","641","80","19","17.57","5.95","0"
"844","UA","65","mobile","0","8","641","80","24","15.12","6.04","0"
"2464","PL","61","desktop","0","10","641","64","29","11.16","6.28","0"
"4245","CZ","39","mobile","0","9","641","71","22","12.83","6.5","0"
"4622","CZ","54","mobile","0","7","642","92","19","15.55","6.37","0"
"4258","UA","70","mobile","1","8","642","80","35","14.21","6.43","0"
"3373","UA","27","mobile","0","10","642","64","22","10.53","6.77","0"
"1381","UA","43","desktop","0","8","642","80","28","10.94","5.75","1"
"2781","SK","48","mobile","0","6","642","107","27","11.27","6.26","0"
"1942","CZ","50","tablet","0","6","642","107","19","11.98","5.68","1"
"2140","CZ","64","desktop","0","10","642","64","27","10.72","6.22","0"
"628","SK","56","mobile","0","7","642","92","18","10.57","6.39","0"
"4347","SK","33","mobile","0","8","643","80","24","16.26","5.79","0"
"4284","CZ","62","mobile","0","6","643","107","22","10.85","5.45","1"
"928","UA","40","desktop","0","9","643","71","21","13.62","6.33","0"
"4068","CZ","26","mobile","1","12","643","54","18","8.56","5.17","0"
"4604","UA","30","mobile","0","10","643","64","33","10.91","6.24","0"
"1965","HU","29","desktop","0","11","643","58","21","12.08","6.29","0"
"1817","HU","62","mobile","0","7","644","92","29","11.0","6.1","0"
"3276","HU","58","mobile","0","8","644","81","33","7.42","6.18","0"
"1098","UA","48","mobile","0","7","644","92","25","13.88","5.8","0"
"1735","CZ","33","desktop","1","10","644","64","14","11.66","6.07","0"
"4086","PL","49","desktop","0","8","644","81","16","13.59","6.81","1"
"4578","UA","30","desktop","0","8","644","81","29","9.73","6.45","0"
"2887","PL","44","tablet","1","9","644","72","16","11.97","5.38","0"
"2139","UA","69","mobile","0","8","644","81","25","11.54","5.16","0"
"3764","HU","28","mobile","1","8","644","81","29","11.94","6.07","0"
"1073","UA","21","mobile","0","9","645","72","26","10.95","5.92","0"
"4494","UA","62","mobile","0","11","645","59","26","11.07","5.96","0"
"4311","UA","66","tablet","0","8","645","81","27","15.21","5.93","0"
"331","UA","42","mobile","0","7","645","92","21","9.87","6.24","1"
"1661","SK","60","mobile","0","11","645","59","25","13.64","6.32","0"
"3558","CZ","40","mobile","1","8","645","81","24","14.6","6.0","0"
"3528","UA","68","tablet","1","11","645","59","24","10.76","5.75","1"
"1781","UA","47","mobile","1","6","646","108","18","13.43","6.44","1"
"1883","UA","63","tablet","0","8","646","81","23","14.0","5.91","0"
"3655","PL","70","mobile","0","9","646","72","18","9.56","6.28","0"
"4831","CZ","59","desktop","0","6","646","108","25","13.06","5.84","0"
"4607","PL","35","tablet","0","5","646","129","22","15.8","5.0","0"
"2556","UA","35","mobile","0","6","646","108","22","13.37","6.0","0"
"3677","UA","29","desktop","0","6","646","108","25","17.52","6.44","0"
"370","UA","44","mobile","0","7","646","92","24","12.33","6.04","0"
"962","SK","29","desktop","0","8","646","81","33","9.65","6.03","0"
"637","UA","46","desktop","0","9","647","72","31","10.85","5.68","1"
"2716","PL","69","mobile","0","9","647","72","26","12.2","4.96","0"
"1338","SK","60","desktop","0","9","647","72","22","14.4","6.59","0"
"4408","UA","42","mobile","0","9","647","72","13","7.92","6.23","0"
"3330","PL","45","tablet","0","8","647","81","26","13.41","6.0","0"
"2867","UA","25","tablet","0","10","647","65","25","15.24","5.72","0"
"1490","UA","64","tablet","0","10","647","65","28","12.43","6.21","0"
"4567","CZ","47","mobile","1","8","647","81","30","8.27","6.2","0"
"2950","HU","61","mobile","1","6","647","108","21","10.3","6.24","1"
"2317","UA","21","mobile","0","8","648","81","25","10.2","5.64","1"
"4682","PL","48","tablet","1","8","649","81","28","11.87","5.32","0"
"3414","CZ","61","desktop","0","6","649","108","26","17.32","7.08","0"
"820","PL","23","mobile","0","9","649","72","28","18.55","6.21","0"
"1714","CZ","42","desktop","0","10","649","65","19","11.89","6.11","0"
"4112","CZ","68","mobile","0","8","649","81","25","14.58","6.12","0"
"4178","PL","20","mobile","1","11","649","59","21","14.25","6.24","0"
"60","HU","38","desktop","0","8","650","81","27","13.82","5.63","0"
"657","UA","46","mobile","0","8","650","81","21","12.55","6.81","1"
"3621","UA","67","desktop","1","7","651","93","18","15.31","6.44","0"
"2843","CZ","41","mobile","0","8","651","81","26","11.24","6.19","0"
"229","HU","22","desktop","0","8","651","81","25","11.63","5.64","0"
"4236","PL","58","desktop","0","7","651","93","15","11.89","5.33","1"
"945","UA","57","desktop","0","10","651","65","24","11.18","5.5","1"
"244","UA","21","mobile","0","10","651","65","30","9.27","6.57","0"
"4269","PL","22","mobile","0","9","651","72","20","13.63","5.9","0"
"2558","UA","45","tablet","0","8","652","82","17","13.16","7.29","0"
"531","HU","22","mobile","0","9","652","72","26","11.73","5.69","1"
"4531","UA","44","tablet","1","8","652","82","23","14.45","6.04","0"
"1667","CZ","58","desktop","1","10","652","65","29","12.02","6.0","0"
"867","UA","28","tablet","0","9","652","72","27","18.41","5.7","1"
"2694","SK","33","desktop","1","11","652","59","21","17.8","5.52","0"
"1852","UA","46","mobile","0","11","652","59","20","12.28","7.05","0"
"3682","HU","43","mobile","0","8","652","82","24","12.76","6.0","0"
"113","PL","38","mobile","0","9","652","72","25","12.18","5.76","0"
"3297","UA","28","desktop","0","10","652","65","24","12.48","5.38","0"
"256","UA","46","tablet","0","9","652","72","23","9.73","6.17","1"
"4521","SK","45","desktop","0","7","653","93","21","10.44","5.81","1"
"4898","HU","43","mobile","0","6","653","109","23","11.21","5.78","0"
"1278","HU","50","desktop","0","12","653","54","23","11.24","5.43","0"
"2568","SK","51","desktop","0","10","653","65","21","13.15","5.81","0"
"1258","HU","61","tablet","0","7","653","93","22","10.39","5.32","1"
"2824","UA","57","tablet","0","9","653","73","18","12.58","6.67","0"
"1292","HU","60","mobile","0","6","654","109","28","10.7","5.11","0"
"179","CZ","57","mobile","0","12","654","55","34","11.78","6.35","0"
"307","UA","64","desktop","1","9","654","73","16","14.76","6.44","0"
"2109","PL","46","mobile","1","9","654","73","18","13.13","5.39","1"
"3703","UA","59","mobile","0","6","654","109","20","13.01","4.95","1"
"3606","CZ","46","desktop","0","10","654","65","24","14.11","6.21","0"
"3870","HU","53","desktop","1","12","654","55","27","17.03","5.3","1"
"2352","SK","29","desktop","0","8","654","82","21","14.52","5.62","1"
"796","PL","44","desktop","1","9","654","73","21","18.52","5.62","1"
"290","UA","55","mobile","0","10","654","65","27","15.48","5.93","0"
"3204","SK","55","mobile","0","8","654","82","18","12.46","6.72","0"
"3877","UA","66","mobile","0","9","655","73","27","11.31","5.48","0"
"4262","UA","27","desktop","0","10","655","66","24","11.7","5.79","0"
"2678","UA","42","desktop","0","9","655","73","26","12.07","6.19","0"
"4649","UA","41","tablet","0","9","655","73","12","11.56","5.58","0"
"1446","UA","38","desktop","0","11","655","60","13","16.54","5.85","0"
"2557","HU","29","mobile","0","9","655","73","20","11.27","5.9","0"
"1807","PL","23","mobile","1","11","656","60","22","12.64","5.27","0"
"1424","CZ","50","mobile","1","11","656","60","31","11.19","6.19","0"
"978","HU","53","mobile","0","10","656","66","23","12.43","6.48","0"
"1388","SK","22","desktop","0","8","656","82","22","13.09","6.09","0"
"2341","UA","39","mobile","1","9","657","73","37","16.21","6.49","0"
"4432","UA","65","tablet","0","12","657","55","24","14.27","5.67","0"
"2083","UA","44","mobile","0","13","657","51","23","12.01","5.13","0"
"138","SK","26","desktop","0","8","657","82","29","15.41","6.72","0"
"1128","PL","35","desktop","0","9","657","73","22","9.99","6.32","0"
"2742","UA","59","desktop","0","7","657","94","22","11.94","6.27","0"
"2245","UA","62","desktop","1","8","657","82","30","15.61","6.6","0"
"1832","SK","68","mobile","0","11","657","60","16","13.38","6.69","0"
"1237","UA","30","mobile","1","7","657","94","17","13.08","5.53","1"
"4355","UA","44","mobile","0","8","658","82","24","16.1","5.21","0"
"1710","UA","59","mobile","0","10","658","66","21","11.51","5.57","1"
"4809","CZ","30","mobile","1","8","658","82","22","11.64","5.45","1"
"1791","UA","20","mobile","0","8","658","82","24","11.18","5.67","1"
"1800","HU","38","desktop","0","9","658","73","31","13.63","5.48","0"
"2645","UA","58","mobile","0","9","658","73","27","11.78","5.22","0"
"719","UA","53","mobile","1","7","658","94","23","9.05","6.43","0"
"922","CZ","28","tablet","1","10","659","66","31","11.22","5.16","1"
"2588","UA","38","mobile","1","9","659","73","25","14.62","5.08","0"
"4546","PL","23","mobile","0","12","659","55","22","12.54","5.77","0"
"546","PL","30","desktop","1","10","659","66","24","16.17","5.67","0"
"1288","PL","59","mobile","0","10","659","66","21","12.79","5.76","0"
"706","UA","49","desktop","1","10","659","66","19","10.67","6.21","0"
"4644","PL","36","mobile","0","12","659","55","31","8.99","6.0","0"
"253","UA","36","mobile","0","7","660","94","26","17.8","6.0","0"
"18","UA","65","mobile","0","9","660","73","22","9.61","7.0","0"
"3598","CZ","43","desktop","1","7","660","94","22","14.09","7.23","0"
"4050","CZ","41","mobile","1","6","660","110","22","14.4","6.36","0"
"1238","HU","49","mobile","0","9","660","73","23","11.74","5.96","0"
"4773","UA","62","tablet","0","10","660","66","26","14.3","5.46","0"
"4009","UA","66","mobile","0","8","660","83","26","15.43","6.54","0"
"3674","SK","30","mobile","0","7","660","94","23","10.98","5.74","0"
"4850","PL","67","desktop","0","6","661","110","21","16.54","6.71","0"
"2444","UA","25","desktop","1","8","661","83","18","13.99","6.94","0"
"2066","UA","63","tablet","0","9","661","73","31","15.01","5.94","0"
"3855","CZ","60","desktop","0","8","661","83","32","9.02","5.66","1"
"3149","CZ","24","desktop","0","9","661","73","22","12.3","5.36","0"
"2763","UA","27","mobile","1","8","661","83","25","14.41","5.72","0"
"809","SK","41","desktop","1","9","662","74","24","14.34","6.38","0"
"1468","UA","22","mobile","0","9","662","74","18","17.21","6.06","0"
"587","PL","41","tablet","0","10","662","66","21","18.16","5.33","1"
"2262","UA","35","desktop","1","9","662","74","23","10.84","5.22","0"
"594","CZ","36","mobile","0","13","662","51","20","13.62","5.15","0"
"4617","UA","29","mobile","1","10","662","66","30","11.55","5.57","1"
"3320","CZ","35","mobile","0","6","662","110","30","10.91","6.3","1"
"1217","UA","44","desktop","0","9","662","74","22","13.61","5.68","1"
"3421","SK","19","mobile","0","10","663","66","18","16.4","5.06","0"
"2718","CZ","48","tablet","1","7","663","95","26","12.56","6.12","0"
"1653","PL","54","mobile","0","9","663","74","20","13.93","5.2","0"
"3921","CZ","30","mobile","0","6","663","111","14","5.07","5.57","1"
"1615","UA","19","mobile","0","7","664","95","25","10.72","5.6","0"
"1512","HU","33","desktop","0","7","664","95","28","17.11","6.29","0"
"3499","HU","51","mobile","1","9","664","74","27","12.54","5.96","0"
"4411","PL","37","mobile","0","9","664","74","31","15.45","5.65","0"
"3017","PL","18","mobile","0","10","664","66","22","10.55","6.23","1"
"2838","HU","27","mobile","0","6","664","111","31","10.8","6.35","0"
"2641","UA","70","mobile","0","6","664","111","25","12.7","5.76","1"
"3025","PL","60","desktop","0","7","665","95","37","17.25","6.08","0"
"2011","UA","42","desktop","0","9","665","74","23","18.77","5.91","0"
"2219","CZ","58","desktop","0","9","665","74","26","13.25","6.58","0"
"3575","UA","68","tablet","0","8","665","83","23","9.27","6.57","0"
"4972","PL","20","mobile","0","9","665","74","27","11.39","6.37","0"
"3479","CZ","46","desktop","0","9","665","74","24","17.12","5.63","1"
"3573","HU","55","desktop","1","9","665","74","14","15.76","5.29","0"
"4750","UA","59","desktop","0","8","665","83","16","19.29","6.81","1"
"4857","SK","68","mobile","0","10","665","67","19","10.15","5.68","0"
"3663","UA","36","desktop","0","10","665","67","25","11.55","6.16","0"
"3982","PL","36","mobile","0","8","665","83","24","8.42","6.54","1"
"2295","HU","69","desktop","0","12","666","56","29","13.44","6.0","0"
"87","SK","53","mobile","0","7","666","95","22","12.77","5.82","0"
"345","CZ","45","mobile","0","12","666","56","27","10.14","5.7","0"
"4964","UA","19","mobile","0","11","666","61","25","14.56","6.32","0"
"1314","UA","28","mobile","0","8","666","83","24","13.33","7.04","0"
"4162","HU","56","mobile","0","10","666","67","24","12.41","5.79","0"
"3155","SK","51","desktop","0","7","666","95","15","12.82","6.27","0"
"1951","PL","37","desktop","1","8","667","83","21","13.29","6.48","0"
"4019","HU","37","mobile","0","10","667","67","23","13.69","6.13","0"
"3694","SK","28","mobile","0","10","667","67","28","13.71","5.71","0"
"1023","SK","56","desktop","0","6","667","111","18","8.66","6.67","1"
"4600","SK","21","desktop","0","10","667","67","26","13.87","5.92","0"
"899","SK","42","desktop","0","8","668","84","26","13.58","6.58","0"
"3430","PL","19","desktop","0","10","668","67","26","9.68","6.23","0"
"3539","CZ","37","desktop","1","5","668","134","29","12.78","5.59","1"
"2603","UA","35","mobile","0","11","668","61","28","13.91","6.29","0"
"4222","PL","57","desktop","1","10","668","67","29","11.29","5.41","0"
"91","HU","38","mobile","0","6","668","111","21","14.48","5.62","1"
"4779","UA","47","mobile","0","9","669","74","28","18.16","6.04","0"
"3717","UA","61","mobile","0","7","669","96","22","14.21","6.09","0"
"693","HU","46","desktop","0","8","669","84","22","18.29","5.64","0"
"158","UA","49","desktop","1","7","669","96","30","12.6","5.67","0"
"363","CZ","49","mobile","1","8","669","84","23","13.37","5.17","0"
"3010","UA","51","tablet","0","6","669","112","26","12.96","6.58","1"
"108","UA","21","tablet","0","6","669","112","33","12.39","6.21","1"
"4404","HU","48","desktop","0","9","669","74","29","12.51","5.41","0"
"1782","PL","40","mobile","0","10","669","67","31","9.3","6.74","0"
"2170","SK","59","desktop","0","11","670","61","24","10.13","5.75","0"
"506","HU","41","mobile","1","9","670","74","20","16.7","5.85","0"
"1061","CZ","47","desktop","0","9","671","75","23","16.2","5.65","0"
"3186","CZ","40","mobile","0","9","671","75","24","12.37","5.67","0"
"2823","UA","64","mobile","1","8","671","84","26","14.33","6.12","0"
"3403","UA","61","desktop","0","8","671","84","19","12.58","4.95","0"
"1479","PL","29","desktop","0","9","671","75","29","10.22","5.97","1"
"2664","HU","36","desktop","0","8","672","84","18","10.78","5.56","0"
"1020","HU","47","mobile","1","9","672","75","32","13.81","6.19","0"
"500","UA","44","desktop","1","11","672","61","35","12.11","5.8","0"
"1358","UA","29","desktop","0","6","672","112","26","12.91","6.38","1"
"2448","UA","20","mobile","0","6","672","112","18","9.39","6.17","1"
"4969","CZ","51","tablet","1","9","672","75","22","15.66","6.27","0"
"3728","UA","56","mobile","1","9","672","75","32","11.59","5.44","1"
"639","PL","60","mobile","1","9","673","75","27","11.2","5.48","1"
"3555","UA","56","desktop","0","8","673","84","20","16.93","6.5","0"
"3221","SK","49","mobile","0","10","673","67","25","13.06","6.2","0"
"4671","UA","56","mobile","1","10","673","67","25","10.32","6.36","0"
"4545","UA","23","mobile","1","8","673","84","17","15.19","4.76","1"
"282","HU","27","desktop","0","8","674","84","24","10.44","4.92","1"
"2167","UA","31","mobile","0","7","674","96","22","11.52","5.95","1"
"572","UA","27","desktop","0","8","674","84","24","13.07","5.71","0"
"1631","UA","46","desktop","1","6","674","112","22","16.9","6.23","1"
"3951","HU","50","mobile","0","9","674","75","20","11.9","6.0","1"
"3168","SK","34","mobile","0","6","674","112","28","11.97","6.68","0"
"2502","PL","57","mobile","0","5","675","135","23","21.01","6.3","1"
"3652","UA","29","tablet","1","9","675","75","18","12.89","6.22","0"
"2052","UA","44","desktop","0","10","675","68","27","11.04","5.74","0"
"3622","HU","35","tablet","0","9","675","75","22","12.78","6.09","0"
"163","HU","36","mobile","0","8","675","84","27","15.49","5.41","0"
"2530","SK","62","mobile","0","10","675","68","34","12.83","5.74","0"
"4562","CZ","34","desktop","1","12","675","56","18","13.55","7.33","0"
"1248","UA","38","desktop","0","8","675","84","21","11.6","6.48","0"
"1722","SK","28","tablet","0","10","675","68","23","15.98","6.43","0"
"3740","CZ","42","mobile","0","8","675","84","19","9.74","5.79","1"
"2896","PL","70","mobile","0","10","675","68","24","12.18","5.29","0"
"4986","UA","28","mobile","0","7","675","96","27","12.6","5.96","0"
"4501","CZ","46","mobile","0","11","676","61","24","10.63","5.79","1"
"4740","CZ","67","mobile","0","6","676","113","32","15.45","5.94","1"
"4754","UA","35","desktop","0","8","676","85","29","12.86","6.0","0"
"1776","PL","45","mobile","0","8","676","85","13","11.77","6.77","1"
"4456","UA","30","mobile","1","10","676","68","25","13.94","6.32","0"
"4472","CZ","24","desktop","1","12","676","56","22","14.32","6.09","0"
"483","UA","66","mobile","0","9","676","75","20","10.36","6.05","0"
"2946","HU","30","mobile","0","7","676","97","19","15.86","5.84","0"
"2418","PL","46","desktop","0","8","676","85","29","13.24","6.34","0"
"2338","UA","61","mobile","0","7","677","97","20","15.54","6.55","0"
"1959","SK","43","desktop","0","8","677","85","31","10.48","5.74","1"
"2659","UA","20","desktop","1","9","677","75","31","15.23","6.32","0"
"4534","HU","42","tablet","1","9","677","75","25","11.3","6.32","0"
"3100","UA","37","mobile","0","6","677","113","21","14.91","5.95","1"
"1336","PL","43","desktop","0","6","677","113","11","17.05","5.64","0"
"3979","UA","64","tablet","1","10","677","68","28","14.68","6.57","0"
"4060","HU","41","mobile","0","11","678","62","19","12.49","6.21","0"
"2143","UA","39","mobile","0","7","678","97","27","19.36","6.56","0"
"1763","UA","57","mobile","0","6","678","113","25","15.38","5.44","1"
"2411","UA","59","desktop","0","7","679","97","12","11.39","5.33","1"
"3298","UA","38","mobile","1","8","679","85","27","12.16","5.59","0"
"2451","UA","31","mobile","0","9","679","75","30","16.32","5.67","0"
"1987","CZ","54","tablet","1","10","679","68","24","12.5","6.29","0"
"4304","UA","23","tablet","1","7","679","97","19","14.79","7.26","0"
"620","PL","24","desktop","0","7","679","97","23","12.46","6.43","0"
"3946","SK","55","mobile","0","9","679","75","30","9.87","6.07","0"
"4147","UA","55","mobile","0","8","680","85","25","14.29","6.6","0"
"2513","PL","25","desktop","0","13","680","52","28","15.8","6.36","0"
"2703","SK","23","mobile","0","9","681","76","20","11.88","5.95","0"
"3975","HU","45","mobile","0","9","681","76","25","8.7","6.2","0"
"4090","HU","65","mobile","1","7","681","97","23","10.45","5.65","0"
"333","HU","70","desktop","0","8","681","85","20","15.04","6.5","0"
"4385","PL","50","mobile","1","8","681","85","20","11.81","6.45","0"
"1404","SK","67","desktop","1","11","681","62","31","14.21","5.65","0"
"1850","UA","39","desktop","0","7","682","97","26","14.59","5.92","0"
"154","UA","20","mobile","0","7","682","97","23","12.89","5.87","0"
"1154","PL","43","mobile","0","11","683","62","21","13.49","6.1","0"
"2485","UA","23","mobile","0","9","683","76","24","12.29","6.79","0"
"751","UA","39","desktop","0","7","683","98","31","13.01","6.1","0"
"4299","UA","28","mobile","0","6","683","114","27","14.14","5.7","1"
"738","UA","23","mobile","0","13","683","53","21","10.81","5.86","0"
"1952","PL","67","tablet","0","10","683","68","23","12.59","5.61","0"
"216","UA","33","mobile","0","9","683","76","27","13.91","5.41","0"
"386","UA","34","mobile","0","8","684","86","27","14.85","5.59","1"
"3356","PL","60","tablet","1","9","684","76","19","14.6","5.74","0"
"1320","SK","57","mobile","0","6","684","114","25","16.08","6.4","1"
"2852","PL","28","desktop","0","7","684","98","25","12.46","6.16","0"
"4106","SK","35","mobile","0","8","684","86","26","10.22","6.15","0"
"378","SK","32","desktop","1","8","684","86","25","12.64","6.0","0"
"3323","SK","60","mobile","0","8","684","86","29","13.27","6.34","0"
"2754","UA","28","mobile","1","7","684","98","24","9.99","6.58","0"
"1568","UA","52","desktop","1","14","685","49","23","15.04","6.74","0"
"1847","PL","40","mobile","0","5","685","137","17","9.04","4.71","1"
"2299","UA","31","desktop","1","5","685","137","22","12.62","6.36","0"
"93","SK","25","mobile","0","7","685","98","25","10.45","5.52","1"
"623","UA","43","mobile","1","8","685","86","25","10.37","6.72","0"
"176","UA","23","mobile","1","7","685","98","26","15.17","6.0","0"
"308","CZ","19","mobile","1","9","686","76","19","16.02","5.95","0"
"1205","UA","69","mobile","0","9","686","76","22","10.82","6.41","1"
"2409","UA","40","mobile","0","8","686","86","19","9.95","5.68","0"
"825","UA","22","mobile","1","10","686","69","21","15.41","6.24","0"
"3884","SK","40","tablet","0","12","686","57","21","12.1","6.29","0"
"3453","UA","70","desktop","0","8","686","86","16","18.33","6.19","0"
"1438","CZ","60","tablet","0","8","686","86","28","18.69","6.54","0"
"3235","PL","43","mobile","1","9","686","76","25","12.44","5.36","0"
"2246","UA","32","desktop","1","6","686","114","31","11.31","6.61","0"
"3666","UA","43","mobile","0","7","686","98","36","15.33","5.64","0"
"2310","CZ","56","mobile","0","9","687","76","20","11.47","6.75","1"
"159","PL","49","desktop","1","8","687","86","20","12.0","6.25","0"
"3702","HU","32","mobile","0","8","687","86","29","13.15","6.72","0"
"952","SK","46","mobile","1","9","687","76","22","12.42","5.77","0"
"2412","UA","70","tablet","1","8","687","86","22","12.32","5.82","0"
"609","HU","65","mobile","0","11","687","62","25","13.06","5.36","0"
"3223","UA","35","mobile","1","6","687","115","29","15.0","5.45","1"
"858","UA","32","mobile","0","11","688","63","28","11.92","5.96","0"
"2155","UA","60","mobile","0","9","688","76","16","12.42","5.63","1"
"1495","CZ","29","desktop","0","10","688","69","24","9.37","6.33","0"
"4890","UA","29","desktop","0","8","688","86","22","13.43","5.59","0"
"3916","CZ","22","mobile","1","7","688","98","25","15.37","6.16","0"
"1647","CZ","59","mobile","1","10","688","69","24","13.56","6.54","0"
"4936","CZ","27","mobile","0","7","688","98","26","14.16","6.04","0"
"1789","UA","54","desktop","0","10","688","69","27","7.75","5.37","0"
"3046","CZ","56","mobile","0","10","688","69","23","12.54","5.35","0"
"3326","HU","30","mobile","0","7","688","98","22","13.83","6.55","0"
"705","CZ","60","desktop","0","7","688","98","27","13.96","6.07","0"
"4037","UA","62","desktop","1","8","688","86","23","12.83","5.65","0"
"3543","PL","46","desktop","0","9","689","77","27","14.46","5.44","0"
"4654","UA","70","mobile","0","8","689","86","25","11.88","6.44","0"
"661","CZ","58","mobile","0","10","689","69","32","11.04","5.78","0"
"249","PL","32","mobile","0","7","689","98","26","15.38","6.15","0"
"537","HU","33","desktop","1","7","690","99","25","14.71","6.52","0"
"2866","PL","47","desktop","0","8","690","86","19","10.8","5.89","0"
"2809","UA","42","desktop","1","8","691","86","29","12.4","4.79","0"
"560","CZ","61","tablet","1","7","691","99","25","14.24","6.44","0"
"3325","UA","26","desktop","0","10","691","69","21","10.79","6.0","0"
"2736","CZ","35","mobile","0","8","691","86","17","11.24","5.35","0"
"3184","PL","50","desktop","1","6","691","115","25","12.06","5.88","0"
"4206","CZ","36","mobile","1","7","692","99","24","12.98","6.29","0"
"2312","PL","63","mobile","1","11","692","63","21","15.1","5.38","1"
"3461","UA","37","mobile","1","7","692","99","16","14.46","6.94","0"
"659","UA","36","tablet","1","11","692","63","17","14.73","5.35","1"
"4257","PL","58","desktop","1","8","692","87","28","16.22","5.79","0"
"1889","HU","18","desktop","0","8","692","87","24","11.25","6.58","0"
"1663","SK","49","mobile","1","9","692","77","28","10.71","5.82","0"
"2228","PL","42","desktop","0","8","692","87","37","14.96","6.22","0"
"1313","SK","68","desktop","1","10","693","69","24","10.21","6.29","0"
"4275","CZ","59","tablet","0","7","693","99","32","10.07","6.59","0"
"558","UA","54","desktop","0","7","693","99","23","15.8","5.43","0"
"2016","SK","37","desktop","1","11","693","63","20","11.76","6.8","1"
"881","CZ","49","mobile","1","10","693","69","28","11.33","6.21","0"
"574","UA","68","mobile","0","8","693","87","19","14.82","7.0","0"
"3647","UA","47","mobile","0","5","693","139","24","11.78","6.88","1"
"2632","SK","43","mobile","0","11","694","63","27","13.46","5.89","0"
"1606","SK","20","desktop","1","10","694","69","36","14.51","5.94","0"
"187","CZ","57","tablet","0","6","694","116","28","10.33","6.07","0"
"701","HU","21","mobile","0","8","694","87","33","15.77","6.12","0"
"2851","UA","41","mobile","0","7","694","99","22","13.69","6.27","0"
"69","PL","55","tablet","1","9","694","77","20","11.15","5.65","1"
"4784","UA","43","mobile","0","7","694","99","19","15.26","6.84","0"
"3147","HU","34","desktop","1","11","694","63","22","11.33","6.23","0"
"2088","UA","61","desktop","0","9","694","77","24","15.26","5.46","0"
"2401","UA","45","mobile","1","8","694","87","24","12.5","5.88","0"
"178","PL","66","mobile","0","9","694","77","31","16.38","5.26","0"
"3970","PL","40","mobile","0","10","695","70","24","13.33","6.33","0"
"1142","UA","21","mobile","1","9","695","77","23","14.47","6.7","0"
"1975","UA","18","desktop","1","12","695","58","32","12.76","6.69","0"
"4264","CZ","57","desktop","1","9","695","77","28","10.18","5.86","1"
"1985","PL","32","mobile","0","10","695","70","31","17.94","6.29","0"
"2094","UA","41","mobile","1","8","695","87","28","10.96","6.21","1"
"2889","CZ","55","mobile","1","8","695","87","27","12.61","5.81","0"
"3627","SK","61","mobile","1","7","696","99","34","15.32","6.53","0"
"1174","PL","39","mobile","0","8","696","87","25","11.46","6.96","1"
"4167","UA","62","desktop","1","11","696","63","21","9.93","6.29","0"
"27","UA","54","desktop","1","8","696","87","29","15.18","6.07","0"
"1798","SK","30","mobile","0","8","696","87","19","13.31","6.79","1"
"3651","UA","18","desktop","0","11","697","63","21","12.8","5.14","0"
"459","CZ","51","desktop","0","7","697","100","14","14.01","5.64","1"
"2646","CZ","19","tablet","0","9","697","77","19","12.49","6.21","0"
"223","CZ","22","desktop","0","10","697","70","23","9.59","6.04","0"
"4346","CZ","58","mobile","0","7","697","100","30","15.08","6.57","0"
"4280","CZ","48","mobile","0","10","697","70","17","14.89","4.94","0"
"3823","HU","49","mobile","0","7","697","100","28","13.62","5.68","0"
"2602","PL","60","tablet","1","10","698","70","22","11.81","6.0","0"
"3253","PL","45","desktop","1","9","698","78","26","10.15","5.92","0"
"1932","UA","19","mobile","0","9","698","78","25","12.04","5.6","0"
"563","PL","39","mobile","1","10","698","70","20","15.48","5.5","0"
"788","PL","18","mobile","1","10","698","70","28","9.31","6.11","0"
"3744","UA","54","mobile","0","8","698","87","30","12.1","5.73","0"
"73","UA","58","mobile","0","10","698","70","19","11.74","5.37","0"
"4101","CZ","25","desktop","0","10","698","70","22","17.23","6.5","0"
"4017","PL","59","mobile","1","9","699","78","19","15.38","6.05","0"
"3631","UA","69","desktop","1","9","699","78","25","13.28","5.6","0"
"4609","SK","56","desktop","0","9","699","78","27","16.54","5.44","0"
"443","PL","50","mobile","0","9","699","78","34","12.25","5.94","0"
"2782","CZ","67","mobile","1","10","699","70","33","11.97","6.45","0"
"3854","CZ","68","tablet","0","8","699","87","26","11.67","5.12","1"
"319","SK","50","tablet","0","6","699","117","36","13.87","6.61","1"
"4455","UA","48","desktop","0","8","699","87","26","13.28","6.62","0"
"4896","UA","22","desktop","0","8","699","87","23","17.01","5.61","0"
"4250","PL","29","mobile","0","9","699","78","17","9.45","6.12","1"
"2284","UA","18","mobile","0","8","700","88","25","9.93","6.12","1"
"492","PL","37","desktop","0","10","700","70","22","9.95","5.64","0"
"739","CZ","46","desktop","0","7","700","100","27","13.43","6.44","0"
"4672","UA","64","mobile","0","12","700","58","30","11.31","5.57","1"
"3996","CZ","62","mobile","0","8","700","88","29","15.27","6.34","0"
"4272","PL","24","mobile","0","9","700","78","21","13.29","5.29","0"
"3406","PL","29","mobile","0","8","700","88","23","15.39","5.43","1"
"3713","UA","23","tablet","0","5","700","140","18","14.41","7.78","1"
"4051","PL","31","mobile","0","8","701","88","26","12.07","6.27","0"
"1267","UA","64","tablet","1","7","701","100","23","12.98","6.09","0"
"1348","CZ","52","desktop","1","10","701","70","23","13.46","6.04","0"
"1072","CZ","39","mobile","0","11","701","64","26","13.7","5.35","0"
"2715","HU","41","mobile","0","10","702","70","22","12.43","6.09","0"
"4925","SK","23","mobile","1","11","702","64","18","15.29","6.17","0"
"1549","UA","37","mobile","0","7","702","100","30","11.08","5.97","0"
"4063","SK","40","tablet","0","12","702","59","25","12.56","5.72","0"
"2101","SK","63","mobile","0","10","702","70","20","20.28","6.15","0"
"3934","CZ","56","tablet","0","7","702","100","21","13.66","5.76","0"
"1976","SK","68","desktop","1","7","703","100","30","14.43","5.97","0"
"453","CZ","67","mobile","1","10","703","70","17","9.7","6.06","0"
"3230","HU","49","mobile","0","10","703","70","27","13.75","6.67","0"
"3102","UA","68","mobile","0","8","703","88","21","10.07","6.0","1"
"1596","SK","45","mobile","1","10","703","70","22","17.82","6.45","0"
"72","CZ","64","mobile","0","7","703","100","28","13.05","5.64","1"
"2679","UA","33","mobile","1","11","703","64","26","14.13","5.81","0"
"1601","UA","45","desktop","0","9","703","78","29","16.51","7.14","0"
"284","UA","42","mobile","0","10","704","70","14","11.89","6.86","0"
"3190","PL","32","mobile","1","7","704","101","30","11.67","6.27","0"
"861","UA","66","desktop","0","11","704","64","18","12.9","5.78","1"
"3418","UA","65","desktop","0","10","704","70","28","12.22","5.96","0"
"3918","UA","49","mobile","1","8","704","88","31","9.86","5.61","1"
"1962","CZ","29","mobile","1","9","704","78","37","11.21","6.54","0"
"365","CZ","65","desktop","0","10","704","70","25","14.27","5.8","0"
"415","UA","35","mobile","1","7","705","101","14","8.44","5.79","0"
"605","PL","30","desktop","1","12","705","59","24","16.2","5.67","0"
"16","HU","65","tablet","1","11","705","64","29","17.42","5.66","0"
"3645","UA","35","mobile","0","8","705","88","27","13.26","6.04","0"
"137","HU","46","mobile","0","8","705","88","24","14.03","6.21","0"
"2419","HU","64","mobile","0","8","705","88","29","14.96","6.28","0"
"127","UA","49","mobile","0","9","706","78","24","11.32","5.46","0"
"4647","UA","68","mobile","0","7","706","101","19","14.69","6.37","1"
"1374","UA","62","desktop","0","7","706","101","22","14.05","4.82","0"
"987","UA","25","mobile","0","9","706","78","11","11.4","5.0","1"
"2266","CZ","27","mobile","0","8","706","88","20","17.43","5.85","0"
"190","UA","52","mobile","0","6","707","118","24","20.12","5.67","1"
"571","SK","31","mobile","0","7","707","101","26","18.06","6.12","0"
"3265","PL","39","desktop","0","8","707","88","13","9.88","5.31","0"
"1360","PL","41","desktop","0","10","707","71","26","15.17","6.15","0"
"2559","SK","45","mobile","1","6","707","118","14","17.51","5.86","1"
"1530","CZ","25","desktop","0","8","707","88","28","11.36","5.82","0"
"2197","UA","55","tablet","1","9","708","79","29","13.86","5.83","0"
"10","HU","67","mobile","0","7","708","101","19","15.06","5.58","1"
"257","UA","41","desktop","1","10","708","71","21","11.82","5.57","0"
"2342","SK","36","mobile","0","9","708","79","21","12.1","5.62","0"
"1113","UA","34","desktop","0","10","708","71","22","13.34","5.64","0"
"3229","UA","69","desktop","0","12","709","59","26","13.7","6.46","0"
"1575","UA","61","mobile","0","8","709","89","33","12.88","6.36","0"
"1426","CZ","55","desktop","0","8","709","89","20","11.03","5.4","1"
"3842","CZ","24","desktop","0","7","709","101","17","10.11","6.29","1"
"4332","HU","59","tablet","0","7","709","101","21","15.21","5.95","0"
"3481","UA","34","desktop","0","8","710","89","25","13.18","5.8","0"
"2975","CZ","54","mobile","0","10","710","71","29","13.55","6.1","0"
"3248","UA","33","tablet","0","7","710","101","21","8.9","5.57","1"
"2321","UA","28","mobile","1","10","710","71","25","8.47","6.36","0"
"1232","PL","19","desktop","0","8","710","89","25","15.08","5.44","0"
"4957","CZ","38","mobile","0","9","710","79","22","11.31","6.27","1"
"1187","CZ","48","desktop","0","10","710","71","24","12.28","5.38","1"
"1744","HU","61","desktop","0","7","710","101","31","11.24","5.9","1"
"4772","UA","48","mobile","0","9","711","79","24","9.73","6.42","0"
"3640","UA","57","desktop","0","11","711","65","26","13.76","6.73","0"
"2688","UA","26","mobile","0","9","711","79","18","17.91","6.5","0"
"4958","UA","58","mobile","0","11","711","65","32","11.5","6.06","0"
"198","CZ","48","mobile","0","10","711","71","16","13.57","5.44","1"
"812","SK","37","tablet","0","11","712","65","16","9.9","6.0","1"
"3949","SK","53","mobile","0","11","712","65","26","14.77","6.5","0"
"1720","SK","27","mobile","1","9","712","79","24","10.35","6.33","0"
"764","CZ","47","mobile","0","7","712","102","14","7.25","6.0","0"
"4606","HU","28","tablet","0","9","712","79","16","23.56","6.0","0"
"1814","PL","22","mobile","1","9","712","79","25","16.2","5.76","0"
"1183","SK","27","mobile","1","7","712","102","25","12.44","5.8","0"
"3281","UA","50","desktop","0","9","712","79","27","13.03","5.89","0"
"1189","SK","22","mobile","1","8","712","89","22","17.2","5.36","0"
"4873","CZ","36","mobile","0","12","713","59","27","10.31","5.85","0"
"2811","UA","52","desktop","1","9","713","79","20","13.03","6.0","0"
"2960","UA","31","desktop","1","10","713","71","20","13.09","6.0","1"
"2263","UA","66","mobile","0","8","713","89","23","12.18","6.04","0"
"545","CZ","40","tablet","0","9","713","79","24","18.34","6.13","0"
"3933","CZ","66","mobile","1","7","713","102","19","13.02","6.0","0"
"4406","SK","56","mobile","0","8","713","89","27","11.6","5.56","0"
"2761","UA","29","tablet","0","8","714","89","29","15.75","5.52","0"
"2334","PL","43","desktop","0","9","714","79","34","12.79","6.0","0"
"2777","UA","68","mobile","0","7","714","102","30","12.34","6.1","1"
"4478","SK","37","mobile","0","9","714","79","30","16.39","5.57","0"
"4774","SK","26","mobile","0","6","714","119","20","16.7","6.4","1"
"3035","PL","40","desktop","0","9","714","79","21","11.5","5.86","1"
"516","PL","66","desktop","0","10","714","71","26","10.3","6.38","0"
"3719","PL","54","tablet","0","9","715","79","14","9.46","6.5","1"
"2947","UA","18","mobile","0","10","715","72","24","12.62","6.0","0"
"1772","CZ","22","mobile","1","8","715","89","27","13.49","5.93","0"
"4880","UA","36","mobile","0","9","715","79","26","9.79","5.58","0"
"38","SK","41","mobile","0","7","715","102","25","13.92","6.16","0"
"3885","UA","70","mobile","1","8","715","89","21","12.75","5.81","0"
"52","PL","58","mobile","1","10","715","72","30","13.31","5.57","1"
"1550","CZ","23","mobile","1","9","715","79","21","14.84","5.33","0"
"408","CZ","57","tablet","0","10","715","72","25","10.3","6.08","0"
"3246","HU","68","desktop","0","8","715","89","20","15.63","5.8","1"
"1280","SK","31","desktop","0","8","715","89","30","16.62","7.2","0"
"4777","UA","50","mobile","0","12","716","60","18","13.72","6.11","0"
"2090","UA","49","desktop","0","6","716","119","23","10.97","6.78","1"
"1903","CZ","49","desktop","0","9","716","80","18","9.72","5.39","0"
"2156","SK","30","desktop","1","8","716","90","21","17.08","6.71","0"
"2203","UA","54","desktop","0","10","716","72","27","18.39","5.59","0"
"2595","PL","40","desktop","1","8","716","90","27","13.58","5.11","0"
"1123","PL","57","mobile","0","9","716","80","33","11.91","5.94","0"
"3362","PL","53","mobile","0","10","717","72","30","12.66","5.33","0"
"2576","UA","33","desktop","0","11","717","65","21","15.38","5.62","0"
"1624","CZ","47","desktop","1","9","717","80","20","14.38","5.9","0"
"4650","SK","60","mobile","0","10","717","72","16","16.34","6.56","0"
"4427","UA","53","mobile","0","8","717","90","23","11.95","6.09","0"
"3469","UA","28","mobile","0","7","717","102","23","15.47","5.17","0"
"2869","PL","37","desktop","0","6","717","120","27","11.47","5.67","1"
"3457","UA","49","desktop","0","10","718","72","24","11.27","5.38","0"
"874","SK","48","mobile","1","7","718","103","23","13.53","6.22","0"
"4698","PL","68","mobile","0","10","718","72","18","8.07","5.28","0"
"2839","SK","51","mobile","1","8","718","90","31","9.22","5.97","0"
"4670","HU","61","mobile","0","6","718","120","17","14.48","5.53","1"
"2586","UA","43","tablet","0","9","718","80","29","19.04","5.86","0"
"3938","SK","38","mobile","0","9","719","80","25","14.76","6.2","0"
"3044","CZ","54","mobile","0","9","719","80","23","9.23","6.09","0"
"1960","UA","42","mobile","0","10","719","72","24","12.61","6.0","0"
"3822","PL","56","mobile","0","8","719","90","21","10.76","6.81","1"
"4869","UA","57","desktop","0","10","719","72","19","9.39","5.42","0"
"1311","PL","66","desktop","0","7","719","103","30","15.0","5.87","0"
"3375","PL","33","desktop","1","6","720","120","26","14.09","7.54","1"
"2773","CZ","40","desktop","0","13","720","55","23","15.3","6.61","0"
"1811","SK","49","desktop","0","8","720","90","23","14.95","6.65","0"
"559","UA","23","desktop","0","8","720","90","26","13.76","5.92","0"
"2968","UA","47","mobile","0","9","721","80","32","10.98","6.84","0"
"144","CZ","70","mobile","0","7","721","103","28","14.16","6.18","0"
"4109","HU","26","mobile","0","7","721","103","24","9.9","6.29","0"
"2354","UA","44","desktop","0","8","721","90","29","13.43","5.45","0"
"2399","UA","45","desktop","0","11","721","66","12","17.89","5.0","1"
"3733","UA","47","mobile","1","11","721","66","22","10.98","6.27","0"
"156","UA","32","mobile","0","10","722","72","22","14.97","5.68","0"
"4725","PL","53","tablet","0","10","722","72","18","13.91","4.72","0"
"2579","SK","52","desktop","0","11","722","66","23","15.4","5.78","0"
"2845","UA","40","mobile","0","10","723","72","24","8.4","6.92","0"
"4856","SK","26","mobile","1","9","723","80","21","16.78","5.24","0"
"1949","CZ","62","mobile","1","8","723","90","23","17.09","5.48","0"
"3774","HU","68","mobile","0","10","723","72","21","13.36","5.24","1"
"102","UA","34","mobile","1","11","723","66","24","11.45","6.13","0"
"4999","UA","54","mobile","1","7","723","103","24","9.12","5.83","0"
"2987","CZ","47","tablet","0","8","724","91","23","12.0","5.74","0"
"2375","HU","55","mobile","1","7","724","103","28","12.08","6.21","0"
"3312","UA","35","mobile","1","9","724","80","26","13.37","5.62","0"
"2222","UA","40","mobile","0","10","724","72","23","14.55","7.09","0"
"807","PL","40","tablet","1","9","724","80","26","12.5","6.12","0"
"2673","PL","42","desktop","0","8","724","91","24","13.2","6.21","0"
"425","HU","20","desktop","0","10","725","73","22","12.79","6.05","0"
"357","UA","53","desktop","0","9","725","81","26","14.77","6.04","0"
"1501","PL","18","mobile","1","11","725","66","20","9.62","5.95","0"
"4837","UA","56","mobile","0","7","725","104","27","11.77","6.74","0"
"3929","UA","38","mobile","0","9","725","81","25","11.21","5.32","1"
"161","CZ","35","mobile","0","12","725","60","21","9.84","6.52","0"
"431","PL","25","mobile","0","6","726","121","22","13.73","5.45","1"
"4917","HU","50","mobile","1","6","726","121","26","12.13","5.12","1"
"4056","CZ","29","desktop","0","7","726","104","28","15.26","6.04","0"
"4577","UA","43","desktop","0","10","727","73","27","13.37","5.41","0"
"82","UA","44","mobile","0","12","727","61","19","17.01","4.84","0"
"3680","UA","24","mobile","0","9","727","81","18","11.58","6.39","0"
"551","UA","65","mobile","0","8","727","91","29","10.89","6.52","0"
"4906","UA","40","mobile","0","9","727","81","24","14.79","6.0","0"
"2526","SK","64","mobile","1","8","727","91","31","13.16","6.16","0"
"1469","CZ","26","mobile","1","12","727","61","29","13.01","6.07","0"
"908","PL","45","mobile","1","9","727","81","24","13.82","6.79","0"
"3353","SK","29","desktop","0","8","727","91","32","10.92","6.59","0"
"3134","SK","44","mobile","0","9","728","81","19","9.09","6.26","1"
"2928","PL","44","desktop","0","11","728","66","21","7.96","5.67","0"
"314","UA","23","mobile","0","10","728","73","24","11.59","5.54","0"
"1164","UA","55","mobile","0","9","728","81","29","15.2","5.28","0"
"3144","CZ","53","mobile","0","9","728","81","24","15.08","5.79","0"
"1605","UA","48","mobile","0","10","729","73","18","13.99","6.28","0"
"4189","HU","24","mobile","0","10","729","73","23","14.07","5.78","0"
"2141","UA","70","tablet","0","8","729","91","32","11.87","6.56","0"
"35","CZ","51","tablet","0","10","729","73","21","11.66","6.0","0"
"2447","UA","30","tablet","0","7","729","104","17","13.43","6.12","1"
"1270","SK","52","mobile","0","12","729","61","16","15.04","5.38","0"
"4555","SK","37","mobile","0","8","729","91","23","11.52","5.61","1"
"3815","CZ","33","tablet","0","8","729","91","33","12.7","5.45","0"
"4379","UA","56","mobile","0","7","730","104","26","11.32","5.96","0"
"110","UA","69","mobile","0","9","730","81","27","14.96","6.0","0"
"4713","UA","59","mobile","1","9","730","81","18","18.07","5.06","0"
"2730","UA","52","mobile","0","9","730","81","21","14.86","6.05","0"
"942","UA","21","mobile","0","7","730","104","28","14.55","6.07","0"
"64","UA","39","desktop","0","8","730","91","27","18.04","5.81","0"
"2265","PL","27","tablet","0","8","730","91","24","11.77","6.04","0"
"112","UA","42","tablet","1","11","730","66","18","16.52","6.22","0"
"174","PL","46","mobile","0","7","730","104","32","10.46","5.5","0"
"2969","UA","46","mobile","0","9","730","81","20","13.78","5.85","0"
"3989","PL","52","desktop","0","9","731","81","27","10.14","5.85","0"
"4013","UA","19","desktop","0","9","731","81","13","12.75","6.23","0"
"3045","CZ","60","desktop","1","9","731","81","20","10.25","5.3","1"
"4197","CZ","69","desktop","1","9","731","81","25","13.35","5.88","0"
"3955","UA","46","desktop","0","9","731","81","23","13.73","5.65","0"
"456","UA","32","mobile","0","10","731","73","19","13.36","6.37","0"
"3568","CZ","27","desktop","1","12","731","61","26","19.81","7.31","0"
"1524","UA","62","mobile","1","8","731","91","23","11.93","6.0","0"
"1143","SK","42","tablet","1","7","732","105","24","9.96","6.58","0"
"1361","UA","33","desktop","0","11","732","67","19","12.51","5.95","0"
"4995","HU","29","tablet","0","12","732","61","30","15.09","6.13","0"
"4031","SK","70","tablet","0","9","732","81","22","11.58","6.09","0"
"4588","HU","33","tablet","0","9","732","81","15","11.5","5.07","1"
"1552","CZ","67","mobile","0","8","732","92","23","11.54","5.52","1"
"2780","CZ","42","desktop","0","13","732","56","21","13.37","6.1","0"
"1208","SK","53","mobile","1","6","732","122","21","8.58","6.0","1"
"4451","PL","54","desktop","0","10","732","73","27","16.55","6.07","0"
"4661","CZ","35","mobile","0","8","732","92","26","13.87","5.23","0"
"3783","PL","68","tablet","1","9","733","81","27","11.56","6.07","0"
"2166","CZ","48","tablet","0","8","733","92","21","9.29","6.19","0"
"1491","CZ","51","desktop","1","8","733","92","34","15.69","5.94","0"
"1885","CZ","70","tablet","0","9","733","81","18","10.58","6.06","1"
"4131","CZ","65","desktop","0","9","733","81","30","13.86","6.3","0"
"4394","UA","63","mobile","0","8","733","92","27","12.43","6.0","0"
"849","PL","48","mobile","0","11","733","67","25","10.31","6.0","0"
"3903","UA","53","desktop","0","9","733","81","25","13.0","5.92","0"
"671","UA","68","mobile","0","7","733","105","23","13.87","5.87","0"
"3484","CZ","25","mobile","1","6","733","122","16","13.99","6.13","1"
"3381","PL","33","mobile","1","11","734","67","21","11.17","5.86","0"
"1277","PL","29","desktop","0","10","734","73","34","11.9","5.32","0"
"1687","HU","50","desktop","0","8","734","92","25","12.69","6.16","0"
"4634","PL","49","mobile","0","9","734","82","22","15.84","5.68","1"
"1013","UA","34","mobile","1","11","735","67","27","9.51","6.48","0"
"1815","UA","53","mobile","1","11","735","67","20","14.37","6.35","0"
"1753","PL","56","mobile","1","11","735","67","21","10.25","5.38","1"
"2191","HU","28","tablet","0","9","735","82","25","10.85","6.36","0"
"258","UA","35","desktop","0","8","736","92","28","12.37","5.86","0"
"4543","PL","42","mobile","0","9","736","82","20","14.85","5.8","0"
"2058","UA","60","desktop","0","12","736","61","26","18.41","6.88","0"
"1509","SK","55","mobile","0","10","736","74","21","12.56","6.52","0"
"2506","CZ","50","mobile","0","12","736","61","20","18.45","5.35","1"
"675","SK","25","tablet","0","5","736","147","24","10.19","5.46","0"
"1114","CZ","32","desktop","0","9","737","82","36","14.64","6.0","0"
"1618","UA","61","desktop","0","11","737","67","25","14.89","4.64","0"
"1640","CZ","63","mobile","0","9","737","82","30","14.39","5.5","0"
"1517","SK","43","mobile","0","8","737","92","26","13.75","5.77","0"
"5000","UA","62","mobile","0","9","737","82","28","14.14","5.71","0"
"2051","PL","62","mobile","0","8","737","92","30","15.49","5.77","0"
"4329","UA","48","mobile","0","11","737","67","26","13.33","5.5","0"
"196","UA","42","tablet","0","9","737","82","27","13.61","6.78","0"
"4533","CZ","19","desktop","0","8","737","92","24","10.28","5.83","0"
"384","UA","36","desktop","0","11","737","67","25","17.15","5.16","1"
"2065","UA","36","mobile","0","11","738","67","26","13.48","6.15","0"
"4454","SK","64","desktop","0","9","738","82","23","11.83","6.52","0"
"803","CZ","32","desktop","0","10","738","74","21","14.64","6.52","0"
"471","PL","18","desktop","0","11","738","67","23","16.8","5.09","0"
"3238","UA","53","mobile","0","6","738","123","26","14.82","6.0","1"
"465","SK","24","desktop","0","10","738","74","19","16.27","5.58","0"
"3087","UA","18","mobile","0","8","739","92","19","17.89","5.68","0"
"2120","CZ","44","desktop","0","8","739","92","26","15.55","6.77","0"
"1519","SK","34","desktop","0","6","739","123","24","11.83","5.83","0"
"3535","CZ","70","desktop","1","11","739","67","27","10.69","6.74","0"
"3952","UA","30","tablet","1","9","739","82","23","15.92","6.35","0"
"17","SK","36","tablet","1","7","739","106","22","13.97","5.73","0"
"3932","HU","45","mobile","1","8","739","92","23","11.46","6.74","0"
"1879","UA","34","desktop","1","9","740","82","28","13.44","6.14","0"
"1599","UA","62","tablet","0","9","740","82","28","12.41","6.5","0"
"3849","HU","64","tablet","0","9","740","82","28","11.99","5.61","0"
"237","CZ","36","desktop","1","7","740","106","23","18.55","5.48","0"
"3714","UA","18","desktop","1","9","740","82","33","14.48","6.09","0"
"3585","CZ","45","mobile","0","10","740","74","20","11.46","6.95","0"
"4030","SK","35","mobile","0","9","740","82","21","14.09","6.57","1"
"905","UA","28","desktop","0","10","741","74","27","13.6","6.44","0"
"503","CZ","42","desktop","0","10","741","74","20","13.77","6.3","0"
"4480","HU","63","mobile","0","8","741","93","28","15.46","6.32","0"
"2328","UA","43","mobile","0","9","741","82","20","14.52","6.25","0"
"85","PL","65","mobile","1","8","741","93","18","11.82","5.61","0"
"1953","PL","60","mobile","0","11","741","67","25","14.76","5.4","1"
"2717","UA","26","desktop","1","8","741","93","26","13.78","6.35","0"
"4572","UA","28","desktop","1","10","742","74","25","15.14","5.96","0"
"4457","PL","33","mobile","0","9","742","82","26","8.43","5.77","0"
"2561","HU","36","desktop","0","13","742","57","25","16.58","5.8","0"
"4979","PL","35","mobile","0","12","742","62","27","11.11","5.44","1"
"59","HU","55","mobile","0","10","742","74","25","11.84","5.48","1"
"3801","UA","35","desktop","0","10","743","74","17","15.55","4.82","1"
"1419","CZ","37","tablet","0","11","743","68","21","11.35","5.33","1"
"948","UA","39","mobile","1","7","744","106","24","12.62","5.96","0"
"1822","PL","60","desktop","0","11","744","68","27","13.46","5.41","0"
"1570","HU","37","mobile","1","9","744","83","24","16.18","6.21","0"
"289","UA","27","mobile","0","7","744","106","31","12.67","6.35","0"
"4678","CZ","33","tablet","1","10","744","74","29","11.36","5.79","0"
"1372","CZ","41","mobile","0","13","744","57","35","10.9","6.43","0"
"2841","UA","42","mobile","1","7","745","106","18","6.83","4.39","1"
"860","UA","30","desktop","0","9","745","83","29","11.82","5.24","0"
"2347","CZ","47","tablet","1","9","745","83","24","15.32","6.38","0"
"4696","UA","37","desktop","1","8","745","93","36","10.56","5.31","0"
"842","CZ","50","mobile","1","10","745","75","21","9.66","6.52","0"
"4302","PL","44","tablet","0","8","746","93","16","11.44","6.63","1"
"1010","PL","37","mobile","0","12","746","62","25","16.76","5.64","0"
"1839","PL","37","desktop","0","10","746","75","23","10.85","5.35","0"
"2276","PL","70","desktop","0","12","746","62","22","12.24","5.68","0"
"2994","UA","37","tablet","0","9","746","83","29","14.48","5.79","0"
"996","UA","63","desktop","0","10","746","75","18","13.61","6.78","0"
"4003","UA","65","desktop","1","7","746","107","34","10.09","6.5","0"
"342","SK","47","mobile","0","7","746","107","21","11.51","5.95","0"
"2934","SK","20","mobile","0","13","747","57","33","13.64","5.58","0"
"3995","CZ","55","mobile","1","10","747","75","26","13.45","6.23","0"
"4717","HU","34","mobile","1","10","748","75","34","13.33","6.0","0"
"2801","PL","39","mobile","0","11","748","68","20","18.88","5.8","0"
"3791","SK","53","mobile","0","8","748","94","23","12.24","5.91","0"
"1502","SK","18","mobile","1","9","748","83","16","18.87","7.06","0"
"166","SK","52","mobile","0","9","748","83","24","12.83","6.67","0"
"1199","HU","30","desktop","0","9","748","83","27","15.63","6.26","0"
"2670","SK","52","mobile","0","10","749","75","18","11.67","5.83","0"
"3111","PL","34","desktop","0","10","749","75","21","10.49","6.81","0"
"2784","UA","61","mobile","0","11","749","68","29","13.19","6.76","0"
"186","UA","23","tablet","0","12","749","62","19","15.45","5.42","0"
"4845","SK","63","mobile","0","7","749","107","23","12.3","5.48","0"
"2350","UA","27","mobile","0","5","749","150","24","13.36","6.5","0"
"1730","SK","19","desktop","0","8","749","94","26","12.17","6.27","0"
"2779","PL","48","mobile","0","7","749","107","26","14.75","5.58","1"
"3958","UA","53","mobile","0","7","749","107","27","18.71","6.15","0"
"4602","UA","22","mobile","0","10","750","75","27","14.07","6.33","0"
"1612","CZ","26","mobile","0","11","750","68","19","9.12","5.16","0"
"988","SK","46","desktop","0","13","750","58","23","9.7","6.39","0"
"4803","SK","48","desktop","1","12","750","63","23","10.62","6.39","0"
"1572","SK","52","desktop","0","7","750","107","29","12.08","6.17","0"
"1062","UA","27","mobile","0","10","750","75","19","15.02","6.37","0"
"3690","PL","32","desktop","1","11","750","68","27","11.67","5.7","0"
"4255","UA","56","mobile","0","7","750","107","25","9.54","5.76","0"
"4244","PL","43","mobile","0","7","751","107","21","14.13","6.1","0"
"2493","SK","31","mobile","1","9","751","83","26","16.13","6.0","0"
"1732","UA","59","mobile","0","9","751","83","24","11.21","6.29","0"
"3099","UA","28","mobile","1","9","751","83","22","17.15","6.32","0"
"2552","UA","60","desktop","1","9","751","83","19","17.64","6.47","0"
"1429","UA","69","mobile","1","8","751","94","19","10.72","5.47","0"
"205","CZ","54","mobile","0","10","751","75","21","11.54","6.0","0"
"2860","PL","31","tablet","0","12","752","63","27","8.97","5.52","0"
"3370","UA","18","mobile","0","10","752","75","12","13.98","6.58","0"
"3994","PL","62","mobile","0","10","752","75","22","12.7","6.27","0"
"2747","UA","25","desktop","1","10","753","75","29","11.63","5.55","0"
"703","UA","28","mobile","0","9","753","84","31","13.84","5.9","0"
"3428","UA","34","mobile","0","6","753","126","30","14.03","5.67","0"
"1167","UA","47","mobile","0","9","753","84","23","10.9","6.22","0"
"2406","UA","39","tablet","0","10","753","75","18","11.29","6.22","1"
"4641","UA","53","mobile","0","10","753","75","27","10.56","6.26","0"
"1332","UA","68","desktop","0","7","753","108","16","9.23","5.81","0"
"3247","UA","29","mobile","0","7","754","108","20","9.75","5.55","0"
"3876","PL","67","mobile","0","9","754","84","21","10.1","6.62","0"
"4929","PL","59","mobile","1","10","754","75","29","13.36","6.24","0"
"766","CZ","27","mobile","1","11","754","69","25","10.16","6.08","0"
"3985","HU","62","desktop","0","12","755","63","20","10.97","5.65","0"
"4851","UA","60","desktop","0","9","755","84","20","15.66","6.2","0"
"3450","HU","29","desktop","1","11","755","69","19","13.08","6.68","0"
"1818","UA","36","mobile","0","10","755","76","22","10.96","6.14","0"
"960","PL","60","mobile","1","11","755","69","18","15.19","5.89","0"
"993","PL","37","desktop","0","9","755","84","25","14.13","5.84","0"
"655","CZ","24","mobile","0","11","756","69","30","14.97","6.1","0"
"2112","UA","25","mobile","1","7","756","108","22","13.09","5.95","0"
"3267","PL","50","mobile","0","7","756","108","17","12.91","6.24","1"
"2872","PL","39","desktop","0","11","756","69","29","9.22","6.07","0"
"3735","UA","57","mobile","0","9","756","84","23","10.57","6.57","0"
"1137","HU","52","desktop","0","10","757","76","16","11.11","6.25","0"
"561","UA","35","desktop","0","11","757","69","21","14.35","5.48","1"
"2472","UA","42","mobile","1","11","757","69","18","19.99","5.83","0"
"2135","UA","30","mobile","1","9","757","84","25","11.62","5.52","1"
"3491","UA","52","mobile","0","10","758","76","25","13.26","6.08","0"
"1443","UA","21","tablet","0","8","758","95","22","11.61","6.64","0"
"3319","UA","21","desktop","0","8","759","95","35","14.28","6.77","0"
"762","UA","19","desktop","0","11","759","69","16","11.99","5.19","0"
"4947","HU","31","desktop","0","11","759","69","30","9.78","6.37","0"
"2919","PL","69","desktop","1","9","759","84","25","11.7","6.08","0"
"155","CZ","43","desktop","0","8","759","95","26","12.3","6.38","0"
"3732","CZ","33","mobile","0","9","759","84","24","14.76","5.67","0"
"641","UA","43","mobile","0","8","760","95","35","15.28","6.34","0"
"4381","UA","20","mobile","0","11","760","69","29","10.15","5.79","1"
"1477","UA","45","mobile","0","10","760","76","24","11.92","5.71","0"
"1334","UA","21","mobile","0","10","760","76","30","14.09","5.97","0"
"1728","SK","24","mobile","0","9","760","84","24","13.37","5.88","0"
"3612","UA","19","desktop","0","9","761","85","22","11.54","6.64","0"
"3317","PL","46","mobile","0","11","761","69","21","17.73","6.48","0"
"2683","UA","40","mobile","0","9","761","85","16","11.94","5.69","1"
"3476","UA","26","mobile","0","11","762","69","24","13.58","5.71","0"
"4139","HU","24","mobile","0","10","762","76","20","16.13","6.05","0"
"2303","PL","33","mobile","0","9","762","85","24","14.12","6.5","0"
"3199","PL","22","mobile","1","10","762","76","20","15.07","6.3","0"
"4470","CZ","50","mobile","0","9","762","85","19","13.19","6.58","0"
"3602","UA","51","desktop","0","12","762","64","21","16.8","5.48","0"
"4223","PL","30","mobile","0","9","762","85","27","12.11","5.78","0"
"1329","UA","19","desktop","1","10","762","76","25","14.82","5.76","0"
"1747","UA","64","mobile","0","9","762","85","21","9.47","5.33","0"
"1262","SK","69","tablet","0","7","763","109","25","10.52","6.2","1"
"1455","SK","27","desktop","1","10","764","76","20","12.01","6.15","0"
"4503","CZ","55","mobile","0","12","764","64","23","13.73","5.52","0"
"2986","CZ","51","mobile","0","10","764","76","22","15.27","5.32","0"
"3069","UA","67","mobile","0","9","764","85","24","12.69","5.29","0"
"4405","HU","45","mobile","1","9","764","85","28","13.24","5.57","0"
"2253","HU","70","mobile","0","10","764","76","16","13.94","6.81","0"
"3899","UA","47","mobile","1","9","764","85","17","15.01","6.0","0"
"4320","HU","64","desktop","0","9","765","85","30","12.03","5.7","0"
"1727","UA","62","mobile","0","8","765","96","21","20.03","6.76","0"
"2457","PL","55","desktop","0","10","765","77","18","13.01","6.28","0"
"3917","UA","27","desktop","0","8","766","96","26","12.37","5.38","0"
"169","SK","50","mobile","0","11","767","70","20","11.34","6.7","1"
"14","UA","25","desktop","0","9","767","85","22","16.47","5.09","1"
"4226","PL","31","mobile","0","11","767","70","26","15.81","6.27","0"
"2560","SK","50","desktop","0","8","767","96","26","12.32","6.73","0"
"1689","CZ","66","desktop","0","9","768","85","22","13.47","6.0","0"
"2636","UA","30","mobile","0","10","768","77","22","11.32","6.14","1"
"3706","CZ","45","mobile","1","10","768","77","22","14.48","5.86","0"
"1920","UA","60","desktop","0","8","768","96","23","10.59","6.17","0"
"3705","HU","57","desktop","0","11","768","70","13","10.46","6.38","0"
"747","UA","53","mobile","0","10","768","77","25","9.8","5.64","0"
"1982","CZ","31","desktop","0","6","768","128","22","12.08","6.59","0"
"4862","CZ","22","desktop","0","10","768","77","20","11.24","6.1","0"
"395","UA","66","mobile","0","7","769","110","22","11.5","6.59","1"
"2240","UA","33","desktop","0","9","769","85","21","13.86","5.05","0"
"1110","PL","68","mobile","0","9","769","85","30","11.73","6.43","0"
"4172","UA","31","desktop","0","7","769","110","27","15.94","6.78","0"
"2286","HU","47","tablet","0","7","769","110","23","13.77","6.7","0"
"2804","PL","33","mobile","1","11","769","70","27","11.83","6.59","0"
"2438","UA","64","desktop","0","9","769","85","19","13.71","5.68","1"
"3078","SK","59","tablet","1","10","770","77","22","15.38","5.82","0"
"744","CZ","20","mobile","0","13","770","59","23","11.92","5.78","0"
"2132","HU","44","tablet","1","11","770","70","30","13.71","6.13","0"
"3052","CZ","68","desktop","0","12","770","64","23","13.63","6.26","0"
"1264","UA","50","tablet","0","10","770","77","26","12.27","5.96","0"
"1637","CZ","22","mobile","0","7","770","110","16","11.4","6.38","1"
"4165","UA","67","tablet","0","10","770","77","31","14.8","5.13","0"
"3077","UA","29","desktop","0","10","770","77","25","12.21","5.6","0"
"3360","PL","25","mobile","0","10","770","77","26","15.42","5.92","0"
"2524","CZ","37","desktop","1","10","770","77","24","12.97","6.71","0"
"2434","CZ","20","desktop","0","9","770","86","19","14.83","5.53","1"
"1488","CZ","48","mobile","0","9","771","86","18","14.11","4.44","1"
"3279","PL","57","tablet","0","8","771","96","28","12.09","5.93","0"
"1193","UA","48","mobile","1","10","771","77","23","11.82","6.39","0"
"4522","UA","25","mobile","1","12","771","64","26","12.08","6.15","0"
"3997","SK","37","mobile","1","8","772","97","26","9.03","6.23","0"
"4436","UA","22","mobile","0","9","772","86","27","16.1","6.19","0"
"320","UA","49","tablet","0","8","772","97","23","7.72","5.83","0"
"1161","PL","30","mobile","0","7","772","110","15","12.77","5.93","0"
"4297","UA","34","mobile","0","9","772","86","17","11.79","6.12","0"
"1845","CZ","22","desktop","0","9","772","86","31","9.55","6.0","0"
"737","SK","45","mobile","0","11","772","70","21","16.63","6.05","1"
"1282","SK","25","desktop","1","8","772","97","25","13.72","5.8","0"
"3984","UA","18","mobile","0","10","773","77","33","13.5","6.15","0"
"658","UA","36","mobile","0","9","773","86","20","10.7","6.45","0"
"2129","UA","68","mobile","0","10","773","77","28","14.53","5.68","0"
"1711","UA","63","mobile","0","8","773","97","20","13.29","6.1","0"
"4421","SK","51","mobile","0","8","773","97","18","13.14","6.33","0"
"1740","UA","70","desktop","1","8","774","97","18","8.05","6.5","0"
"2351","CZ","54","mobile","0","8","774","97","28","18.4","5.43","0"
"3552","SK","61","desktop","0","9","774","86","23","15.18","5.09","1"
"409","UA","28","desktop","0","10","774","77","30","13.65","6.37","0"
"1884","PL","56","mobile","0","12","774","65","26","9.22","5.62","0"
"3113","CZ","31","mobile","0","7","774","111","22","12.55","7.0","0"
"4192","UA","21","mobile","1","11","775","70","20","9.61","5.65","0"
"3669","PL","19","mobile","1","9","775","86","24","14.66","6.46","0"
"2614","SK","41","desktop","1","12","775","65","26","12.34","6.81","0"
"4368","CZ","51","desktop","0","12","775","65","20","12.11","5.3","0"
"1099","SK","48","tablet","1","12","775","65","17","12.15","6.35","0"
"3993","UA","42","desktop","0","8","775","97","27","12.4","6.19","0"
"4506","PL","55","tablet","0","9","776","86","25","14.56","5.2","0"
"1172","UA","51","mobile","0","12","776","65","21","11.83","5.76","0"
"3990","UA","58","desktop","0","8","776","97","26","16.15","6.38","0"
"4769","UA","61","desktop","0","11","776","71","25","9.88","5.72","0"
"2257","UA","42","tablet","0","11","777","71","23","12.48","6.39","0"
"1117","UA","32","mobile","0","9","777","86","27","12.99","6.04","0"
"4792","UA","42","mobile","0","10","777","78","24","14.66","6.17","0"
"4097","UA","66","mobile","0","10","778","78","23","13.91","5.13","1"
"1033","PL","28","desktop","0","10","778","78","24","10.58","6.79","0"
"2666","UA","66","mobile","1","10","778","78","21","12.65","5.52","1"
"4783","UA","20","mobile","0","8","778","97","18","13.14","6.0","0"
"4339","CZ","55","mobile","1","9","778","86","18","13.81","6.39","0"
"4045","UA","41","desktop","1","15","778","52","22","12.31","5.95","0"
"4195","SK","41","tablet","0","11","778","71","38","15.1","6.34","0"
"4164","UA","23","tablet","0","7","779","111","25","10.96","5.52","0"
"2001","HU","29","desktop","0","13","779","60","30","13.18","5.9","0"
"2842","PL","23","mobile","1","10","779","78","28","12.13","6.18","0"
"4234","CZ","52","desktop","0","10","779","78","21","13.98","7.48","0"
"3306","UA","35","desktop","1","12","780","65","21","13.12","5.71","1"
"2897","SK","50","desktop","0","9","780","87","20","17.89","5.65","0"
"1357","PL","50","mobile","1","10","780","78","20","16.7","6.5","0"
"4874","UA","67","desktop","0","7","780","111","24","15.85","6.13","1"
"2229","PL","46","mobile","1","12","781","65","24","8.14","6.13","0"
"4074","UA","44","mobile","1","7","781","112","18","14.05","5.72","1"
"2669","PL","62","desktop","0","8","781","98","21","16.25","6.0","0"
"3506","UA","68","mobile","0","8","782","98","27","14.49","6.19","0"
"2032","SK","31","desktop","0","11","782","71","20","16.16","5.3","0"
"2075","SK","46","desktop","0","10","782","78","31","17.51","5.81","0"
"4990","CZ","18","mobile","0","9","782","87","20","11.93","6.15","0"
"267","HU","23","mobile","0","10","782","78","24","15.41","6.29","0"
"2527","UA","35","mobile","0","10","782","78","22","14.76","6.09","0"
"242","UA","64","desktop","1","9","782","87","25","9.71","6.2","0"
"61","CZ","37","mobile","1","7","783","112","29","12.39","5.48","1"
"2207","UA","33","mobile","1","8","783","98","21","11.44","6.76","0"
"1660","UA","28","mobile","1","8","783","98","29","12.2","6.0","0"
"207","SK","24","mobile","0","9","783","87","26","13.23","5.35","0"
"405","UA","60","mobile","1","10","783","78","14","13.18","6.5","0"
"2304","UA","52","desktop","0","7","783","112","24","19.25","5.96","0"
"614","CZ","70","desktop","0","7","783","112","23","13.35","5.48","1"
"1622","PL","33","tablet","0","9","784","87","26","9.51","6.5","0"
"1400","UA","64","mobile","0","9","784","87","23","13.77","6.43","0"
"1219","CZ","40","mobile","0","10","784","78","22","13.45","6.14","0"
"898","UA","60","mobile","1","8","784","98","29","12.63","5.97","0"
"4341","CZ","51","tablet","0","8","785","98","20","11.55","6.5","0"
"3881","UA","48","mobile","0","9","785","87","25","15.93","5.56","0"
"720","PL","25","mobile","0","10","785","79","29","12.84","6.1","0"
"906","CZ","63","desktop","0","9","785","87","19","11.44","5.89","1"
"134","CZ","34","mobile","0","10","785","79","32","13.67","5.53","0"
"1755","UA","43","desktop","0","10","785","79","23","11.62","5.35","0"
"2366","CZ","56","desktop","0","9","786","87","18","11.1","6.33","1"
"851","PL","49","desktop","0","10","786","79","27","12.77","6.85","0"
"1908","UA","59","mobile","0","6","786","131","15","18.83","4.53","0"
"1325","HU","23","desktop","0","9","786","87","18","9.11","6.39","0"
"1433","CZ","38","mobile","0","11","787","72","25","11.71","6.0","0"
"2308","UA","54","tablet","1","9","787","87","20","17.2","6.15","0"
"461","CZ","28","tablet","0","11","787","72","24","9.02","5.92","0"
"1878","UA","41","desktop","1","11","787","72","22","10.57","5.64","1"
"2766","HU","24","mobile","0","8","788","99","20","12.39","6.35","0"
"4219","UA","48","desktop","0","8","788","99","28","12.96","6.14","0"
"1538","UA","23","mobile","0","9","789","88","28","11.28","6.29","0"
"989","SK","57","desktop","1","11","789","72","21","10.98","5.71","0"
"3089","SK","66","desktop","1","9","789","88","24","9.78","6.79","0"
"713","PL","45","mobile","0","9","789","88","23","13.69","6.04","0"
"4598","UA","43","desktop","0","10","789","79","20","10.44","5.35","0"
"3968","CZ","33","mobile","0","10","790","79","24","15.55","5.58","0"
"2898","PL","67","mobile","0","11","790","72","32","13.15","7.09","0"
"2159","UA","37","mobile","1","10","790","79","23","12.14","6.35","0"
"745","PL","38","mobile","1","9","790","88","24","11.75","5.46","1"
"3609","UA","57","desktop","0","13","791","61","18","13.16","7.33","0"
"3720","HU","40","mobile","0","10","791","79","20","13.07","5.8","0"
"3613","UA","35","mobile","0","11","791","72","13","11.05","6.46","1"
"1322","CZ","56","mobile","0","9","791","88","19","16.45","5.47","0"
"707","UA","44","desktop","1","7","791","113","29","13.3","5.79","0"
"1188","UA","46","desktop","0","7","791","113","28","11.62","6.82","0"
"2423","SK","45","mobile","0","8","791","99","21","14.22","6.29","0"
"2389","UA","19","mobile","0","9","792","88","23","10.93","5.3","1"
"4287","CZ","58","mobile","0","8","792","99","19","9.18","5.63","0"
"2903","CZ","52","mobile","0","10","792","79","21","15.04","6.67","0"
"1251","UA","57","desktop","0","11","793","72","16","9.69","6.19","0"
"4126","SK","60","desktop","1","10","793","79","20","12.93","6.55","0"
"4742","UA","61","mobile","0","12","793","66","18","15.43","7.28","0"
"3685","UA","33","tablet","1","8","793","99","18","12.34","6.22","0"
"107","UA","34","mobile","0","10","793","79","27","14.33","5.93","0"
"1897","UA","29","desktop","0","11","793","72","22","10.3","5.5","0"
"2422","SK","27","mobile","0","14","793","57","26","15.11","6.04","0"
"3217","SK","58","mobile","0","9","794","88","25","10.7","6.44","0"
"2807","PL","21","mobile","1","10","794","79","24","14.38","5.67","0"
"4700","UA","36","mobile","0","10","794","79","33","13.42","5.88","0"
"1913","SK","21","mobile","0","9","794","88","22","10.85","6.45","0"
"1435","SK","22","desktop","0","8","795","99","24","15.92","6.42","0"
"3879","CZ","38","mobile","0","10","795","80","21","11.76","5.71","0"
"1493","PL","69","desktop","0","7","795","114","25","14.08","6.16","1"
"3639","SK","30","desktop","0","10","795","80","30","14.77","5.1","0"
"3809","PL","58","mobile","0","10","795","80","23","12.47","5.91","0"
"2825","UA","68","mobile","1","11","796","72","18","17.7","6.56","0"
"2318","SK","47","mobile","0","10","797","80","24","12.68","5.54","0"
"4021","UA","34","desktop","0","9","797","89","34","12.79","5.53","1"
"4474","SK","38","mobile","0","7","797","114","23","13.03","5.96","0"
"4464","UA","55","mobile","1","11","797","72","24","7.41","5.63","1"
"399","HU","49","mobile","0","8","797","100","38","15.14","6.18","0"
"3429","UA","65","desktop","0","11","797","72","27","12.11","5.78","0"
"3007","UA","39","tablet","1","10","797","80","24","14.94","6.17","0"
"4286","UA","23","mobile","0","7","797","114","23","11.49","6.43","0"
"273","SK","43","mobile","0","10","798","80","27","14.0","5.04","0"
"1518","UA","30","mobile","0","7","798","114","18","16.04","6.06","0"
"970","SK","47","mobile","0","10","798","80","28","15.21","5.75","0"
"3048","UA","34","mobile","0","10","798","80","27","13.54","6.07","0"
"4149","UA","56","desktop","0","9","799","89","18","11.29","5.83","0"
"1712","UA","47","mobile","0","11","799","73","22","16.59","4.95","0"
"3577","PL","25","tablet","0","13","799","61","14","15.55","5.93","0"
"2018","UA","55","desktop","1","12","799","67","28","11.43","5.79","1"
"4473","UA","55","mobile","0","10","799","80","22","16.11","5.55","1"
"3830","CZ","63","mobile","0","10","799","80","17","16.43","6.71","0"
"3063","UA","39","mobile","0","10","799","80","23","10.66","5.87","0"
"2596","UA","60","mobile","0","12","799","67","33","11.22","6.21","0"
"3767","UA","21","tablet","0","9","800","89","24","12.57","5.79","0"
"4965","PL","42","mobile","0","10","800","80","21","15.01","6.33","0"
"3591","SK","44","mobile","0","10","800","80","24","9.28","6.5","0"
"750","SK","70","mobile","1","9","800","89","26","10.7","6.62","0"
"2498","UA","44","desktop","0","10","801","80","26","12.01","7.0","0"
"469","PL","45","tablet","0","9","802","89","18","12.6","5.83","0"
"3590","HU","59","mobile","0","12","802","67","22","13.57","5.5","0"
"1351","SK","45","desktop","0","11","802","73","22","7.32","6.36","0"
"896","UA","19","mobile","1","10","802","80","28","11.32","6.07","0"
"2069","UA","57","desktop","0","7","802","115","23","18.36","5.3","0"
"523","CZ","26","desktop","0","10","803","80","22","14.61","6.64","0"
"4043","SK","29","desktop","0","12","803","67","24","11.28","6.38","0"
"1089","CZ","57","desktop","0","11","804","73","34","12.43","6.21","0"
"4331","CZ","32","desktop","1","10","804","80","30","12.6","5.93","0"
"4439","HU","38","mobile","0","11","804","73","30","14.74","5.47","0"
"888","SK","38","mobile","0","6","804","134","21","10.81","6.57","1"
"4513","UA","41","mobile","0","12","804","67","26","17.6","5.38","0"
"4681","HU","26","desktop","1","9","804","89","20","11.88","6.25","0"
"3191","SK","61","mobile","0","11","804","73","20","11.6","6.05","0"
"2127","UA","56","desktop","0","8","804","101","24","15.78","6.33","0"
"1440","UA","61","tablet","1","9","805","89","14","13.56","6.86","0"
"136","PL","58","mobile","0","11","805","73","15","12.95","5.2","1"
"1890","PL","28","mobile","0","10","805","81","22","12.72","5.95","0"
"919","PL","55","mobile","0","12","805","67","25","9.92","5.76","0"
"9","UA","32","mobile","0","8","805","101","18","11.02","6.28","0"
"1496","UA","18","mobile","0","8","805","101","29","14.27","6.38","0"
"4734","CZ","59","mobile","1","7","805","115","25","13.48","6.0","0"
"3547","UA","65","mobile","1","7","806","115","25","11.33","5.96","0"
"1513","SK","25","mobile","0","11","806","73","20","14.96","6.35","0"
"2326","UA","53","tablet","0","10","806","81","27","13.04","6.33","0"
"3548","CZ","67","desktop","0","11","806","73","16","9.23","6.31","0"
"981","HU","25","desktop","0","7","806","115","19","16.51","6.21","0"
"4314","UA","54","mobile","0","13","806","62","26","12.96","5.46","0"
"1337","PL","66","desktop","1","7","806","115","24","11.6","5.92","1"
"4527","UA","24","tablet","1","10","806","81","15","17.85","5.4","0"
"1926","CZ","59","mobile","0","8","807","101","27","15.83","5.78","0"
"1733","CZ","35","tablet","1","7","807","115","19","11.87","6.37","0"
"3571","HU","68","mobile","0","7","807","115","31","14.77","6.0","0"
"3664","HU","46","mobile","1","8","807","101","29","14.74","6.14","0"
"4509","HU","70","desktop","0","7","807","115","28","13.45","5.54","0"
"2335","CZ","62","mobile","0","8","807","101","33","9.23","5.85","0"
"3033","SK","33","mobile","0","13","807","62","28","9.12","5.57","1"
"2024","HU","22","mobile","0","10","807","81","19","15.62","5.32","1"
"1664","SK","21","mobile","0","7","807","115","28","13.0","5.39","1"
"2618","HU","68","mobile","0","10","807","81","18","10.93","6.28","0"
"318","PL","26","desktop","0","11","807","73","24","12.62","5.38","0"
"4048","UA","21","mobile","0","9","807","90","28","12.76","6.0","0"
"160","UA","21","desktop","1","6","807","135","20","14.15","6.3","0"
"984","SK","60","mobile","0","10","807","81","22","12.67","6.14","0"
"4410","HU","55","mobile","1","10","808","81","21","15.02","5.71","0"
"687","UA","35","desktop","0","8","808","101","28","12.26","5.82","0"
"1931","PL","33","desktop","1","11","808","73","31","17.45","5.35","0"
"2534","UA","64","mobile","1","12","808","67","22","17.07","5.55","0"
"2547","UA","61","mobile","0","17","808","48","10","10.95","5.8","0"
"4853","CZ","25","desktop","1","12","808","67","26","14.88","5.38","0"
"4927","PL","67","mobile","1","13","809","62","24","10.99","6.54","0"
"2017","CZ","35","mobile","0","9","809","90","26","14.53","5.65","0"
"2662","CZ","50","mobile","0","8","809","101","29","12.61","6.03","0"
"4237","SK","19","mobile","0","11","809","74","24","14.23","5.67","0"
"1704","HU","62","mobile","0","10","809","81","42","12.07","5.79","1"
"3969","UA","63","mobile","0","9","809","90","30","9.07","5.93","0"
"4447","SK","32","mobile","0","9","809","90","28","14.21","5.93","0"
"1050","CZ","54","mobile","0","10","809","81","21","17.09","5.81","0"
"1780","PL","54","desktop","0","7","809","116","23","15.53","5.7","0"
"496","SK","22","desktop","0","10","809","81","22","13.14","6.18","0"
"3808","SK","46","mobile","0","10","809","81","28","14.45","5.89","0"
"920","UA","42","mobile","0","8","809","101","17","7.68","5.59","1"
"685","PL","66","mobile","0","9","810","90","29","11.55","5.62","1"
"961","SK","32","mobile","0","10","810","81","29","11.37","5.34","1"
"1919","CZ","67","desktop","0","10","810","81","22","11.46","6.68","1"
"2123","SK","37","mobile","1","10","810","81","21","13.59","7.38","1"
"2861","CZ","68","tablet","0","12","811","68","21","11.34","5.48","0"
"3345","CZ","20","mobile","0","7","811","116","13","14.12","5.23","0"
"3561","UA","18","mobile","1","9","811","90","31","15.95","5.84","0"
"2021","CZ","49","mobile","0","8","811","101","24","15.07","5.83","0"
"2963","PL","19","desktop","0","8","811","101","21","10.64","6.14","0"
"2355","HU","56","mobile","1","10","812","81","22","17.0","6.27","0"
"4018","PL","59","mobile","0","8","812","102","31","13.51","5.58","0"
"397","SK","40","mobile","0","7","812","116","21","12.51","5.95","0"
"261","HU","25","mobile","1","10","812","81","26","16.12","6.08","0"
"1784","UA","31","desktop","0","11","812","74","30","10.79","6.37","0"
"3512","HU","30","mobile","0","9","813","90","19","11.87","5.84","0"
"1489","PL","38","desktop","0","10","813","81","25","10.32","5.96","0"
"2772","CZ","38","desktop","0","11","813","74","31","13.0","5.42","0"
"2158","UA","26","mobile","1","13","813","63","30","10.95","5.73","0"
"4243","SK","60","tablet","0","13","813","63","30","14.02","6.03","0"
"4651","UA","62","desktop","0","9","813","90","21","15.85","5.86","0"
"2435","HU","25","desktop","1","13","813","63","24","11.07","5.88","0"
"1516","UA","34","mobile","0","12","814","68","31","13.14","5.87","0"
"3986","UA","20","mobile","0","11","814","74","19","13.85","6.53","0"
"4828","UA","23","desktop","0","6","814","136","16","14.87","5.5","1"
"1021","UA","63","mobile","0","8","815","102","19","11.64","7.0","0"
"1868","UA","48","mobile","0","8","815","102","32","14.12","5.94","0"
"4273","HU","70","mobile","0","12","815","68","24","18.14","6.13","0"
"4375","UA","36","mobile","1","11","816","74","16","12.37","6.0","0"
"4204","CZ","44","desktop","0","11","816","74","29","13.78","6.28","0"
"879","UA","49","mobile","0","11","816","74","18","13.22","6.5","0"
"555","PL","57","mobile","0","10","816","82","15","17.13","5.73","0"
"460","CZ","39","mobile","1","12","817","68","25","12.32","6.28","0"
"848","UA","60","mobile","0","10","817","82","30","11.38","6.0","0"
"983","UA","57","mobile","0","8","817","102","29","10.01","6.03","0"
"847","PL","29","mobile","1","7","817","117","25","11.54","6.0","0"
"2791","CZ","45","mobile","1","11","817","74","18","10.97","6.39","0"
"2989","SK","34","mobile","1","9","818","91","21","12.39","4.9","0"
"3036","UA","67","desktop","1","9","818","91","32","13.48","5.97","0"
"3869","SK","47","mobile","0","11","818","74","27","14.73","6.11","0"
"1906","SK","45","tablet","0","9","818","91","26","11.97","5.69","0"
"2822","SK","33","mobile","0","9","818","91","35","9.79","5.86","0"
"1681","SK","59","desktop","0","8","818","102","26","12.1","6.5","0"
"4937","SK","34","mobile","1","13","818","63","27","14.76","6.41","0"
"3795","PL","51","mobile","0","11","819","74","27","8.87","6.0","0"
"1831","HU","56","mobile","1","9","819","91","16","11.43","6.44","0"
"2744","PL","27","mobile","0","10","819","82","32","13.62","6.03","0"
"53","UA","23","desktop","0","8","819","102","29","13.71","6.34","0"
"1442","UA","40","mobile","1","11","819","74","27","12.32","5.26","0"
"588","CZ","25","mobile","0","9","819","91","30","13.29","5.73","1"
"2858","UA","28","mobile","0","11","820","75","31","17.22","5.23","0"
"3755","UA","51","mobile","0","8","820","103","16","10.21","6.63","1"
"1333","CZ","69","mobile","1","7","820","117","24","14.2","6.83","0"
"225","CZ","29","desktop","0","11","820","75","17","10.63","6.47","0"
"473","CZ","31","desktop","1","13","821","63","25","11.66","5.96","0"
"3455","SK","57","tablet","0","12","821","68","19","13.61","5.79","0"
"3315","UA","31","desktop","0","10","821","82","25","9.79","5.92","0"
"4430","UA","64","desktop","1","8","821","103","21","11.08","6.81","1"
"4660","PL","70","mobile","1","11","821","75","28","14.32","5.96","0"
"3906","UA","69","desktop","0","10","822","82","32","16.98","6.41","0"
"2234","UA","31","mobile","1","9","822","91","19","11.66","6.37","0"
"4593","SK","32","desktop","0","10","822","82","26","11.82","6.54","0"
"3368","UA","33","mobile","0","14","823","59","16","16.68","5.81","0"
"3451","CZ","69","mobile","0","12","823","69","41","13.02","6.37","0"
"3369","SK","41","mobile","0","9","823","91","26","11.52","6.65","0"
"2660","CZ","70","tablet","0","11","824","75","26","10.65","6.04","0"
"1316","PL","66","desktop","0","10","824","82","24","15.55","6.04","0"
"1546","PL","64","mobile","0","13","824","63","19","13.54","5.89","0"
"2046","UA","58","mobile","1","6","824","137","29","13.25","6.1","0"
"4922","PL","55","mobile","0","10","825","83","17","11.09","5.88","0"
"1834","PL","55","tablet","0","10","825","83","21","16.69","6.24","0"
"876","SK","41","desktop","0","10","825","83","20","11.4","5.75","0"
"3937","UA","47","desktop","1","12","825","69","31","12.82","5.65","0"
"1130","UA","33","mobile","0","9","825","92","16","14.48","5.88","0"
"4433","UA","66","desktop","1","10","825","83","18","11.03","6.5","0"
"772","UA","43","desktop","0","11","826","75","24","13.25","5.5","0"
"3981","SK","46","tablet","0","9","826","92","26","14.38","5.73","0"
"1963","PL","57","mobile","0","10","827","83","26","14.72","6.38","0"
"2787","HU","19","desktop","0","10","827","83","21","11.32","6.38","0"
"96","UA","48","mobile","0","5","827","165","29","9.48","6.17","1"
"1378","UA","41","mobile","0","8","828","104","18","8.43","5.39","0"
"2892","CZ","40","mobile","0","9","828","92","21","15.84","6.86","0"
"2578","HU","65","mobile","0","11","828","75","22","10.79","5.68","1"
"1620","PL","56","mobile","0","11","829","75","24","10.72","5.54","1"
"3604","CZ","57","desktop","0","9","829","92","21","17.97","6.05","0"
"276","UA","66","mobile","0","11","829","75","26","13.38","5.81","0"
"4383","HU","69","mobile","0","7","830","119","22","10.67","5.5","1"
"1770","UA","38","desktop","0","6","830","138","33","11.36","6.15","0"
"603","HU","51","mobile","0","10","830","83","27","19.07","6.22","0"
"2844","UA","35","mobile","1","14","830","59","18","13.59","6.22","0"
"2879","CZ","21","tablet","0","11","830","75","17","11.02","5.41","0"
"3290","UA","34","desktop","0","12","830","69","35","10.01","6.51","0"
"3202","UA","33","desktop","1","10","830","83","20","13.54","6.05","0"
"4322","HU","56","desktop","1","12","831","69","22","15.37","7.18","0"
"3649","UA","40","mobile","0","10","831","83","23","9.62","5.26","1"
"784","UA","20","desktop","0","8","831","104","21","12.59","5.62","1"
"2771","SK","56","mobile","1","12","832","69","25","10.02","6.08","1"
"2038","UA","40","tablet","0","11","832","76","28","11.34","6.36","0"
"1289","HU","68","mobile","0","9","832","92","27","12.38","6.0","0"
"2585","PL","38","tablet","0","9","832","92","22","9.94","6.45","0"
"683","PL","45","mobile","0","8","832","104","23","10.67","5.57","0"
"3127","UA","38","mobile","0","9","833","93","21","13.09","4.76","0"
"3216","UA","58","tablet","0","8","833","104","27","11.58","6.41","0"
"979","UA","43","desktop","0","10","833","83","30","10.53","6.13","0"
"975","UA","66","desktop","1","11","833","76","23","11.62","5.78","1"
"778","UA","40","mobile","0","7","833","119","28","12.34","6.68","0"
"2676","PL","60","mobile","0","10","833","83","30","9.51","5.37","0"
"3225","UA","24","desktop","0","9","833","93","23","10.76","5.91","1"
"62","SK","20","desktop","1","10","834","83","26","13.74","5.77","0"
"4895","UA","70","desktop","1","7","834","119","22","14.75","5.32","0"
"4333","UA","65","mobile","1","9","834","93","32","12.96","7.0","0"
"1694","UA","36","mobile","0","12","835","70","16","13.09","5.19","0"
"883","PL","60","desktop","0","11","835","76","26","10.34","6.46","0"
"48","UA","62","mobile","1","10","835","84","23","15.71","6.0","0"
"783","UA","64","mobile","1","12","835","70","18","16.98","6.33","0"
"351","UA","66","desktop","0","11","836","76","18","10.82","6.17","0"
"227","CZ","23","tablet","1","11","836","76","23","11.22","5.91","0"
"4643","UA","33","tablet","0","9","836","93","19","11.67","6.42","0"
"1075","SK","35","tablet","0","8","836","105","32","11.19","6.16","0"
"3474","UA","70","mobile","0","9","837","93","26","14.82","5.77","0"
"1616","HU","25","mobile","0","12","837","70","26","13.78","6.77","0"
"868","UA","47","desktop","0","10","837","84","21","14.56","5.19","1"
"2944","UA","69","mobile","0","11","838","76","27","15.71","5.81","0"
"3578","UA","38","mobile","0","9","838","93","23","9.97","6.09","0"
"2458","HU","51","desktop","0","9","838","93","15","13.23","5.27","0"
"3710","CZ","65","mobile","0","9","838","93","30","10.97","6.03","0"
"3848","UA","48","tablet","0","7","838","120","19","13.61","5.58","0"
"2348","UA","59","mobile","1","8","839","105","22","15.15","6.59","0"
"4279","SK","25","tablet","0","12","839","70","27","12.78","6.15","0"
"4343","UA","19","desktop","0","10","839","84","30","10.98","6.07","0"
"2395","CZ","33","mobile","0","10","839","84","23","9.65","7.09","0"
"1801","UA","54","desktop","1","11","840","76","30","10.19","6.03","0"
"3054","CZ","51","desktop","0","10","840","84","27","13.64","5.93","0"
"3812","SK","32","mobile","1","11","840","76","22","15.06","6.55","0"
"3177","PL","64","mobile","0","13","840","65","28","15.9","5.68","0"
"995","UA","33","mobile","1","8","841","105","28","18.9","6.04","0"
"302","UA","37","desktop","1","11","841","76","23","12.89","5.57","0"
"3635","PL","43","desktop","0","10","841","84","18","9.71","5.28","1"
"2681","PL","46","tablet","0","12","842","70","25","11.04","5.92","0"
"2316","UA","58","mobile","0","9","842","94","17","11.73","6.71","1"
"3049","SK","32","mobile","0","14","843","60","24","10.37","5.92","0"
"4352","CZ","62","mobile","1","10","844","84","15","11.74","5.8","0"
"3816","CZ","29","tablet","1","11","844","77","16","12.34","5.81","1"
"2680","PL","51","desktop","0","7","845","121","18","12.98","5.44","1"
"1729","CZ","34","desktop","1","9","845","94","21","11.53","6.62","1"
"3380","CZ","23","desktop","1","12","845","70","30","11.08","5.9","0"
"3465","PL","54","desktop","0","11","845","77","26","14.98","5.42","0"
"3833","UA","43","tablet","0","7","846","121","30","10.85","6.23","0"
"376","UA","45","tablet","0","13","846","65","30","10.53","6.13","0"
"241","UA","47","mobile","0","10","846","85","23","14.82","5.04","1"
"4639","UA","65","mobile","0","9","846","94","27","11.5","6.7","0"
"4737","UA","46","mobile","0","9","846","94","32","14.99","5.88","0"
"2616","SK","64","tablet","0","13","847","65","23","11.61","6.74","0"
"1295","PL","50","mobile","1","11","847","77","19","14.65","6.26","0"
"698","PL","20","desktop","0","9","847","94","21","13.24","5.9","0"
"1108","UA","65","mobile","0","11","847","77","21","12.55","7.19","0"
"1977","UA","53","desktop","0","11","847","77","31","13.32","5.0","0"
"3398","UA","21","mobile","0","9","847","94","28","16.71","5.93","0"
"3109","UA","65","mobile","1","10","847","85","29","12.85","5.31","0"
"2696","UA","57","mobile","0","10","847","85","28","13.13","6.0","0"
"3015","SK","35","tablet","0","12","848","71","25","10.86","6.04","0"
"4497","UA","24","tablet","0","14","848","61","28","15.96","6.11","0"
"100","HU","51","mobile","0","11","848","77","20","12.3","5.45","0"
"3341","UA","66","desktop","0","9","848","94","29","10.38","5.69","0"
"4398","UA","28","mobile","0","12","848","71","30","10.08","5.7","0"
"4720","UA","59","desktop","1","10","849","85","30","13.73","5.43","0"
"300","UA","44","desktop","0","10","849","85","28","13.48","6.46","0"
"4689","UA","63","mobile","0","15","849","57","25","13.04","6.2","0"
"3683","SK","41","mobile","0","8","849","106","20","16.74","5.35","0"
"167","CZ","57","mobile","0","9","849","94","34","11.39","6.76","0"
"1401","UA","51","mobile","0","10","849","85","33","11.76","6.18","0"
"233","UA","50","mobile","1","7","849","121","20","14.4","5.8","0"
"3410","SK","30","tablet","0","6","850","142","29","14.99","6.31","0"
"2220","UA","40","mobile","1","12","850","71","27","15.43","5.33","0"
"2539","UA","36","mobile","1","11","850","77","22","10.4","5.91","0"
"2882","CZ","62","desktop","1","9","851","95","21","15.53","5.14","0"
"2985","HU","56","mobile","0","12","851","71","26","14.07","5.81","0"
"678","UA","29","desktop","1","9","852","95","17","13.21","6.35","0"
"4847","PL","39","tablet","0","8","852","107","27","14.2","6.22","0"
"3665","UA","20","mobile","0","10","853","85","22","15.58","5.95","0"
"4926","PL","63","tablet","0","11","853","78","28","14.02","5.39","0"
"3401","PL","19","mobile","1","8","853","107","19","18.81","5.84","0"
"2505","UA","45","mobile","0","8","854","107","17","10.39","6.29","1"
"4363","SK","70","mobile","0","10","854","85","20","13.24","6.2","0"
"1434","UA","41","mobile","0","11","854","78","18","15.47","6.89","0"
"2473","SK","67","desktop","0","9","854","95","16","13.89","6.44","0"
"519","UA","33","mobile","0","8","855","107","37","14.51","5.97","0"
"676","SK","39","mobile","0","14","855","61","24","11.43","6.42","0"
"1393","SK","32","mobile","1","12","855","71","21","13.2","5.43","0"
"2884","UA","24","desktop","0","5","855","171","27","16.74","6.26","0"
"2200","PL","60","desktop","1","11","856","78","32","13.86","5.63","0"
"4743","CZ","56","mobile","0","10","856","86","25","14.81","6.2","0"
"3489","UA","59","mobile","0","11","856","78","20","15.58","5.7","0"
"2755","CZ","52","mobile","0","12","857","71","28","13.25","6.79","0"
"2976","UA","33","desktop","1","9","857","95","21","14.93","6.52","0"
"1536","SK","70","mobile","0","10","857","86","21","15.41","5.95","0"
"310","UA","70","desktop","0","8","858","107","25","15.09","5.84","0"
"2654","UA","62","mobile","0","9","858","95","28","14.32","6.14","0"
"3079","HU","68","tablet","0","11","858","78","27","12.01","6.04","0"
"4042","SK","47","mobile","0","11","858","78","24","20.45","5.67","0"
"2510","UA","65","mobile","0","10","858","86","30","13.95","5.67","0"
"4596","CZ","18","mobile","0","11","859","78","19","9.8","6.63","1"
"4820","UA","24","desktop","0","11","859","78","17","12.93","6.41","0"
"1059","SK","25","desktop","1","12","859","72","29","11.79","6.0","0"
"4621","UA","50","tablet","1","12","859","72","18","8.28","5.67","0"
"4668","PL","38","mobile","1","10","859","86","30","11.68","5.63","1"
"4327","UA","47","desktop","0","10","860","86","24","11.71","5.92","0"
"4059","PL","47","mobile","1","11","860","78","26","14.69","6.92","0"
"139","UA","30","mobile","0","11","860","78","21","13.86","6.81","0"
"2025","SK","21","desktop","1","10","860","86","23","9.85","6.52","0"
"4859","PL","57","mobile","0","11","860","78","31","12.53","6.45","0"
"576","UA","51","mobile","0","9","861","96","19","11.56","5.42","1"
"2743","UA","62","desktop","1","11","861","78","22","10.85","5.95","0"
"4254","UA","56","mobile","0","11","861","78","18","8.09","5.44","1"
"296","UA","46","mobile","0","10","861","86","19","13.07","5.63","0"
"2398","UA","56","mobile","0","11","862","78","20","17.83","6.6","0"
"2416","SK","32","mobile","1","11","862","78","17","7.75","6.59","0"
"2816","PL","53","desktop","0","11","862","78","28","12.28","6.18","0"
"1974","UA","19","desktop","0","9","862","96","15","12.14","7.2","0"
"2912","UA","69","mobile","0","11","863","78","20","9.1","5.65","0"
"1450","SK","57","mobile","0","11","864","79","26","15.68","5.85","0"
"3776","SK","60","mobile","1","7","864","123","22","8.56","5.82","0"
"1655","UA","37","desktop","0","14","864","62","21","16.4","7.14","0"
"3974","HU","42","mobile","0","11","864","79","20","14.71","6.6","0"
"568","HU","49","desktop","0","12","864","72","23","16.77","6.0","0"
"2261","UA","34","mobile","1","13","864","66","27","13.63","6.41","0"
"1129","UA","30","mobile","0","12","865","72","25","10.29","6.24","0"
"70","SK","68","mobile","0","11","865","79","27","12.02","6.04","0"
"3530","PL","29","mobile","0","11","865","79","19","10.55","6.32","0"
"3119","UA","20","mobile","1","10","865","87","22","11.35","6.0","0"
"700","PL","57","mobile","0","10","866","87","25","9.91","5.84","0"
"3393","UA","43","desktop","0","11","866","79","18","12.39","6.0","0"
"4775","UA","59","tablet","1","12","867","72","21","13.23","5.62","0"
"4490","PL","46","desktop","1","11","867","79","27","11.84","6.22","0"
"4881","UA","54","desktop","0","13","867","67","28","11.01","6.18","0"
"1511","SK","62","mobile","0","12","867","72","25","14.9","6.2","0"
"3940","CZ","26","mobile","1","10","867","87","16","9.6","6.5","1"
"4867","CZ","40","mobile","0","11","868","79","25","13.82","4.84","1"
"4326","UA","54","tablet","0","12","869","72","20","11.28","5.85","1"
"1261","SK","40","mobile","0","9","869","97","25","16.76","6.0","0"
"3198","UA","44","desktop","0","7","869","124","18","11.47","6.89","1"
"2251","UA","59","desktop","0","11","870","79","19","13.55","6.16","0"
"4465","UA","63","mobile","0","12","870","73","14","15.13","6.57","0"
"2454","CZ","24","desktop","0","11","870","79","21","13.46","6.43","0"
"4248","PL","20","desktop","0","13","870","67","19","15.19","4.58","0"
"1118","PL","56","mobile","0","11","870","79","24","10.97","6.04","0"
"3394","HU","62","mobile","0","11","871","79","23","11.86","6.96","0"
"4","HU","31","mobile","1","11","871","79","22","18.12","6.18","0"
"4645","CZ","18","mobile","0","11","871","79","28","13.28","5.93","0"
"181","UA","70","tablet","0","8","871","109","18","20.79","6.17","0"
"3022","SK","21","desktop","0","10","872","87","25","16.18","5.6","0"
"83","CZ","68","desktop","0","13","872","67","18","9.36","5.5","0"
"1623","UA","52","mobile","0","10","872","87","29","12.63","6.86","0"
"2116","PL","50","mobile","1","13","872","67","27","6.65","6.89","0"
"2705","HU","58","desktop","1","13","873","67","24","13.61","6.21","0"
"4069","CZ","32","desktop","1","10","873","87","20","15.6","5.05","1"
"2940","UA","57","mobile","0","13","873","67","23","20.83","6.22","0"
"2305","HU","64","mobile","0","11","873","79","28","18.07","6.0","0"
"2591","CZ","18","tablet","0","6","873","146","21","12.21","4.81","1"
"1902","PL","45","mobile","1","7","873","125","19","14.29","5.95","1"
"3143","SK","18","desktop","0","8","874","109","35","13.99","6.49","0"
"1285","UA","18","mobile","1","14","874","62","30","13.88","6.23","0"
"54","CZ","54","tablet","0","10","875","88","22","12.18","6.36","0"
"3163","UA","49","mobile","0","12","875","73","24","11.64","5.5","0"
"575","PL","53","tablet","1","11","875","80","27","15.01","6.44","0"
"3519","SK","22","mobile","1","11","876","80","22","12.76","5.73","1"
"480","UA","65","mobile","0","13","876","67","25","11.37","5.48","1"
"1076","UA","55","mobile","1","9","876","97","24","9.15","7.33","0"
"2831","UA","36","mobile","0","10","876","88","23","13.75","5.52","1"
"4306","UA","19","desktop","0","12","876","73","21","16.41","4.9","0"
"2443","PL","62","mobile","0","10","877","88","23","15.49","5.78","0"
"510","UA","49","mobile","0","10","877","88","28","10.31","6.5","0"
"4150","UA","35","desktop","1","9","877","97","25","12.5","6.6","0"
"498","UA","21","mobile","0","11","877","80","21","14.55","6.14","0"
"3097","UA","46","desktop","0","10","877","88","21","12.42","6.29","1"
"2704","PL","49","desktop","1","11","877","80","21","8.57","5.62","0"
"1591","HU","32","desktop","0","10","877","88","21","9.95","6.05","1"
"791","CZ","49","mobile","0","9","878","98","22","17.15","5.91","0"
"3500","UA","58","mobile","1","12","878","73","24","12.32","5.21","0"
"3466","UA","65","tablet","0","10","878","88","32","11.55","6.38","0"
"2072","UA","52","mobile","1","10","878","88","32","14.55","5.53","0"
"3628","SK","70","mobile","0","10","879","88","19","8.75","5.95","0"
"524","UA","23","mobile","1","11","879","80","25","10.59","6.36","0"
"1153","UA","30","desktop","0","11","879","80","24","12.21","5.67","0"
"771","UA","34","desktop","0","9","879","98","18","14.37","6.33","1"
"4565","CZ","69","mobile","0","8","879","110","23","12.77","5.74","0"
"1349","UA","63","mobile","0","10","879","88","21","16.41","5.71","0"
"2028","SK","68","mobile","0","12","880","73","23","11.19","5.48","0"
"122","PL","58","mobile","0","11","880","80","23","20.61","6.3","0"
"1628","SK","67","desktop","0","11","880","80","24","13.51","6.58","0"
"627","UA","66","mobile","0","9","881","98","23","11.76","5.7","0"
"514","HU","63","desktop","0","13","881","68","27","15.52","6.11","0"
"4807","PL","49","tablet","0","9","881","98","18","14.99","6.61","0"
"1851","CZ","21","mobile","1","9","882","98","21","13.59","5.71","0"
"3643","UA","59","mobile","0","9","882","98","24","12.88","5.21","0"
"4984","PL","22","mobile","0","8","882","110","17","13.68","5.41","1"
"1466","UA","55","mobile","0","11","882","80","19","11.26","6.63","1"
"2855","UA","51","desktop","1","8","882","110","23","11.55","6.52","0"
"1954","CZ","44","mobile","0","11","883","80","21","10.58","5.9","0"
"4115","UA","22","mobile","0","8","883","110","21","12.8","5.33","1"
"194","CZ","60","desktop","0","11","883","80","21","9.34","5.76","0"
"3286","UA","49","desktop","1","9","883","98","19","16.27","5.47","0"
"3542","UA","53","mobile","0","8","884","111","24","11.53","6.71","0"
"2555","SK","36","mobile","0","8","885","111","24","13.71","6.42","0"
"4583","UA","41","desktop","1","8","885","111","25","15.27","5.76","0"
"1910","CZ","19","desktop","0","10","885","89","20","14.1","6.15","0"
"2201","PL","68","mobile","0","15","885","59","22","11.56","6.68","1"
"1707","PL","42","desktop","1","8","886","111","24","15.04","6.38","0"
"1961","UA","19","desktop","0","11","886","81","29","14.66","6.66","0"
"3322","UA","64","tablet","0","10","886","89","28","12.94","6.43","0"
"956","SK","37","mobile","1","9","887","99","27","15.66","6.04","0"
"1331","UA","54","mobile","0","9","887","99","26","12.4","5.5","0"
"3765","PL","59","mobile","0","11","887","81","21","11.82","6.1","0"
"4918","CZ","43","desktop","1","7","887","127","25","9.63","5.76","1"
"1057","UA","28","mobile","0","11","888","81","27","10.45","5.93","0"
"4461","PL","44","mobile","0","11","888","81","29","8.7","6.03","0"
"3890","SK","33","desktop","0","9","888","99","27","18.27","7.22","0"
"165","PL","69","desktop","0","13","888","68","19","14.77","5.63","0"
"2043","HU","32","desktop","0","11","888","81","26","11.48","5.65","1"
"421","UA","36","mobile","1","14","888","63","29","16.54","5.31","0"
"852","UA","27","desktop","0","11","889","81","18","11.69","6.28","1"
"596","UA","27","desktop","1","11","889","81","24","15.8","5.0","0"
"1319","PL","19","desktop","0","10","890","89","23","13.32","6.13","0"
"3132","CZ","68","mobile","0","9","890","99","28","13.64","6.25","0"
"3904","UA","53","mobile","0","10","890","89","25","10.03","6.12","0"
"2953","UA","51","desktop","1","11","890","81","20","14.27","6.05","0"
"4605","UA","27","mobile","0","9","890","99","25","8.49","6.76","0"
"126","UA","32","mobile","1","6","890","148","22","10.75","5.77","1"
"1394","CZ","52","mobile","1","12","890","74","20","14.48","5.6","0"
"3232","UA","56","desktop","0","8","891","111","20","17.33","5.8","0"
"985","CZ","39","mobile","1","14","891","64","21","12.53","6.19","0"
"2053","PL","69","mobile","0","12","891","74","29","12.63","5.59","0"
"2332","UA","43","mobile","0","9","892","99","32","13.47","5.38","0"
"3411","PL","31","desktop","0","8","893","112","15","11.06","5.93","0"
"1281","UA","25","mobile","0","13","894","69","22","12.43","6.23","0"
"4481","UA","48","desktop","1","11","894","81","22","14.58","5.32","1"
"4749","UA","67","mobile","0","8","894","112","18","8.57","6.0","1"
"3208","HU","43","desktop","0","9","895","99","26","12.15","6.65","0"
"4535","UA","26","mobile","0","9","895","99","37","12.85","5.97","0"
"2511","PL","20","mobile","0","9","895","99","25","11.93","5.36","0"
"3415","SK","43","desktop","0","11","895","81","30","11.54","7.17","0"
"3106","CZ","18","mobile","0","8","896","112","26","12.57","6.15","0"
"2909","UA","69","tablet","1","13","896","69","21","12.7","6.19","0"
"1617","CZ","24","mobile","0","10","896","90","18","15.25","6.5","0"
"1236","SK","56","mobile","0","12","896","75","25","12.11","5.36","0"
"741","UA","33","tablet","1","11","897","82","29","11.63","5.76","1"
"1460","UA","28","mobile","0","12","897","75","24","14.07","5.0","0"
"2760","SK","30","mobile","0","12","897","75","21","11.53","5.67","1"
"3333","SK","43","mobile","0","11","898","82","23","13.77","5.87","0"
"364","UA","23","mobile","0","11","898","82","18","11.42","6.5","0"
"250","PL","40","desktop","0","8","898","112","29","7.66","5.9","0"
"2365","HU","69","mobile","0","13","899","69","34","12.39","6.41","0"
"3066","UA","63","mobile","0","11","899","82","24","10.98","6.0","0"
"708","CZ","47","mobile","0","9","899","100","22","13.02","6.77","0"
"2726","UA","21","mobile","0","11","899","82","25","17.62","5.56","0"
"1452","PL","20","desktop","0","9","899","100","17","19.24","7.35","0"
"4175","PL","54","mobile","1","13","899","69","17","10.02","5.94","0"
"2307","UA","21","desktop","0","9","899","100","22","11.66","5.91","0"
"4390","UA","38","mobile","0","14","900","64","29","15.38","5.86","0"
"4445","UA","25","mobile","0","11","900","82","25","14.4","5.64","1"
"761","UA","62","desktop","0","8","900","113","18","13.49","4.94","0"
"2893","UA","58","mobile","0","9","900","100","26","12.93","5.81","0"
"3164","PL","36","mobile","0","10","900","90","30","11.76","6.47","0"
"1893","SK","24","tablet","1","13","900","69","28","17.2","5.96","0"
"2380","CZ","28","desktop","0","10","900","90","16","11.27","5.63","1"
"3736","PL","33","tablet","0","12","900","75","16","11.68","5.25","0"
"30","UA","64","desktop","0","10","900","90","17","12.65","6.12","0"
"828","UA","65","mobile","0","9","901","100","30","10.45","5.57","1"
"814","SK","50","mobile","0","10","901","90","19","9.98","6.16","1"
"4787","UA","43","tablet","0","10","902","90","29","11.56","6.0","0"
"3579","HU","23","desktop","0","10","902","90","27","12.93","6.3","0"
"4010","UA","40","tablet","1","11","902","82","20","11.12","5.75","0"
"650","HU","58","mobile","0","9","902","100","22","14.89","6.36","0"
"4833","UA","66","desktop","0","13","902","69","28","13.06","5.64","0"
"3000","CZ","26","mobile","0","8","903","113","23","13.4","6.83","0"
"4210","HU","21","mobile","1","9","903","100","34","9.75","5.97","0"
"2728","PL","33","desktop","0","13","903","69","24","8.1","5.21","0"
"1978","SK","41","mobile","0","10","903","90","26","10.03","5.38","1"
"2113","CZ","46","tablet","1","11","903","82","21","17.09","6.52","0"
"2849","SK","34","mobile","0","9","904","100","17","10.19","5.76","0"
"1805","PL","37","desktop","0","10","904","90","20","10.75","5.2","0"
"1462","PL","62","mobile","0","9","904","100","28","12.47","5.54","0"
"4201","PL","49","tablet","0","12","904","75","25","13.4","6.04","0"
"2068","CZ","49","desktop","0","9","905","101","21","11.78","5.62","1"
"715","CZ","51","mobile","0","10","905","91","27","13.65","6.44","0"
"260","UA","58","mobile","0","12","905","75","26","15.79","5.5","0"
"2549","PL","58","mobile","0","14","906","65","16","11.52","6.63","0"
"3162","SK","24","mobile","0","13","907","70","22","10.83","5.27","0"
"2996","SK","68","mobile","0","15","907","60","27","11.61","5.81","0"
"3437","CZ","19","mobile","1","8","907","113","26","10.65","6.46","0"
"2853","PL","43","mobile","0","9","907","101","24","12.93","6.13","0"
"3907","UA","36","desktop","0","10","907","91","22","17.53","6.55","0"
"3794","UA","29","desktop","1","11","908","83","23","12.4","5.65","0"
"1109","PL","35","desktop","0","13","908","70","21","10.32","5.62","0"
"2573","CZ","30","desktop","0","15","908","61","16","7.16","5.38","1"
"1235","UA","47","mobile","0","11","908","83","30","15.5","5.37","0"
"2982","UA","19","mobile","0","11","908","83","17","15.3","6.06","0"
"3896","UA","54","desktop","0","7","908","130","19","11.31","5.74","0"
"4182","CZ","27","mobile","1","8","909","114","23","9.51","5.43","1"
"1788","UA","69","desktop","0","11","909","83","24","14.02","5.46","0"
"3772","HU","25","mobile","0","12","909","76","22","15.1","7.18","0"
"3835","UA","55","desktop","0","12","909","76","21","12.52","5.57","0"
"2161","PL","65","desktop","1","12","909","76","19","10.42","5.32","1"
"2235","SK","52","tablet","1","11","909","83","19","9.11","5.95","0"
"4854","CZ","51","mobile","0","10","910","91","20","8.26","5.6","1"
"606","UA","18","mobile","0","14","910","65","21","15.55","6.14","0"
"3624","CZ","41","mobile","0","13","911","70","22","13.96","5.64","0"
"8","UA","37","mobile","1","12","911","76","24","11.81","5.75","0"
"1768","CZ","34","desktop","0","9","911","101","27","10.99","5.48","0"
"3351","SK","61","mobile","0","8","912","114","23","17.78","6.09","0"
"1070","UA","54","desktop","0","11","912","83","24","16.3","5.5","0"
"2565","PL","54","desktop","0","12","912","76","23","13.0","6.09","0"
"3104","UA","59","desktop","0","11","913","83","27","11.34","6.04","0"
"1354","SK","35","desktop","0","12","913","76","21","11.14","6.43","0"
"3005","UA","60","desktop","1","9","913","101","25","10.36","6.44","0"
"4757","UA","42","desktop","0","11","914","83","27","16.54","6.7","0"
"4041","HU","22","desktop","0","10","914","91","21","11.39","6.24","0"
"343","HU","42","desktop","1","9","915","102","29","10.5","5.55","0"
"2750","HU","63","mobile","1","10","915","92","21","11.43","5.95","0"
"969","CZ","43","desktop","0","12","915","76","21","11.99","5.57","1"
"4920","SK","18","mobile","0","9","915","102","30","14.52","6.83","0"
"3922","SK","56","desktop","0","12","916","76","24","14.4","6.13","0"
"1359","HU","25","mobile","0","10","916","92","19","10.8","5.74","0"
"3261","SK","30","mobile","1","12","916","76","30","11.71","5.27","1"
"1989","PL","37","desktop","0","9","917","102","19","15.39","5.26","1"
"2345","UA","48","desktop","0","8","918","115","33","12.65","5.58","0"
"3540","UA","65","mobile","0","8","918","115","17","16.74","6.18","0"
"3905","SK","37","tablet","0","11","918","83","22","14.15","6.55","0"
"2701","PL","23","tablet","0","14","919","66","21","14.57","6.0","0"
"3629","SK","27","desktop","0","9","919","102","26","14.62","5.69","0"
"2514","UA","23","desktop","1","10","919","92","25","13.01","5.84","0"
"2675","UA","66","desktop","0","12","919","77","15","15.57","6.2","0"
"2554","UA","40","mobile","1","12","920","77","13","11.92","6.15","0"
"349","SK","21","mobile","1","9","920","102","29","17.69","6.0","0"
"4529","PL","53","desktop","0","9","920","102","16","11.88","6.5","0"
"4072","SK","52","mobile","0","10","920","92","26","14.72","5.81","0"
"1510","PL","52","mobile","1","12","920","77","23","13.27","6.48","0"
"4107","SK","55","desktop","0","14","920","66","31","10.7","6.23","0"
"4271","SK","28","mobile","1","13","920","71","18","9.35","5.78","0"
"4508","SK","31","mobile","0","9","921","102","28","17.48","5.96","0"
"3518","SK","35","mobile","0","14","921","66","22","6.41","6.27","0"
"3124","UA","67","desktop","0","9","921","102","16","9.72","6.38","0"
"3252","CZ","44","mobile","0","12","922","77","20","16.18","6.85","0"
"2536","CZ","67","mobile","0","11","922","84","24","10.01","6.63","0"
"4601","UA","60","mobile","0","10","922","92","21","13.38","6.33","0"
"2273","SK","50","mobile","0","11","923","84","27","13.65","5.85","0"
"4407","UA","18","mobile","0","12","923","77","29","11.28","5.38","0"
"2627","UA","26","mobile","0","13","923","71","17","10.29","6.06","1"
"4096","PL","56","desktop","0","10","924","92","23","11.32","5.39","0"
"3656","PL","25","desktop","0","13","924","71","22","8.59","5.64","1"
"3593","UA","63","mobile","0","12","924","77","24","13.57","5.63","0"
"4011","SK","26","tablet","0","12","924","77","24","8.88","6.25","0"
"3510","CZ","21","mobile","0","9","925","103","32","14.3","6.25","0"
"4653","PL","54","tablet","1","11","925","84","21","17.31","5.48","0"
"2649","UA","58","desktop","1","10","925","93","22","9.62","6.09","0"
"180","UA","36","desktop","0","9","925","103","21","14.49","5.71","0"
"4608","SK","51","mobile","1","10","926","93","24","10.75","5.17","0"
"2672","SK","53","mobile","0","11","926","84","14","10.94","5.5","0"
"4446","UA","22","tablet","0","13","927","71","27","11.99","6.7","0"
"3693","PL","22","mobile","0","13","927","71","21","16.46","6.14","0"
"4638","UA","52","desktop","0","11","927","84","39","11.81","6.08","1"
"1548","UA","43","desktop","1","14","927","66","32","14.63","6.34","0"
"2729","HU","32","mobile","1","8","928","116","17","13.7","5.35","1"
"2091","PL","28","desktop","0","12","928","77","34","10.24","6.32","1"
"4706","CZ","46","mobile","0","15","928","62","25","12.46","6.16","0"
"3242","CZ","27","tablet","1","10","929","93","24","16.43","6.5","0"
"3213","CZ","46","mobile","1","11","930","85","17","9.98","6.06","0"
"4515","CZ","43","tablet","0","10","930","93","15","12.18","5.6","0"
"3439","CZ","31","tablet","0","14","930","66","19","9.11","6.16","0"
"3339","CZ","63","mobile","1","10","930","93","27","9.58","5.67","0"
"1030","HU","46","mobile","0","9","930","103","20","13.1","5.8","0"
"816","CZ","25","mobile","1","14","930","66","25","12.95","5.12","0"
"2594","CZ","68","mobile","0","10","931","93","24","14.46","5.25","0"
"1696","UA","22","desktop","0","9","931","103","14","8.96","6.5","0"
"1709","HU","31","tablet","0","8","931","116","27","14.52","6.78","0"
"4105","UA","53","mobile","0","11","931","85","19","16.23","5.84","0"
"1144","UA","49","desktop","0","13","932","72","25","13.91","5.8","0"
"3135","UA","38","mobile","0","10","933","93","29","11.68","6.0","0"
"2067","CZ","40","mobile","0","9","933","104","18","12.17","5.78","0"
"2949","HU","32","mobile","0","12","933","78","29","13.09","5.83","0"
"2157","UA","45","desktop","0","13","933","72","23","14.49","6.17","0"
"1758","PL","32","desktop","0","12","933","78","33","14.5","6.27","0"
"1560","CZ","61","desktop","0","9","933","104","22","15.34","5.95","0"
"4267","UA","52","desktop","1","10","933","93","24","8.34","5.79","0"
"4954","SK","67","mobile","1","10","933","93","27","11.28","5.96","0"
"3797","UA","54","mobile","0","13","934","72","19","9.94","5.53","1"
"3782","UA","36","desktop","1","13","934","72","22","11.87","6.55","0"
"1718","SK","65","desktop","1","9","934","104","27","13.17","5.26","0"
"1457","UA","69","desktop","1","11","934","85","29","12.82","6.07","0"
"4883","HU","50","desktop","1","13","935","72","24","13.26","6.17","0"
"1786","UA","24","mobile","1","14","935","67","17","9.59","6.06","0"
"3659","PL","22","desktop","0","8","936","117","30","14.14","5.47","0"
"4637","UA","18","desktop","0","13","936","72","24","14.65","5.96","0"
"330","PL","43","mobile","0","11","937","85","18","14.48","5.89","0"
"3961","SK","48","mobile","1","12","937","78","24","17.74","6.13","0"
"1398","PL","61","mobile","0","13","937","72","26","13.33","5.81","0"
"4591","UA","32","mobile","0","9","937","104","19","16.03","6.16","1"
"2621","UA","67","desktop","0","9","939","104","28","10.73","6.79","0"
"3475","UA","54","mobile","1","11","939","85","22","11.41","6.05","1"
"329","PL","36","desktop","0","9","939","104","22","10.59","5.86","0"
"2125","UA","37","mobile","0","11","939","85","23","12.71","7.0","0"
"1827","PL","69","mobile","0","12","940","78","23","14.3","5.48","0"
"4207","UA","38","tablet","0","13","940","72","21","14.14","5.81","0"
"1133","PL","61","mobile","0","10","940","94","27","12.3","5.44","0"
"1923","UA","20","mobile","0","13","940","72","29","11.43","6.38","0"
"4374","UA","48","mobile","0","12","941","78","21","9.91","5.62","0"
"3773","PL","54","desktop","0","9","941","105","22","13.4","5.5","0"
"2581","SK","63","mobile","0","10","941","94","19","12.22","5.53","0"
"2978","PL","66","desktop","0","10","942","94","22","9.5","6.14","0"
"360","HU","63","mobile","1","12","942","79","23","14.13","6.39","0"
"2957","UA","48","mobile","0","10","942","94","20","11.73","6.4","1"
"1107","SK","42","mobile","1","13","942","72","23","14.09","6.65","0"
"1250","UA","34","mobile","0","10","943","94","26","17.03","6.15","0"
"4892","SK","22","mobile","1","10","943","94","16","9.89","6.0","0"
"2277","SK","51","tablet","0","11","943","86","25","8.8","5.36","0"
"4134","UA","21","desktop","0","12","943","79","27","14.89","5.93","0"
"3236","UA","51","mobile","0","9","944","105","21","17.92","6.1","0"
"4228","PL","44","desktop","1","12","944","79","24","10.17","5.46","0"
"677","SK","23","mobile","0","11","945","86","23","14.17","4.91","0"
"1611","UA","48","desktop","0","13","945","73","26","12.9","5.27","0"
"2105","UA","64","mobile","1","12","946","79","32","10.89","5.28","1"
"266","UA","19","desktop","0","11","946","86","22","15.65","6.82","0"
"2005","UA","62","desktop","1","11","946","86","28","17.91","5.79","0"
"1150","UA","54","desktop","1","10","947","95","25","10.96","5.8","0"
"4767","UA","61","mobile","0","11","947","86","33","11.72","6.15","0"
"1909","UA","24","mobile","0","12","947","79","24","10.32","6.54","1"
"4336","UA","40","desktop","0","11","948","86","23","19.87","6.22","0"
"4912","PL","47","mobile","0","9","949","105","31","16.72","5.74","0"
"1592","HU","64","mobile","0","10","949","95","24","9.0","7.17","1"
"3991","PL","57","mobile","0","13","949","73","37","12.13","5.78","0"
"2885","SK","44","mobile","0","13","949","73","24","13.13","5.46","0"
"3382","HU","37","desktop","1","8","949","119","22","17.32","6.18","0"
"3121","SK","61","mobile","0","9","950","106","25","12.89","5.4","0"
"4729","CZ","67","mobile","0","12","950","79","20","14.38","5.55","1"
"3757","UA","51","desktop","0","11","950","86","24","12.68","5.71","1"
"444","CZ","54","mobile","0","9","951","106","25","12.6","5.92","0"
"4211","SK","41","tablet","0","13","951","73","20","11.86","6.4","0"
"3440","SK","33","mobile","0","10","951","95","22","15.08","6.18","0"
"1855","SK","30","desktop","1","13","952","73","24","13.1","6.42","0"
"1882","PL","33","mobile","0","11","952","87","19","12.53","5.53","0"
"99","HU","49","mobile","1","12","953","79","33","11.53","5.79","0"
"1773","SK","43","desktop","0","11","953","87","29","19.64","5.34","0"
"1853","UA","61","mobile","1","11","954","87","22","13.91","5.14","0"
"3399","UA","43","desktop","0","12","955","80","29","11.84","5.83","0"
"1094","UA","65","desktop","0","12","955","80","19","14.22","5.58","0"
"2232","HU","53","mobile","0","10","955","96","16","11.94","6.0","0"
"1045","UA","69","mobile","0","9","955","106","34","13.01","5.71","0"
"3743","PL","43","desktop","0","13","955","73","22","12.82","5.59","1"
"1417","SK","38","mobile","0","9","956","106","27","14.63","6.19","0"
"4924","UA","66","mobile","0","12","956","80","23","19.77","6.26","0"
"2429","SK","64","mobile","0","12","957","80","22","11.95","6.32","0"
"2151","CZ","65","desktop","1","13","958","74","26","14.95","6.23","0"
"4916","CZ","56","mobile","0","10","959","96","28","15.84","6.21","0"
"2367","UA","70","mobile","0","11","960","87","20","12.75","6.15","0"
"3148","CZ","40","mobile","0","11","960","87","18","14.29","5.94","0"
"1778","UA","64","mobile","0","14","960","69","26","12.52","5.85","0"
"557","UA","19","tablet","0","8","961","120","20","11.58","5.75","1"
"3902","HU","31","mobile","1","13","961","74","19","9.29","5.21","0"
"3488","UA","25","desktop","0","12","961","80","31","14.83","6.1","0"
"3152","PL","24","desktop","0","12","962","80","22","10.44","6.23","0"
"2922","HU","67","desktop","0","13","962","74","29","12.94","6.21","0"
"3660","UA","43","tablet","1","12","962","80","19","16.14","5.58","1"
"2930","SK","67","tablet","0","11","963","88","23","11.93","6.43","0"
"2819","CZ","36","desktop","0","10","964","96","16","14.05","5.63","0"
"1630","CZ","70","mobile","1","12","965","80","21","11.99","4.95","1"
"2118","PL","52","mobile","1","13","965","74","19","12.35","6.37","0"
"2712","PL","47","mobile","1","12","965","80","21","17.51","6.29","0"
"2601","UA","30","tablet","0","13","965","74","23","11.34","5.78","1"
"1726","CZ","39","mobile","0","17","966","57","20","10.0","5.85","0"
"3947","CZ","60","desktop","1","13","966","74","24","10.53","6.46","0"
"4373","CZ","65","mobile","0","13","966","74","33","11.31","5.73","1"
"3724","UA","62","mobile","0","11","967","88","18","13.25","6.0","0"
"3129","HU","23","mobile","0","13","968","74","27","10.89","6.19","1"
"2456","UA","24","desktop","0","11","968","88","25","15.17","5.28","0"
"4198","PL","23","desktop","1","14","968","69","25","13.47","6.76","0"
"1397","UA","70","desktop","0","10","969","97","30","11.35","5.27","0"
"4951","UA","65","mobile","1","11","969","88","26","12.44","6.27","0"
"1064","UA","45","tablet","0","11","969","88","19","10.25","7.47","0"
"4295","CZ","24","tablet","0","11","969","88","27","11.24","5.37","0"
"3142","CZ","45","mobile","1","12","970","81","19","13.81","5.37","0"
"1721","PL","52","mobile","0","10","970","97","22","10.58","6.45","1"
"457","SK","45","tablet","0","11","970","88","23","12.56","6.04","0"
"4453","UA","69","tablet","0","12","970","81","25","10.51","5.56","0"
"1988","UA","45","desktop","0","8","970","121","24","11.96","5.33","1"
"1124","SK","37","mobile","0","11","970","88","19","10.59","7.05","0"
"4145","CZ","67","mobile","0","8","971","121","36","13.78","5.83","0"
"4217","SK","65","mobile","1","11","971","88","23","12.79","6.0","0"
"1487","UA","56","desktop","0","9","971","108","25","15.31","6.0","0"
"1619","PL","68","mobile","0","10","971","97","25","19.83","6.72","0"
"635","UA","20","desktop","1","8","972","122","23","14.25","5.91","0"
"1804","PL","46","desktop","0","8","972","122","28","12.98","5.86","0"
"1303","UA","39","mobile","0","11","972","88","17","10.86","5.65","1"
"3853","UA","65","mobile","0","12","972","81","17","13.76","5.12","0"
"581","UA","31","mobile","0","11","973","88","24","12.25","6.54","0"
"1122","UA","26","desktop","0","10","974","97","29","12.33","5.55","0"
"642","CZ","33","mobile","0","9","976","108","24","19.65","5.67","0"
"2629","UA","62","desktop","1","10","976","98","18","9.65","6.61","0"
"4618","UA","24","mobile","0","11","977","89","18","14.75","5.83","0"
"354","UA","36","mobile","1","11","977","89","28","10.55","5.71","0"
"4619","PL","66","mobile","0","10","977","98","21","16.18","5.62","0"
"878","UA","66","tablet","1","11","978","89","15","13.82","6.13","1"
"3959","UA","61","desktop","0","8","978","122","25","15.14","6.64","0"
"4861","CZ","36","tablet","0","13","978","75","30","10.58","5.97","0"
"1522","PL","65","desktop","1","10","980","98","33","10.45","6.21","1"
"2196","SK","43","mobile","0","11","980","89","23","15.93","6.17","0"
"2255","UA","55","mobile","0","10","980","98","27","14.36","6.0","0"
"4891","UA","25","desktop","0","11","981","89","36","13.19","6.56","0"
"2405","UA","62","desktop","1","13","981","75","20","12.86","6.4","0"
"612","PL","65","mobile","1","11","981","89","25","11.06","5.44","0"
"2992","PL","22","desktop","0","12","982","82","21","13.29","6.81","0"
"4977","UA","36","mobile","0","8","982","123","23","12.44","5.0","0"
"3039","CZ","66","desktop","1","8","983","123","21","12.75","6.76","0"
"489","SK","20","desktop","1","13","983","76","31","12.36","5.71","0"
"1069","CZ","53","desktop","0","10","984","98","29","12.55","6.1","0"
"362","HU","49","desktop","0","12","984","82","25","12.36","6.24","0"
"1104","HU","26","mobile","0","13","985","76","23","10.28","5.91","0"
"3704","SK","24","mobile","0","11","986","90","22","13.65","5.95","0"
"2455","CZ","32","desktop","1","10","986","99","21","12.21","5.52","0"
"1191","SK","42","mobile","1","14","988","71","17","10.1","5.76","1"
"2460","HU","39","mobile","0","7","989","141","24","14.3","5.46","0"
"1679","UA","28","mobile","0","10","989","99","23","12.66","6.13","0"
"234","PL","67","desktop","0","13","990","76","25","16.51","5.6","0"
"717","SK","65","mobile","0","12","990","83","25","14.1","6.08","0"
"3118","HU","39","desktop","0","8","990","124","33","10.34","7.12","0"
"1731","UA","29","mobile","1","13","990","76","34","15.97","6.12","0"
"923","UA","49","desktop","0","12","990","83","19","12.93","6.47","0"
"4344","PL","47","desktop","1","10","991","99","26","19.95","6.12","0"
"1048","CZ","37","desktop","1","9","991","110","23","13.96","5.83","0"
"212","UA","36","mobile","0","14","991","71","24","12.0","6.21","0"
"259","UA","27","desktop","0","13","991","76","29","9.82","6.28","0"
"2180","SK","55","mobile","0","10","991","99","19","10.39","4.84","0"
"3352","HU","50","desktop","0","13","992","76","29","11.66","5.14","0"
"2040","UA","24","desktop","0","11","993","90","28","14.76","6.07","0"
"4260","PL","29","desktop","0","14","993","71","23","11.92","5.91","0"
"1209","CZ","50","desktop","1","13","994","76","26","17.91","6.35","0"
"239","PL","22","desktop","0","11","994","90","24","9.47","5.17","1"
"1297","UA","46","desktop","1","13","994","76","33","11.57","5.85","0"
"602","UA","67","mobile","1","12","994","83","16","8.38","6.0","1"
"2417","UA","24","mobile","0","11","994","90","22","13.06","6.05","1"
"4484","PL","65","mobile","0","12","995","83","20","13.07","5.95","0"
"941","UA","24","mobile","1","11","995","90","18","11.98","6.06","0"
"2306","UA","48","mobile","1","14","995","71","27","13.81","6.37","0"
"4388","PL","44","mobile","0","11","995","90","21","15.02","5.1","0"
"4463","SK","43","mobile","1","11","996","91","16","14.73","6.13","0"
"4526","PL","59","mobile","0","9","996","111","29","9.9","6.03","0"
"1500","UA","64","mobile","0","10","997","100","32","13.91","6.47","0"
"3471","UA","20","desktop","0","12","997","83","25","11.05","6.52","0"
"3619","CZ","52","tablet","0","11","999","91","17","16.26","5.0","0"
"1556","HU","31","desktop","1","13","999","77","26","17.55","6.04","0"
"3939","UA","66","mobile","0","9","999","111","20","10.8","6.4","0"
"4054","UA","59","mobile","1","14","999","71","23","12.26","5.13","0"
"1249","HU","65","desktop","0","14","999","71","31","15.06","5.87","0"
"4437","SK","63","desktop","0","11","1000","91","20","10.67","6.85","0"
"1387","UA","41","tablet","0","8","1000","125","30","13.85","6.3","0"
"4397","PL","53","mobile","0","13","1000","77","25","8.9","6.24","0"
"1088","UA","27","mobile","0","9","1000","111","20","9.23","6.35","1"
"3335","PL","43","desktop","0","10","1000","100","33","11.65","6.09","0"
"4748","PL","68","mobile","0","10","1000","100","23","18.46","5.74","0"
"3966","UA","38","desktop","0","13","1001","77","15","16.04","5.93","0"
"2577","HU","45","mobile","0","9","1001","111","18","11.32","5.33","0"
"361","CZ","59","mobile","1","12","1001","83","20","11.62","5.75","0"
"1993","UA","27","desktop","0","12","1001","83","31","16.3","6.29","0"
"2615","SK","68","mobile","0","10","1001","100","25","11.3","6.52","0"
"1779","UA","29","mobile","1","13","1001","77","14","16.09","5.5","1"
"2014","HU","62","desktop","0","9","1002","111","20","15.56","5.85","0"
"3160","UA","31","desktop","1","12","1002","84","23","12.69","5.65","0"
"4055","PL","36","mobile","1","14","1003","72","19","13.58","5.74","0"
"149","CZ","65","mobile","0","9","1003","111","21","9.09","6.29","0"
"1657","CZ","65","desktop","1","13","1003","77","31","18.07","6.32","0"
"268","CZ","22","mobile","0","9","1004","112","20","15.04","6.55","0"
"335","SK","39","mobile","0","11","1004","91","31","9.84","6.03","0"
"388","CZ","58","desktop","1","11","1005","91","28","13.17","5.93","0"
"1774","UA","33","desktop","0","14","1005","72","22","11.91","5.64","0"
"2487","CZ","22","mobile","0","11","1005","91","22","12.06","4.77","0"
"1527","UA","63","desktop","0","13","1006","77","27","17.1","6.07","0"
"231","CZ","31","mobile","0","13","1006","77","22","11.64","5.91","0"
"795","UA","30","desktop","0","10","1006","101","27","13.23","5.48","0"
"2346","UA","54","mobile","0","13","1007","77","27","11.47","6.44","0"
"2428","HU","29","mobile","0","9","1008","112","37","12.06","6.14","0"
"2471","SK","66","desktop","0","9","1008","112","22","13.27","6.09","0"
"4782","SK","46","desktop","1","13","1008","78","26","16.73","6.62","0"
"3754","PL","22","mobile","0","12","1008","84","24","11.6","6.0","0"
"247","UA","37","mobile","0","14","1009","72","21","16.15","5.9","0"
"3828","HU","41","mobile","0","15","1009","67","20","11.41","6.05","1"
"3770","PL","24","desktop","0","14","1010","72","21","11.56","5.76","1"
"3125","HU","18","mobile","1","10","1010","101","33","12.17","6.52","0"
"4915","CZ","30","mobile","0","11","1011","92","27","14.74","6.11","0"
"3108","HU","47","mobile","1","12","1012","84","23","15.11","6.61","0"
"1534","SK","66","desktop","0","11","1013","92","18","12.87","7.06","0"
"3016","HU","24","mobile","0","10","1013","101","16","14.64","6.63","0"
"3167","PL","67","mobile","0","18","1014","56","25","11.68","5.96","0"
"2093","CZ","64","mobile","0","11","1014","92","29","11.3","5.97","0"
"2570","CZ","57","mobile","1","10","1015","102","19","11.98","5.89","0"
"3412","UA","41","desktop","1","13","1015","78","24","11.52","5.96","0"
"3806","CZ","31","mobile","0","14","1015","73","20","12.86","6.7","0"
"2264","SK","58","mobile","0","14","1015","73","26","13.13","5.38","0"
"4665","UA","35","mobile","1","10","1015","102","21","10.41","5.1","0"
"2832","UA","59","mobile","0","13","1016","78","14","12.51","6.29","0"
"3483","SK","38","mobile","0","11","1016","92","30","13.44","6.47","0"
"4324","UA","55","desktop","0","13","1016","78","28","15.04","6.21","0"
"618","SK","43","desktop","0","12","1016","85","28","13.09","5.39","0"
"2007","SK","39","mobile","1","10","1016","102","24","13.1","6.33","0"
"4124","UA","29","mobile","1","11","1017","92","34","13.44","6.06","0"
"3263","UA","42","mobile","0","13","1017","78","27","14.54","5.96","0"
"3857","UA","41","mobile","0","11","1017","92","23","13.79","6.04","0"
"2378","CZ","61","mobile","0","14","1017","73","31","14.42","5.77","0"
"4675","HU","43","mobile","0","12","1018","85","30","13.82","6.07","0"
"1980","CZ","19","mobile","0","13","1018","78","27","10.11","6.15","0"
"4239","UA","69","tablet","1","11","1018","93","27","11.91","6.52","0"
"1588","UA","31","desktop","0","12","1020","85","28","12.58","6.57","0"
"742","SK","40","mobile","0","15","1020","68","18","13.88","5.67","0"
"1715","UA","31","mobile","1","10","1020","102","30","16.31","5.97","0"
"1751","PL","30","desktop","0","16","1020","64","21","16.14","6.86","0"
"4723","CZ","50","mobile","0","11","1020","93","24","11.99","6.13","0"
"2137","UA","39","mobile","1","15","1020","68","19","12.49","6.26","1"
"4944","UA","56","mobile","1","12","1020","85","21","11.9","5.19","0"
"977","UA","19","mobile","1","13","1021","79","16","15.66","5.88","0"
"4938","PL","46","tablet","0","11","1021","93","26","17.61","5.92","0"
"3505","CZ","48","mobile","1","13","1021","79","25","12.66","6.0","0"
"3131","CZ","18","mobile","0","10","1021","102","25","7.76","5.44","1"
"195","CZ","27","desktop","0","9","1022","114","26","15.66","5.77","1"
"4897","UA","66","mobile","1","12","1022","85","29","12.72","6.24","0"
"132","HU","40","mobile","0","12","1023","85","33","12.11","6.24","0"
"1551","UA","23","mobile","0","9","1023","114","30","11.95","6.03","0"
"513","UA","53","desktop","0","14","1024","73","29","16.79","5.93","0"
"3324","SK","61","mobile","1","9","1024","114","23","14.93","6.74","0"
"3679","PL","54","mobile","0","12","1025","85","20","11.59","5.95","1"
"377","CZ","64","mobile","0","13","1026","79","30","9.02","5.5","0"
"4680","UA","68","desktop","1","9","1026","114","32","15.75","6.59","0"
"1243","UA","35","mobile","0","10","1026","103","17","13.89","6.47","0"
"1139","UA","35","mobile","0","8","1027","128","16","11.31","6.44","1"
"1498","CZ","57","desktop","1","12","1027","86","31","16.14","5.84","0"
"3839","SK","66","mobile","0","12","1028","86","24","16.62","5.46","0"
"1027","UA","34","mobile","0","10","1028","103","28","13.77","5.5","1"
"3441","UA","36","mobile","0","12","1028","86","28","14.17","5.82","0"
"412","SK","50","desktop","0","12","1028","86","23","16.26","5.48","0"
"4401","UA","18","tablet","0","13","1029","79","27","12.09","6.11","0"
"592","CZ","50","desktop","0","11","1029","94","36","13.46","5.97","0"
"3928","UA","68","mobile","0","12","1031","86","24","10.28","6.13","0"
"786","UA","20","mobile","0","13","1031","79","23","9.72","5.39","0"
"2470","SK","25","desktop","0","11","1032","94","18","11.77","5.67","0"
"1824","CZ","53","desktop","0","14","1032","74","30","11.19","5.37","0"
"1024","CZ","70","mobile","1","16","1032","65","20","13.87","6.1","0"
"4425","CZ","67","mobile","0","14","1032","74","10","12.75","6.9","0"
"1699","UA","40","mobile","0","12","1033","86","25","13.2","6.88","0"
"1494","PL","42","mobile","0","9","1034","115","28","14.16","5.57","1"
"2749","HU","65","desktop","0","13","1034","80","16","11.79","6.56","0"
"2095","UA","28","mobile","1","10","1034","103","24","12.71","6.46","0"
"4345","UA","30","mobile","0","14","1035","74","18","11.54","6.22","0"
"1451","SK","40","mobile","0","12","1035","86","24","10.56","5.13","0"
"341","PL","51","desktop","1","13","1035","80","26","12.03","5.42","0"
"630","CZ","18","mobile","0","13","1035","80","32","12.71","6.41","0"
"4761","UA","31","desktop","1","10","1035","104","32","10.94","6.0","0"
"1049","PL","20","mobile","0","13","1036","80","31","12.98","6.23","0"
"4824","UA","20","tablet","0","11","1037","94","32","13.1","5.91","0"
"2745","PL","48","desktop","1","13","1039","80","23","10.79","5.04","0"
"1703","SK","51","mobile","0","11","1039","94","26","15.47","6.42","0"
"936","UA","58","desktop","0","14","1039","74","28","12.14","5.46","0"
"1204","HU","37","mobile","0","14","1039","74","35","9.97","6.03","0"
"1","UA","57","desktop","0","13","1040","80","18","18.26","6.06","0"
"917","UA","59","tablet","0","13","1040","80","33","11.15","5.52","0"
"3859","SK","43","mobile","0","12","1040","87","21","12.23","6.19","0"
"967","PL","20","desktop","1","7","1041","149","28","13.4","6.14","0"
"3814","UA","59","tablet","0","13","1041","80","27","16.1","6.33","0"
"3161","CZ","33","mobile","0","12","1042","87","20","12.07","6.6","0"
"711","CZ","66","desktop","0","12","1042","87","17","10.02","6.18","1"
"1535","SK","48","mobile","1","9","1042","116","30","17.23","6.23","0"
"2797","CZ","28","desktop","0","11","1043","95","31","13.63","5.77","0"
"4846","UA","61","desktop","0","12","1043","87","28","12.32","5.82","0"
"2391","PL","23","tablet","0","11","1045","95","25","13.01","6.48","0"
"3239","PL","38","desktop","1","13","1045","80","21","12.19","6.0","0"
"200","SK","61","desktop","0","9","1045","116","14","10.86","5.5","0"
"2188","SK","69","tablet","0","14","1046","75","25","14.17","5.84","0"
"2700","SK","62","mobile","0","11","1046","95","24","12.88","6.67","0"
"7","CZ","59","mobile","0","12","1047","87","24","16.97","6.71","0"
"3350","SK","34","mobile","0","9","1049","117","29","9.07","6.14","0"
"4310","PL","32","desktop","0","17","1050","62","36","13.37","6.25","0"
"1945","PL","59","tablet","0","13","1050","81","16","19.56","6.0","0"
"4227","UA","30","tablet","0","11","1050","95","24","9.56","5.83","1"
"1178","CZ","25","tablet","0","13","1051","81","26","15.54","7.12","0"
"1383","CZ","57","mobile","0","12","1051","88","16","17.28","5.69","0"
"805","UA","21","desktop","1","11","1051","96","24","9.88","6.25","0"
"4745","CZ","28","mobile","0","11","1051","96","20","13.22","5.8","1"
"3556","PL","37","mobile","0","11","1051","96","26","11.99","5.73","0"
"211","CZ","33","mobile","0","11","1052","96","22","12.15","6.73","0"
"1430","CZ","32","mobile","0","10","1054","105","26","14.58","5.58","0"
"538","CZ","20","mobile","1","12","1055","88","27","16.18","6.41","0"
"2424","UA","46","desktop","0","14","1056","75","19","9.06","5.84","0"
"2925","PL","32","mobile","0","10","1056","106","12","17.27","5.83","0"
"3386","HU","31","desktop","0","10","1056","106","22","12.23","5.91","0"
"1321","HU","36","mobile","0","17","1057","62","19","11.29","5.53","0"
"532","PL","59","mobile","0","11","1057","96","25","15.18","5.88","0"
"2205","CZ","70","mobile","0","11","1057","96","22","19.1","6.23","0"
"4184","CZ","20","mobile","0","13","1059","81","28","9.96","6.68","0"
"3431","CZ","37","mobile","1","9","1059","118","19","17.39","5.16","1"
"4354","CZ","41","desktop","1","11","1059","96","16","12.75","6.13","0"
"1210","PL","18","mobile","0","12","1060","88","23","10.81","5.96","0"
"2829","UA","33","desktop","1","12","1061","88","31","14.93","6.32","0"
"4710","PL","52","desktop","1","14","1062","76","23","12.57","5.91","0"
"2817","HU","24","mobile","0","13","1063","82","20","16.43","6.3","0"
"1532","HU","44","desktop","0","13","1064","82","15","21.52","5.8","0"
"515","CZ","59","mobile","0","12","1065","89","21","13.22","6.33","0"
"1368","SK","64","mobile","0","12","1065","89","24","16.54","6.33","0"
"1068","UA","49","mobile","0","12","1065","89","24","7.66","6.13","0"
"12","UA","62","tablet","0","13","1068","82","16","11.3","4.81","0"
"264","UA","27","desktop","1","11","1070","97","26","14.12","6.23","0"
"4076","UA","62","desktop","0","11","1072","97","19","15.41","6.37","0"
"758","SK","25","desktop","0","9","1073","119","19","12.58","6.89","1"
"1742","HU","33","desktop","1","10","1073","107","35","10.69","5.8","0"
"2086","UA","18","mobile","0","13","1074","83","14","9.08","5.86","1"
"4518","UA","66","mobile","0","11","1074","98","30","15.64","5.4","0"
"3003","UA","19","desktop","1","14","1077","77","17","12.21","5.59","0"
"2813","UA","66","desktop","0","12","1077","90","32","13.84","5.84","0"
"3688","PL","26","mobile","0","12","1078","90","23","10.9","6.43","1"
"2044","UA","61","mobile","0","11","1079","98","19","12.04","6.26","0"
"1887","UA","60","mobile","1","10","1079","108","29","12.76","5.55","0"
"1472","PL","18","mobile","0","12","1080","90","21","20.62","7.1","0"
"4677","UA","34","mobile","0","14","1080","77","15","9.81","6.67","0"
"2525","UA","35","mobile","0","13","1080","83","24","13.7","5.88","0"
"4313","PL","25","mobile","0","14","1080","77","23","15.27","6.0","0"
"1367","HU","26","tablet","0","11","1082","98","19","9.38","5.0","0"
"779","PL","35","mobile","1","11","1083","98","22","8.08","6.55","0"
"4733","PL","23","desktop","0","10","1083","108","28","15.49","5.5","0"
"4863","UA","28","mobile","0","14","1083","77","23","11.85","5.74","0"
"1418","PL","42","tablet","0","13","1084","83","24","12.86","5.29","0"
"2162","UA","56","desktop","1","11","1085","99","22","16.25","6.86","0"
"2533","HU","29","mobile","0","14","1085","78","26","13.95","6.08","0"
"3207","UA","46","mobile","0","11","1085","99","23","9.27","6.57","0"
"743","PL","48","mobile","1","13","1086","84","29","14.1","6.07","0"
"1239","SK","67","mobile","0","11","1087","99","26","11.69","6.42","0"
"2587","UA","57","tablet","0","11","1087","99","22","17.51","5.23","1"
"1341","UA","69","tablet","0","11","1088","99","23","14.66","7.43","0"
"2178","CZ","63","mobile","0","15","1088","73","27","13.52","5.96","0"
"1065","PL","66","tablet","1","11","1089","99","22","9.86","6.05","0"
"2165","UA","32","mobile","0","12","1089","91","22","16.21","6.09","0"
"1125","PL","43","mobile","0","14","1090","78","23","12.31","5.13","0"
"4871","HU","43","mobile","0","8","1091","136","25","12.75","6.52","0"
"2920","PL","40","mobile","0","11","1092","99","24","9.98","6.17","0"
"2377","SK","50","mobile","1","12","1093","91","24","9.45","5.79","1"
"4613","UA","40","mobile","0","14","1093","78","28","10.22","5.39","0"
"4380","HU","21","mobile","0","10","1094","109","26","15.59","5.62","0"
"3250","UA","49","tablet","0","13","1094","84","21","9.01","6.24","0"
"734","UA","24","mobile","0","13","1094","84","31","9.16","6.19","0"
"980","UA","28","desktop","1","11","1094","99","26","12.47","6.15","0"
"4270","UA","43","mobile","0","10","1096","110","18","7.57","6.28","0"
"4765","UA","54","mobile","0","11","1096","100","29","15.6","6.0","0"
"2767","UA","19","mobile","0","10","1097","110","19","6.48","5.53","1"
"4170","PL","61","mobile","0","11","1099","100","21","13.49","6.19","0"
"1287","UA","57","mobile","0","12","1100","92","20","9.05","6.45","1"
"2628","CZ","70","mobile","1","13","1102","85","35","13.17","6.0","0"
"2110","HU","37","tablet","0","12","1103","92","28","11.29","6.14","0"
"2206","CZ","41","desktop","1","12","1103","92","27","14.8","5.11","0"
"4994","UA","35","mobile","0","13","1105","85","35","14.08","6.4","0"
"2386","UA","46","mobile","1","13","1105","85","18","7.98","5.17","0"
"3205","PL","33","mobile","0","16","1105","69","24","13.61","6.08","0"
"3866","UA","33","mobile","0","11","1107","101","25","13.86","5.32","0"
"3080","PL","68","desktop","0","12","1108","92","30","16.24","6.1","0"
"1461","PL","22","desktop","0","12","1109","92","26","11.84","6.19","0"
"1007","SK","26","desktop","0","10","1110","111","17","12.95","5.88","0"
"1447","CZ","45","desktop","0","14","1111","79","17","16.04","5.53","1"
"332","PL","27","mobile","0","13","1111","85","22","10.43","6.55","0"
"1760","UA","24","tablet","0","12","1113","93","25","10.88","5.24","0"
"756","CZ","28","mobile","1","11","1114","101","31","15.21","6.1","0"
"2740","PL","30","tablet","0","11","1115","101","28","10.13","5.82","0"
"2128","SK","21","mobile","0","11","1115","101","26","14.72","5.38","0"
"2482","SK","53","mobile","0","10","1115","112","23","9.31","5.22","1"
"92","HU","38","desktop","0","13","1115","86","25","13.87","5.76","0"
"916","PL","66","tablet","1","12","1116","93","18","15.39","5.78","1"
"285","PL","52","mobile","0","10","1117","112","25","12.93","6.72","0"
"4305","UA","55","tablet","1","9","1117","124","39","10.69","5.64","1"
"4133","PL","55","desktop","1","14","1118","80","22","14.99","5.55","0"
"2911","UA","52","mobile","0","10","1119","112","19","12.06","6.11","0"
"1339","UA","53","mobile","0","12","1119","93","15","10.15","6.0","0"
"3433","UA","63","mobile","0","13","1120","86","28","13.04","5.57","0"
"3218","SK","40","tablet","0","14","1122","80","22","12.81","6.18","0"
"4909","UA","35","mobile","0","10","1122","112","22","16.98","6.23","0"
"1587","SK","23","desktop","0","15","1123","75","32","9.38","6.06","0"
"4866","UA","36","desktop","1","12","1124","94","16","15.08","6.75","0"
"4117","CZ","45","desktop","0","13","1125","87","20","9.3","6.0","0"
"4435","UA","27","desktop","0","12","1125","94","25","18.33","5.4","0"
"4931","CZ","35","desktop","0","9","1125","125","29","17.08","6.45","0"
"221","CZ","70","mobile","1","14","1128","81","29","10.81","5.24","0"
"491","UA","64","mobile","0","10","1130","113","28","8.37","6.18","0"
"4806","UA","19","desktop","0","11","1130","103","19","11.39","6.63","1"
"710","CZ","19","mobile","0","11","1130","103","19","13.93","6.26","1"
"4247","PL","60","desktop","1","12","1131","94","26","15.0","6.54","0"
"539","UA","47","desktop","0","11","1132","103","21","12.43","6.48","0"
"2100","UA","37","mobile","0","11","1132","103","28","13.01","5.43","0"
"4838","HU","51","mobile","0","12","1133","94","23","9.51","6.65","0"
"3746","PL","50","desktop","0","13","1133","87","34","11.47","6.21","0"
"4190","CZ","30","mobile","1","13","1133","87","20","11.85","5.7","1"
"4168","PL","68","mobile","0","9","1133","126","23","13.67","5.57","0"
"2512","UA","43","mobile","1","12","1134","95","18","14.61","7.06","0"
"1186","UA","66","mobile","0","12","1134","95","28","13.29","5.64","0"
"4554","UA","54","mobile","0","13","1135","87","21","10.75","6.24","1"
"228","PL","50","mobile","0","15","1135","76","24","12.68","5.58","0"
"4524","UA","46","mobile","1","12","1136","95","25","12.67","6.56","0"
"1877","SK","19","mobile","0","8","1136","142","30","18.24","6.17","0"
"798","PL","24","mobile","0","14","1138","81","27","14.11","5.52","0"
"4361","PL","59","desktop","0","12","1140","95","22","12.75","5.45","0"
"940","CZ","18","mobile","0","9","1140","127","33","8.92","6.64","1"
"4762","SK","50","mobile","0","12","1141","95","27","11.76","6.15","0"
"1891","CZ","38","mobile","0","13","1141","88","21","14.46","5.9","0"
"3658","CZ","65","desktop","1","13","1144","88","22","11.55","6.0","0"
"3233","PL","27","mobile","0","14","1144","82","19","11.52","5.42","0"
"402","PL","50","mobile","0","13","1144","88","33","14.76","5.55","0"
"2121","HU","61","mobile","0","9","1145","127","26","13.96","6.04","0"
"616","UA","56","mobile","0","11","1145","104","31","17.16","6.52","0"
"4121","PL","37","mobile","1","15","1146","76","25","15.19","6.72","0"
"1820","SK","51","desktop","1","15","1146","76","25","11.86","6.32","0"
"204","CZ","68","mobile","0","12","1147","96","22","12.27","5.45","0"
"208","PL","31","desktop","1","14","1149","82","29","9.65","6.62","0"
"4626","UA","58","desktop","0","12","1149","96","27","12.11","6.22","0"
"3251","UA","32","mobile","0","11","1149","104","30","9.66","6.37","0"
"1029","UA","47","mobile","0","15","1149","77","18","16.76","7.22","0"
"1666","UA","34","desktop","1","13","1150","88","25","13.23","6.16","0"
"4251","UA","41","mobile","1","12","1150","96","29","10.9","5.66","0"
"4752","HU","62","tablet","1","7","1152","165","29","11.24","5.97","0"
"1223","PL","43","mobile","0","10","1153","115","26","13.33","5.54","0"
"3407","CZ","43","mobile","0","13","1155","89","19","15.52","6.63","0"
"790","SK","62","desktop","0","12","1156","96","27","13.41","6.26","0"
"4420","UA","19","desktop","0","9","1156","128","26","11.28","6.62","0"
"2353","SK","47","desktop","0","12","1156","96","25","14.51","6.24","0"
"1014","SK","64","mobile","0","9","1156","128","36","16.09","5.97","0"
"119","UA","68","desktop","1","11","1157","105","20","11.49","5.6","0"
"3734","UA","21","mobile","0","12","1158","97","20","9.48","6.85","0"
"3603","UA","69","desktop","0","11","1158","105","28","10.37","5.93","0"
"4094","CZ","45","mobile","0","10","1158","116","25","13.21","6.16","0"
"4870","PL","49","desktop","0","11","1159","105","29","15.46","5.48","0"
"4528","PL","59","desktop","0","12","1163","97","22","14.15","6.09","0"
"3278","UA","41","mobile","0","9","1163","129","20","13.66","6.0","0"
"2756","UA","54","mobile","0","13","1165","90","25","11.61","6.0","0"
"505","UA","69","mobile","1","14","1165","83","30","10.31","5.8","0"
"4263","PL","50","desktop","0","11","1165","106","29","17.3","5.79","0"
"2163","UA","68","mobile","1","11","1166","106","32","13.21","5.72","0"
"2915","PL","48","mobile","0","15","1169","78","29","10.25","5.76","0"
"2302","UA","46","mobile","0","16","1169","73","28","16.61","5.93","0"
"955","UA","67","tablet","0","9","1169","130","21","16.03","5.71","0"
"2895","UA","59","mobile","0","14","1169","84","25","12.74","5.6","0"
"3093","SK","36","mobile","1","11","1169","106","34","13.29","6.53","0"
"2130","PL","36","mobile","0","14","1169","84","29","15.19","5.93","0"
"2092","PL","56","desktop","1","13","1170","90","21","16.24","5.86","0"
"1406","UA","29","desktop","0","16","1171","73","21","10.06","6.57","0"
"4946","UA","52","mobile","0","11","1172","107","16","8.66","6.0","0"
"3673","UA","35","mobile","0","12","1173","98","27","9.33","6.44","0"
"2231","CZ","50","mobile","0","16","1174","73","20","17.24","5.7","0"
"2031","HU","48","mobile","0","9","1176","131","23","12.1","6.3","0"
"804","CZ","32","mobile","0","14","1176","84","35","13.98","6.14","0"
"4975","CZ","65","desktop","0","12","1177","98","29","13.52","6.14","0"
"1828","UA","64","mobile","1","13","1178","91","22","13.78","5.95","0"
"3387","UA","60","mobile","0","16","1178","74","27","9.61","6.7","0"
"3779","UA","32","desktop","0","13","1179","91","19","10.31","6.37","1"
"534","SK","34","desktop","1","13","1179","91","19","14.67","5.84","0"
"679","UA","64","desktop","0","11","1180","107","26","14.29","6.19","0"
"4630","UA","37","mobile","0","14","1181","84","22","9.52","5.68","0"
"4502","HU","33","desktop","0","15","1181","79","24","8.57","5.79","1"
"1895","UA","64","mobile","1","10","1183","118","22","13.42","5.32","0"
"2935","UA","64","mobile","0","14","1184","85","21","12.23","6.14","0"
"1145","HU","57","desktop","1","14","1187","85","21","12.56","5.43","0"
"291","SK","39","mobile","0","17","1190","70","24","11.25","5.79","0"
"4039","PL","55","desktop","0","12","1190","99","18","15.55","6.11","0"
"4316","UA","69","tablet","0","10","1191","119","26","16.58","5.08","1"
"1483","CZ","25","mobile","0","15","1191","79","21","12.95","5.62","0"
"4283","HU","24","desktop","1","12","1191","99","21","13.09","5.81","0"
"2820","UA","66","desktop","1","15","1193","80","15","11.43","6.13","1"
"2857","UA","20","desktop","0","14","1193","85","24","11.35","5.29","0"
"3550","UA","39","mobile","0","12","1193","99","29","12.61","5.62","0"
"3179","CZ","23","mobile","1","16","1194","75","18","15.78","5.39","0"
"2656","SK","31","mobile","0","13","1194","92","19","10.2","5.37","1"
"2490","CZ","35","desktop","0","15","1195","80","25","9.88","5.56","1"
"3095","SK","52","mobile","0","10","1198","120","19","20.81","6.32","0"
"1376","PL","51","mobile","0","12","1198","100","25","14.88","6.32","0"
"2420","SK","20","tablet","0","16","1201","75","22","11.76","5.82","0"
"4483","UA","46","mobile","1","16","1203","75","29","15.33","5.69","0"
"3595","HU","59","desktop","0","13","1203","93","24","11.33","5.83","0"
"2752","UA","47","mobile","1","12","1203","100","27","11.43","6.56","0"
"3287","SK","41","desktop","0","11","1208","110","20","17.91","6.1","0"
"4079","CZ","18","desktop","0","10","1208","121","21","16.22","6.05","0"
"4378","UA","68","mobile","1","12","1211","101","22","9.27","6.18","1"
"1173","UA","33","desktop","0","14","1212","87","23","12.8","5.78","0"
"556","SK","38","desktop","0","16","1213","76","23","13.62","5.78","0"
"932","UA","22","desktop","0","10","1213","121","19","12.78","6.0","0"
"101","CZ","26","mobile","0","12","1214","101","19","12.89","6.63","0"
"4735","UA","46","mobile","0","12","1215","101","16","13.04","5.94","0"
"3893","HU","32","mobile","0","14","1216","87","14","13.31","7.14","0"
"1790","UA","46","mobile","1","11","1216","111","19","13.27","6.21","0"
"4415","UA","35","mobile","0","14","1216","87","24","11.77","5.46","0"
"3013","UA","63","desktop","1","11","1217","111","24","12.53","5.79","0"
"240","UA","19","mobile","0","13","1220","94","26","13.19","6.0","0"
"1257","UA","27","mobile","0","15","1221","81","27","13.26","6.26","0"
"522","PL","38","mobile","0","13","1222","94","23","13.22","5.39","0"
"1969","UA","49","mobile","0","15","1223","82","27","18.24","5.74","0"
"390","UA","67","mobile","0","15","1223","82","31","15.35","6.81","0"
"2267","PL","24","desktop","1","13","1225","94","21","13.9","5.57","1"
"4321","SK","22","mobile","0","11","1225","111","28","15.95","6.32","0"
"2918","UA","41","tablet","0","15","1227","82","14","10.95","5.57","0"
"4714","CZ","49","desktop","0","17","1230","72","28","11.96","6.14","0"
"4571","PL","63","desktop","0","17","1230","72","27","12.91","6.0","0"
"4238","PL","30","mobile","0","12","1231","103","27","10.3","6.56","0"
"875","HU","31","mobile","0","13","1232","95","23","14.87","6.35","0"
"230","UA","45","tablet","0","15","1234","82","17","11.55","5.35","0"
"1725","UA","38","tablet","0","14","1234","88","27","11.1","6.78","0"
"2538","UA","28","mobile","1","13","1235","95","24","15.88","5.83","0"
"4973","UA","59","mobile","1","10","1238","124","18","17.93","5.83","0"
"4711","UA","22","mobile","0","10","1239","124","14","8.28","5.21","0"
"2241","UA","63","desktop","0","13","1242","96","22","14.78","6.41","0"
"1659","HU","59","mobile","0","11","1242","113","14","19.6","5.36","0"
"4440","PL","62","desktop","0","14","1243","89","27","11.51","5.44","0"
"393","PL","57","desktop","0","11","1243","113","35","14.37","5.23","1"
"3942","UA","22","desktop","0","12","1243","104","29","10.99","5.93","0"
"441","CZ","66","mobile","1","12","1248","104","19","11.02","5.84","0"
"2390","UA","61","desktop","0","15","1250","83","22","9.95","5.95","0"
"4684","UA","66","mobile","0","12","1253","104","28","13.71","6.07","0"
"3490","CZ","41","mobile","0","12","1254","105","23","9.13","6.43","0"
"2702","HU","38","tablet","0","15","1255","84","35","12.59","6.11","0"
"1308","HU","68","mobile","0","15","1257","84","17","8.54","7.12","0"
"2655","SK","28","tablet","0","14","1258","90","31","10.86","6.26","0"
"3850","UA","48","desktop","0","9","1259","140","32","9.62","5.84","0"
"2282","CZ","43","mobile","0","13","1261","97","22","9.5","6.0","0"
"28","UA","18","desktop","1","15","1266","84","22","14.56","5.86","0"
"3257","HU","19","desktop","0","20","1268","63","27","10.39","6.41","0"
"121","PL","34","desktop","1","16","1269","79","22","14.05","5.27","0"
"238","UA","39","mobile","0","12","1271","106","25","11.66","6.08","0"
"3372","UA","42","mobile","0","14","1276","91","19","11.08","6.05","1"
"806","SK","49","desktop","0","11","1278","116","15","9.86","5.67","0"
"4303","HU","63","tablet","0","17","1279","75","31","10.39","6.1","0"
"3117","HU","63","desktop","1","14","1280","91","21","15.45","5.71","0"
"4081","PL","66","mobile","0","16","1282","80","24","13.4","6.08","0"
"4823","SK","30","mobile","0","17","1283","75","29","14.62","5.31","0"
"436","PL","26","mobile","0","11","1284","117","26","13.66","6.58","0"
"4815","SK","60","desktop","0","11","1284","117","12","11.08","5.0","0"
"1346","SK","63","desktop","1","12","1286","107","34","13.77","5.88","0"
"4342","PL","45","mobile","0","14","1287","92","16","16.39","6.44","0"
"1554","SK","21","desktop","0","12","1287","107","25","9.89","6.32","0"
"4462","HU","55","desktop","0","10","1288","129","18","14.49","5.61","0"
"2477","UA","43","mobile","0","10","1292","129","22","12.63","5.95","0"
"3269","SK","27","mobile","1","17","1295","76","17","12.01","5.94","0"
"2035","CZ","33","desktop","0","16","1296","81","21","10.84","6.52","1"
"3943","UA","48","mobile","0","13","1299","100","29","11.38","6.03","0"
"811","CZ","54","mobile","0","14","1303","93","22","11.26","6.5","0"
"4460","SK","19","mobile","0","10","1304","130","28","14.08","6.0","0"
"3572","PL","67","mobile","1","14","1309","94","24","12.2","6.46","0"
"1384","HU","27","mobile","0","13","1310","101","23","12.54","6.39","0"
"1543","CZ","42","mobile","0","12","1312","109","23","13.82","5.96","0"
"1428","UA","63","desktop","0","13","1317","101","26","13.75","6.15","0"
"2249","UA","68","mobile","1","13","1317","101","24","11.7","5.46","0"
"621","UA","30","mobile","0","14","1320","94","33","11.52","6.15","0"
"3487","SK","55","desktop","1","16","1324","83","17","15.54","5.41","1"
"2974","SK","52","mobile","1","9","1328","148","18","15.51","6.22","0"
"3295","PL","47","desktop","0","17","1339","79","25","10.37","6.84","0"
"4539","CZ","40","desktop","1","11","1341","122","29","13.0","6.0","0"
"646","UA","18","desktop","0","13","1342","103","21","12.79","5.57","1"
"4662","PL","67","desktop","1","13","1345","103","21","9.69","6.0","1"
"3811","PL","67","tablet","0","13","1351","104","23","12.81","6.09","0"
"1352","PL","18","tablet","0","13","1357","104","29","10.89","5.86","0"
"1566","SK","52","desktop","0","14","1359","97","29","12.0","6.34","0"
"2926","CZ","32","mobile","0","17","1366","80","19","14.17","6.68","0"
"3332","UA","36","desktop","0","15","1370","91","29","12.03","6.41","0"
"2415","CZ","56","mobile","0","16","1371","86","25","15.57","6.24","0"
"1480","UA","56","mobile","0","13","1373","106","31","12.89","6.13","0"
"733","UA","46","mobile","0","12","1376","115","25","11.64","6.12","0"
"4028","HU","22","mobile","0","13","1379","106","26","13.06","5.35","0"
"2848","UA","42","tablet","1","14","1379","99","21","13.24","5.71","0"
"4400","UA","35","mobile","1","16","1381","86","27","10.97","6.37","0"
"1685","UA","40","desktop","0","13","1389","107","19","12.96","5.79","0"
"1148","UA","34","mobile","0","13","1391","107","26","13.66","6.0","0"
"4215","SK","54","mobile","0","17","1404","83","21","8.12","5.71","0"
"1300","SK","57","mobile","1","16","1408","88","19","9.79","5.63","0"
"1621","SK","59","mobile","0","12","1411","118","20","15.02","6.25","0"
"2368","UA","61","desktop","0","14","1412","101","29","13.84","6.31","0"
"4458","UA","60","desktop","0","11","1421","129","32","12.57","5.75","0"
"437","UA","23","mobile","0","12","1426","119","19","9.36","5.42","1"
"450","CZ","55","mobile","0","16","1443","90","27","20.59","5.89","0"
"2079","CZ","39","mobile","0","14","1444","103","24","12.6","5.67","0"
"2154","PL","40","mobile","1","12","1447","121","26","10.41","5.58","1"
"3707","SK","49","mobile","1","13","1449","111","23","12.15","5.26","0"
"1269","CZ","61","mobile","0","14","1480","106","23","12.34","5.65","0"
"4015","UA","36","mobile","0","18","1483","82","34","13.62","6.09","0"
"3675","UA","54","mobile","1","17","1485","87","25","6.28","5.96","0"
"433","UA","63","tablet","1","16","1489","93","31","11.16","6.0","0"
"4340","SK","52","tablet","0","14","1527","109","27","12.12","6.33","0"
"725","UA","56","mobile","0","17","1530","90","29","11.69","6.17","0"
"1921","SK","28","mobile","1","14","1545","110","25","13.61","6.32","0"
"369","CZ","67","mobile","0","15","1545","103","32","13.0","6.03","0"
"1700","PL","47","desktop","0","15","1556","104","22","10.27","5.64","0"
"1738","SK","35","mobile","0","16","1564","98","21","15.58","6.67","0"
"3753","HU","52","tablet","1","14","1585","113","30","14.2","6.07","0"
"304","UA","36","mobile","0","15","1645","110","32","14.23","6.13","0"
"3288","CZ","26","desktop","0","16","1647","103","30","18.3","5.93","0"
"4840","SK","35","mobile","0","19","1815","96","25","11.66","5.72","0"
"2223","CZ","67","mobile","1","18","1931","107","27","12.65","6.3","0"
