customer_id,age,country,device,premium_user,signup_date
1,57,UA,desktop,0,2024-04-12
2,22,UA,mobile,0,2025-03-11
3,38,PL,tablet,0,2026-05-10
4,31,HU,mobile,1,2024-09-27
5,21,SK,desktop,0,2024-04-16
6,40,SK,desktop,0,2024-03-12
7,59,CZ,mobile,0,2025-12-01
8,37,UA,mobile,1,2024-01-21
9,32,UA,mobile,0,2025-09-06
10,67,HU,mobile,0,2024-05-01
11,69,UA,tablet,0,2025-04-11
12,62,UA,tablet,0,2024-08-02
13,46,CZ,tablet,0,2024-11-26
14,25,UA,desktop,0,2025-04-03
15,58,UA,mobile,0,2024-03-28
16,65,HU,tablet,1,2025-01-07
17,36,SK,tablet,1,2024-04-09
18,65,UA,mobile,0,2026-05-21
19,56,HU,mobile,0,2025-10-25
20,63,CZ,mobile,0,2024-05-10
21,45,CZ,mobile,0,2025-10-23
22,63,UA,mobile,0,2024-11-04
23,44,UA,tablet,1,2026-02-08
24,21,CZ,tablet,0,2024-12-09
25,32,SK,mobile,0,2025-05-06
26,52,CZ,mobile,0,2025-02-17
27,54,UA,desktop,1,2026-03-16
28,18,UA,desktop,1,2025-01-20
29,20,SK,mobile,0,2024-07-10
30,64,UA,desktop,0,2024-10-03
31,41,PL,desktop,0,2024-06-09
32,44,UA,tablet,0,2025-04-04
33,57,UA,mobile,0,2024-11-09
34,53,CZ,mobile,1,2024-01-22
35,51,CZ,tablet,0,2024-09-09
36,46,UA,mobile,0,2026-01-17
37,41,UA,desktop,0,2026-05-06
38,41,SK,mobile,0,2025-07-14
39,59,UA,mobile,0,2025-04-19
40,21,PL,mobile,0,2024-02-28
41,20,HU,mobile,0,2025-05-25
42,51,UA,tablet,0,2025-11-12
43,66,HU,mobile,1,2025-04-20
44,40,UA,desktop,0,2025-11-30
45,70,PL,desktop,0,2026-02-21
46,69,UA,mobile,0,2024-07-08
47,40,HU,desktop,0,2025-11-17
48,62,UA,mobile,1,2025-07-16
49,22,UA,desktop,0,2026-05-25
50,48,HU,desktop,0,2025-07-20
51,70,PL,mobile,1,2024-08-31
52,58,PL,mobile,1,2026-04-11
53,23,UA,desktop,0,2025-05-19
54,54,CZ,tablet,0,2024-05-10
55,27,UA,mobile,0,2025-04-29
56,57,UA,desktop,0,2026-03-29
57,24,PL,mobile,0,2025-10-08
58,56,UA,desktop,0,2024-01-21
59,55,HU,mobile,0,2026-04-20
60,38,HU,desktop,0,2024-06-15
61,37,CZ,mobile,1,2024-09-30
62,20,SK,desktop,1,2025-01-22
63,68,CZ,desktop,0,2025-08-23
64,39,UA,desktop,0,2024-11-11
65,64,SK,desktop,0,2024-01-14
66,21,UA,mobile,1,2024-08-29
67,45,UA,desktop,1,2026-02-15
68,29,SK,desktop,1,2024-12-11
69,55,PL,tablet,1,2025-07-18
70,68,SK,mobile,0,2026-06-16
71,53,UA,mobile,1,2024-12-05
72,64,CZ,mobile,0,2024-04-01
73,58,UA,mobile,0,2025-01-01
74,22,CZ,mobile,0,2025-03-30
75,30,SK,desktop,0,2025-03-03
76,40,PL,desktop,1,2025-05-23
77,67,UA,tablet,0,2026-02-14
78,47,UA,mobile,1,2024-02-04
79,54,UA,mobile,0,2024-07-24
80,42,CZ,desktop,0,2024-03-21
81,65,HU,mobile,0,2025-07-15
82,44,UA,mobile,0,2026-05-21
83,68,CZ,desktop,0,2025-01-22
84,31,SK,mobile,0,2024-01-02
85,65,PL,mobile,1,2025-01-24
86,64,CZ,desktop,0,2025-07-19
87,53,SK,mobile,0,2024-04-15
88,56,UA,desktop,1,2026-02-10
89,33,UA,mobile,0,2026-04-01
90,39,UA,desktop,0,2025-04-21
91,38,HU,mobile,0,2025-12-03
92,38,HU,desktop,0,2025-02-05
93,25,SK,mobile,0,2025-12-30
94,66,UA,desktop,0,2025-07-09
95,33,PL,mobile,0,2024-06-10
96,48,UA,mobile,0,2024-07-20
97,59,UA,desktop,0,2024-09-26
98,27,CZ,mobile,0,2026-05-12
99,49,HU,mobile,1,2026-03-26
100,51,HU,mobile,0,2024-09-27
101,26,CZ,mobile,0,2025-03-31
102,34,UA,mobile,1,2025-04-06
103,28,UA,mobile,1,2025-12-27
104,49,UA,mobile,1,2024-09-08
105,27,SK,desktop,1,2025-12-02
106,39,SK,mobile,0,2024-10-22
107,34,UA,mobile,0,2025-12-25
108,21,UA,tablet,0,2025-12-20
109,65,UA,desktop,0,2026-01-18
110,69,UA,mobile,0,2024-12-03
111,64,PL,mobile,0,2026-05-28
112,42,UA,tablet,1,2024-02-22
113,38,PL,mobile,0,2026-03-02
114,54,SK,mobile,0,2024-08-04
115,55,PL,mobile,0,2026-02-02
116,66,UA,desktop,0,2024-07-06
117,18,UA,mobile,1,2025-01-14
118,42,PL,desktop,1,2025-05-07
119,68,UA,desktop,1,2024-02-10
120,53,UA,mobile,0,2024-06-05
121,34,PL,desktop,1,2024-01-15
122,58,PL,mobile,0,2026-03-23
123,41,SK,desktop,1,2024-03-05
124,19,UA,mobile,0,2026-05-06
125,57,SK,mobile,0,2026-04-18
126,32,UA,mobile,1,2025-06-04
127,49,UA,mobile,0,2024-12-09
128,56,PL,mobile,1,2024-05-08
129,23,PL,mobile,0,2025-10-09
130,18,HU,mobile,1,2025-04-16
131,64,CZ,desktop,1,2024-03-03
132,40,HU,mobile,0,2024-05-18
133,56,HU,desktop,0,2025-05-13
134,34,CZ,mobile,0,2025-08-15
135,51,PL,mobile,1,2025-01-26
136,58,PL,mobile,0,2025-11-05
137,46,HU,mobile,0,2025-02-22
138,26,SK,desktop,0,2024-10-15
139,30,UA,mobile,0,2025-01-13
140,23,SK,tablet,0,2026-02-11
141,23,UA,tablet,0,2025-05-04
142,37,PL,mobile,1,2024-08-18
143,69,UA,desktop,0,2024-02-10
144,70,CZ,mobile,0,2024-01-28
145,20,SK,mobile,0,2024-05-14
146,34,UA,desktop,0,2024-07-19
147,66,UA,mobile,1,2026-04-19
148,29,UA,mobile,0,2026-02-18
149,65,CZ,mobile,0,2024-02-02
150,64,UA,mobile,0,2024-02-17
151,62,UA,mobile,1,2025-05-17
152,18,UA,mobile,1,2025-02-10
153,34,PL,mobile,0,2025-07-27
154,20,UA,mobile,0,2025-12-28
155,43,CZ,desktop,0,2026-03-15
156,32,UA,mobile,0,2024-04-08
157,53,CZ,desktop,0,2025-11-14
158,49,UA,desktop,1,2026-05-21
159,49,PL,desktop,1,2025-12-26
160,21,UA,desktop,1,2025-06-30
161,35,CZ,mobile,0,2026-01-08
162,66,HU,mobile,0,2025-09-04
163,36,HU,mobile,0,2025-04-06
164,60,PL,tablet,0,2025-10-04
165,69,PL,desktop,0,2026-02-07
166,52,SK,mobile,0,2024-01-05
167,57,CZ,mobile,0,2024-08-05
168,31,UA,tablet,0,2025-05-17
169,50,SK,mobile,0,2026-02-05
170,31,PL,mobile,0,2025-02-01
171,51,UA,mobile,0,2026-05-20
172,21,UA,tablet,0,2026-03-05
173,41,UA,mobile,0,2025-01-27
174,46,PL,mobile,0,2024-07-25
175,36,UA,desktop,1,2024-01-15
176,23,UA,mobile,1,2026-05-07
177,50,UA,desktop,1,2025-07-07
178,66,PL,mobile,0,2026-06-10
179,57,CZ,mobile,0,2025-04-05
180,36,UA,desktop,0,2025-11-21
181,70,UA,tablet,0,2025-07-28
182,18,UA,mobile,0,2026-05-13
183,22,HU,mobile,0,2026-01-12
184,44,PL,desktop,0,2024-08-28
185,33,PL,mobile,1,2025-07-17
186,23,UA,tablet,0,2024-04-05
187,57,CZ,tablet,0,2026-06-18
188,30,PL,mobile,1,2026-01-03
189,65,UA,tablet,1,2025-04-29
190,52,UA,mobile,0,2025-02-10
191,36,UA,desktop,1,2024-08-18
192,29,SK,mobile,0,2026-01-18
193,33,SK,desktop,0,2025-10-16
194,60,CZ,desktop,0,2024-06-19
195,27,CZ,desktop,0,2025-06-24
196,42,UA,tablet,0,2024-02-05
197,37,PL,mobile,0,2025-06-08
198,48,CZ,mobile,0,2024-06-08
199,21,UA,desktop,0,2026-04-18
200,61,SK,desktop,0,2025-11-29
201,40,UA,tablet,1,2024-08-30
202,19,UA,tablet,0,2024-03-26
203,39,CZ,mobile,0,2026-03-06
204,68,CZ,mobile,0,2025-07-31
205,54,CZ,mobile,0,2025-11-12
206,25,UA,desktop,0,2025-07-10
207,24,SK,mobile,0,2025-07-27
208,31,PL,desktop,1,2025-10-07
209,20,PL,mobile,0,2026-03-06
210,67,HU,mobile,0,2024-01-28
211,33,CZ,mobile,0,2025-09-11
212,36,UA,mobile,0,2025-07-09
213,68,SK,desktop,0,2024-12-05
214,35,UA,mobile,1,2026-03-08
215,69,UA,mobile,1,2024-11-26
216,33,UA,mobile,0,2025-10-01
217,25,HU,desktop,0,2025-05-20
218,50,UA,desktop,1,2024-12-13
219,66,CZ,mobile,0,2025-04-17
220,29,UA,desktop,0,2024-08-18
221,70,CZ,mobile,1,2024-07-08
222,28,PL,mobile,0,2024-08-12
223,22,CZ,desktop,0,2025-01-19
224,44,UA,mobile,0,2025-01-11
225,29,CZ,desktop,0,2024-10-09
226,34,HU,mobile,0,2025-09-24
227,23,CZ,tablet,1,2025-09-19
228,50,PL,mobile,0,2026-01-14
229,22,HU,desktop,0,2024-09-15
230,45,UA,tablet,0,2024-12-24
231,31,CZ,mobile,0,2025-12-10
232,22,SK,mobile,0,2025-03-31
233,50,UA,mobile,1,2025-02-14
234,67,PL,desktop,0,2025-10-10
235,65,UA,mobile,0,2024-11-13
236,58,PL,mobile,0,2025-11-07
237,36,CZ,desktop,1,2024-08-12
238,39,UA,mobile,0,2026-03-29
239,22,PL,desktop,0,2024-08-21
240,19,UA,mobile,0,2025-11-14
241,47,UA,mobile,0,2025-10-25
242,64,UA,desktop,1,2026-04-06
243,56,SK,desktop,0,2025-01-08
244,21,UA,mobile,0,2025-11-02
245,50,SK,mobile,1,2025-08-30
246,30,PL,mobile,1,2025-04-16
247,37,UA,mobile,0,2024-08-20
248,24,CZ,mobile,0,2025-11-22
249,32,PL,mobile,0,2024-04-22
250,40,PL,desktop,0,2026-04-09
251,31,UA,desktop,1,2025-05-11
252,40,UA,mobile,1,2025-03-17
253,36,UA,mobile,0,2025-07-17
254,46,UA,mobile,0,2024-09-24
255,37,UA,mobile,0,2025-05-24
256,46,UA,tablet,0,2026-03-17
257,41,UA,desktop,1,2025-01-20
258,35,UA,desktop,0,2025-01-21
259,27,UA,desktop,0,2024-04-22
260,58,UA,mobile,0,2025-09-04
261,25,HU,mobile,1,2025-09-16
262,43,UA,desktop,0,2024-03-21
263,46,CZ,mobile,1,2025-11-29
264,27,UA,desktop,1,2024-04-22
265,34,HU,desktop,0,2024-01-02
266,19,UA,desktop,0,2025-10-03
267,23,HU,mobile,0,2024-08-07
268,22,CZ,mobile,0,2025-07-19
269,45,UA,desktop,1,2026-05-04
270,58,SK,desktop,0,2026-01-05
271,22,PL,desktop,0,2024-08-12
272,35,UA,tablet,0,2025-01-19
273,43,SK,mobile,0,2025-02-06
274,37,HU,mobile,0,2025-09-29
275,58,PL,mobile,0,2024-05-09
276,66,UA,mobile,0,2024-02-22
277,44,SK,tablet,0,2025-11-14
278,66,CZ,tablet,0,2025-12-30
279,29,SK,mobile,0,2025-11-02
280,24,CZ,mobile,0,2025-12-10
281,20,UA,mobile,1,2025-02-19
282,27,HU,desktop,0,2024-09-03
283,51,UA,mobile,0,2026-04-15
284,42,UA,mobile,0,2025-03-14
285,52,PL,mobile,0,2024-07-21
286,33,PL,mobile,0,2024-07-02
287,19,UA,tablet,1,2024-05-02
288,41,SK,mobile,0,2025-02-04
289,27,UA,mobile,0,2026-02-05
290,55,UA,mobile,0,2024-10-20
291,39,SK,mobile,0,2024-10-06
292,43,UA,desktop,0,2026-04-16
293,60,UA,mobile,0,2026-06-02
294,56,UA,mobile,1,2025-09-01
295,44,HU,desktop,0,2024-07-16
296,46,UA,mobile,0,2025-05-25
297,64,UA,desktop,1,2026-01-21
298,55,PL,mobile,1,2024-05-23
299,37,PL,mobile,1,2025-08-31
300,44,UA,desktop,0,2024-07-19
301,58,PL,desktop,0,2024-05-03
302,37,UA,desktop,1,2024-07-05
303,61,HU,mobile,0,2024-11-21
304,36,UA,mobile,0,2025-04-08
305,37,UA,mobile,0,2024-12-14
306,52,UA,mobile,0,2026-02-09
307,64,UA,desktop,1,2025-10-21
308,19,CZ,mobile,1,2026-02-02
309,47,UA,mobile,1,2025-02-06
310,70,UA,desktop,0,2024-12-11
311,51,CZ,mobile,0,2025-05-25
312,39,PL,desktop,1,2024-05-26
313,20,UA,mobile,1,2024-05-27
314,23,UA,mobile,0,2026-05-13
315,32,UA,tablet,0,2025-12-11
316,44,UA,mobile,1,2026-03-30
317,27,UA,mobile,0,2025-05-03
318,26,PL,desktop,0,2025-10-01
319,50,SK,tablet,0,2025-07-04
320,49,UA,tablet,0,2024-12-03
321,65,UA,desktop,1,2026-05-21
322,23,UA,mobile,0,2025-10-02
323,58,UA,tablet,0,2026-02-17
324,53,UA,desktop,0,2025-04-17
325,19,HU,mobile,0,2024-05-30
326,46,CZ,desktop,0,2025-02-18
327,21,HU,mobile,1,2024-10-24
328,18,SK,mobile,0,2025-09-02
329,36,PL,desktop,0,2024-09-19
330,43,PL,mobile,0,2026-02-02
331,42,UA,mobile,0,2024-05-23
332,27,PL,mobile,0,2024-12-11
333,70,HU,desktop,0,2025-09-15
334,32,UA,mobile,0,2025-07-25
335,39,SK,mobile,0,2026-05-30
336,68,UA,desktop,0,2024-01-02
337,65,SK,desktop,1,2026-06-15
338,38,HU,mobile,1,2024-10-30
339,39,CZ,desktop,0,2024-09-10
340,53,CZ,desktop,0,2025-10-13
341,51,PL,desktop,1,2025-03-28
342,47,SK,mobile,0,2024-02-06
343,42,HU,desktop,1,2024-06-08
344,62,SK,mobile,0,2024-01-09
345,45,CZ,mobile,0,2024-08-20
346,18,CZ,mobile,1,2024-04-08
347,66,SK,desktop,0,2025-10-20
348,62,PL,mobile,0,2026-03-26
349,21,SK,mobile,1,2024-07-26
350,24,PL,desktop,0,2024-05-10
351,66,UA,desktop,0,2025-02-07
352,26,UA,desktop,0,2024-05-31
353,53,PL,mobile,0,2024-02-23
354,36,UA,mobile,1,2024-04-29
355,18,UA,desktop,1,2025-11-03
356,27,PL,mobile,1,2025-09-19
357,53,UA,desktop,0,2025-08-09
358,26,UA,mobile,0,2025-09-16
359,62,CZ,tablet,1,2025-02-23
360,63,HU,mobile,1,2025-02-25
361,59,CZ,mobile,1,2024-04-13
362,49,HU,desktop,0,2026-05-01
363,49,CZ,mobile,1,2024-09-10
364,23,UA,mobile,0,2024-08-14
365,65,CZ,desktop,0,2024-04-21
366,55,CZ,mobile,0,2025-05-24
367,34,UA,mobile,0,2025-04-17
368,27,UA,mobile,0,2024-04-08
369,67,CZ,mobile,0,2024-06-01
370,44,UA,mobile,0,2026-05-10
371,67,CZ,desktop,0,2026-06-14
372,52,UA,desktop,0,2026-05-27
373,69,PL,mobile,1,2024-12-03
374,38,PL,mobile,0,2025-12-06
375,42,UA,tablet,0,2026-04-01
376,45,UA,tablet,0,2024-06-11
377,64,CZ,mobile,0,2025-12-20
378,32,SK,desktop,1,2025-11-11
379,21,SK,desktop,1,2024-06-09
380,46,PL,mobile,1,2025-08-02
381,26,CZ,mobile,0,2026-03-11
382,44,UA,mobile,0,2025-02-01
383,43,UA,desktop,0,2024-10-03
384,36,UA,desktop,0,2026-03-26
385,45,PL,desktop,0,2025-05-18
386,34,UA,mobile,0,2026-06-14
387,60,UA,desktop,0,2025-01-26
388,58,CZ,desktop,1,2024-05-14
389,59,CZ,desktop,1,2024-07-13
390,67,UA,mobile,0,2025-02-04
391,37,UA,desktop,0,2025-10-01
392,62,PL,mobile,1,2024-02-02
393,57,PL,desktop,0,2025-11-18
394,56,CZ,desktop,1,2025-04-04
395,66,UA,mobile,0,2026-06-01
396,70,CZ,desktop,1,2025-04-14
397,40,SK,mobile,0,2025-01-09
398,64,UA,desktop,0,2024-01-22
399,49,HU,mobile,0,2026-01-19
400,69,UA,desktop,0,2025-10-31
401,64,UA,tablet,1,2024-02-07
402,50,PL,mobile,0,2024-08-17
403,63,UA,mobile,0,2024-12-30
404,22,UA,mobile,0,2025-07-16
405,60,UA,mobile,1,2025-03-13
406,65,SK,desktop,1,2026-02-14
407,51,HU,desktop,0,2024-10-09
408,57,CZ,tablet,0,2024-01-27
409,28,UA,desktop,0,2024-08-13
410,67,CZ,mobile,0,2024-10-03
411,20,CZ,desktop,0,2026-03-08
412,50,SK,desktop,0,2025-08-31
413,28,SK,mobile,1,2024-10-10
414,33,SK,mobile,0,2026-05-28
415,35,UA,mobile,1,2025-04-25
416,47,CZ,desktop,0,2025-03-28
417,65,UA,desktop,0,2026-04-08
418,27,HU,desktop,0,2026-03-26
419,35,UA,mobile,0,2025-10-20
420,55,UA,tablet,0,2025-05-30
421,36,UA,mobile,1,2025-06-30
422,53,SK,desktop,0,2024-07-10
423,30,PL,mobile,0,2024-02-18
424,63,PL,mobile,1,2025-05-26
425,20,HU,desktop,0,2024-01-17
426,27,HU,tablet,0,2024-06-20
427,55,UA,mobile,0,2024-08-07
428,18,UA,mobile,1,2024-06-06
429,44,SK,mobile,1,2025-04-21
430,63,HU,mobile,0,2024-02-15
431,25,PL,mobile,0,2025-01-07
432,68,CZ,desktop,1,2025-06-01
433,63,UA,tablet,1,2024-04-08
434,59,SK,mobile,0,2026-06-10
435,34,CZ,desktop,1,2026-01-14
436,26,PL,mobile,0,2024-02-06
437,23,UA,mobile,0,2024-10-06
438,60,HU,mobile,0,2024-12-14
439,42,CZ,desktop,0,2025-05-11
440,56,UA,mobile,0,2024-10-28
441,66,CZ,mobile,1,2024-06-29
442,45,CZ,mobile,0,2025-08-29
443,50,PL,mobile,0,2024-04-08
444,54,CZ,mobile,0,2025-11-30
445,26,PL,desktop,1,2024-04-25
446,35,HU,desktop,1,2024-07-09
447,38,UA,desktop,0,2024-09-09
448,19,UA,mobile,0,2024-06-09
449,60,UA,mobile,0,2024-09-12
450,55,CZ,mobile,0,2024-11-18
451,57,CZ,mobile,0,2024-05-07
452,53,SK,desktop,0,2024-01-18
453,67,CZ,mobile,1,2026-03-03
454,60,PL,mobile,0,2026-01-04
455,54,HU,desktop,0,2025-07-19
456,32,UA,mobile,0,2025-07-23
457,45,SK,tablet,0,2024-11-18
458,35,PL,mobile,0,2026-05-21
459,51,CZ,desktop,0,2025-11-16
460,39,CZ,mobile,1,2026-03-02
461,28,CZ,tablet,0,2025-09-17
462,30,UA,mobile,0,2024-10-14
463,21,PL,desktop,0,2026-05-03
464,39,PL,mobile,1,2025-10-24
465,24,SK,desktop,0,2025-09-30
466,60,PL,mobile,1,2024-06-03
467,41,HU,mobile,0,2025-05-04
468,21,PL,desktop,0,2025-01-20
469,45,PL,tablet,0,2026-02-23
470,32,SK,mobile,0,2024-04-13
471,18,PL,desktop,0,2025-01-27
472,20,HU,mobile,0,2026-03-21
473,31,CZ,desktop,1,2024-09-02
474,55,PL,desktop,0,2024-06-24
475,67,UA,mobile,0,2024-02-08
476,18,UA,desktop,0,2025-04-21
477,55,UA,desktop,0,2025-11-12
478,55,CZ,mobile,0,2026-01-28
479,38,UA,desktop,0,2025-06-21
480,65,UA,mobile,0,2026-05-16
481,46,UA,desktop,0,2026-03-28
482,22,UA,desktop,0,2025-02-11
483,66,UA,mobile,0,2025-06-08
484,27,SK,desktop,0,2026-04-07
485,45,SK,desktop,1,2025-05-20
486,38,CZ,desktop,1,2026-04-04
487,67,SK,mobile,0,2024-02-05
488,24,UA,mobile,1,2025-11-15
489,20,SK,desktop,1,2024-01-20
490,62,UA,mobile,0,2024-11-16
491,64,UA,mobile,0,2026-02-14
492,37,PL,desktop,0,2025-05-26
493,36,UA,mobile,1,2025-02-03
494,52,CZ,desktop,0,2025-10-15
495,21,UA,desktop,0,2026-06-01
496,22,SK,desktop,0,2025-04-15
497,18,PL,mobile,1,2024-05-22
498,21,UA,mobile,0,2024-04-01
499,29,CZ,mobile,1,2024-12-19
500,44,UA,desktop,1,2026-04-13
501,59,PL,mobile,0,2026-03-10
502,40,UA,tablet,0,2025-12-27
503,42,CZ,desktop,0,2026-05-03
504,38,CZ,desktop,1,2024-02-20
505,69,UA,mobile,1,2025-10-26
506,41,HU,mobile,1,2025-11-28
507,42,SK,tablet,0,2025-07-28
508,62,CZ,mobile,0,2024-07-08
509,63,CZ,mobile,0,2024-05-04
510,49,UA,mobile,0,2024-05-29
511,49,CZ,tablet,1,2024-11-09
512,22,UA,desktop,0,2025-07-23
513,53,UA,desktop,0,2024-12-07
514,63,HU,desktop,0,2024-10-31
515,59,CZ,mobile,0,2025-11-22
516,66,PL,desktop,0,2025-11-12
517,59,UA,mobile,0,2026-04-17
518,56,CZ,desktop,1,2026-02-21
519,33,UA,mobile,0,2024-02-23
520,50,UA,mobile,0,2025-03-19
521,66,UA,mobile,0,2025-09-04
522,38,PL,mobile,0,2024-09-20
523,26,CZ,desktop,0,2024-02-22
524,23,UA,mobile,1,2025-07-25
525,68,CZ,mobile,0,2025-09-11
526,62,UA,mobile,0,2024-01-05
527,52,CZ,desktop,0,2024-04-12
528,56,HU,mobile,0,2024-07-14
529,39,CZ,desktop,1,2026-02-12
530,58,SK,mobile,0,2026-05-26
531,22,HU,mobile,0,2026-06-02
532,59,PL,mobile,0,2024-12-15
533,40,CZ,tablet,1,2024-02-16
534,34,SK,desktop,1,2026-05-16
535,29,UA,mobile,0,2026-04-02
536,40,UA,desktop,0,2026-03-30
537,33,HU,desktop,1,2025-10-17
538,20,CZ,mobile,1,2024-09-25
539,47,UA,desktop,0,2025-01-04
540,39,PL,mobile,0,2025-09-27
541,26,SK,desktop,1,2024-04-15
542,46,PL,mobile,0,2025-10-31
543,64,CZ,mobile,0,2025-10-20
544,54,SK,mobile,1,2025-10-18
545,40,CZ,tablet,0,2024-04-29
546,30,PL,desktop,1,2026-04-10
547,49,CZ,desktop,0,2026-02-25
548,63,CZ,mobile,1,2025-08-26
549,69,CZ,mobile,0,2024-02-27
550,64,UA,mobile,1,2024-12-11
551,65,UA,mobile,0,2026-01-10
552,40,HU,mobile,0,2025-04-18
553,62,UA,desktop,0,2024-04-26
554,34,UA,desktop,1,2026-04-09
555,57,PL,mobile,0,2026-03-01
556,38,SK,desktop,0,2024-05-06
557,19,UA,tablet,0,2025-01-27
558,54,UA,desktop,0,2025-10-02
559,23,UA,desktop,0,2024-02-27
560,61,CZ,tablet,1,2025-09-25
561,35,UA,desktop,0,2025-05-27
562,47,UA,mobile,0,2026-01-20
563,39,PL,mobile,1,2026-03-12
564,50,SK,tablet,0,2024-04-05
565,47,UA,mobile,0,2025-09-29
566,34,UA,mobile,0,2024-04-27
567,60,PL,mobile,0,2025-07-13
568,49,HU,desktop,0,2025-08-23
569,59,CZ,tablet,0,2025-05-02
570,68,HU,mobile,1,2024-08-24
571,31,SK,mobile,0,2026-06-03
572,27,UA,desktop,0,2026-06-15
573,64,CZ,mobile,1,2024-09-28
574,68,UA,mobile,0,2024-07-07
575,53,PL,tablet,1,2025-12-04
576,51,UA,mobile,0,2025-03-22
577,26,UA,mobile,0,2025-08-03
578,59,HU,desktop,0,2026-02-28
579,45,UA,mobile,0,2026-05-10
580,28,SK,tablet,0,2024-09-03
581,31,UA,mobile,0,2024-03-16
582,56,UA,mobile,0,2024-06-02
583,64,SK,mobile,0,2025-10-17
584,36,CZ,mobile,0,2025-03-10
585,32,CZ,desktop,0,2024-03-26
586,45,UA,desktop,0,2025-11-27
587,41,PL,tablet,0,2024-10-11
588,25,CZ,mobile,0,2024-08-07
589,60,CZ,desktop,0,2024-03-09
590,26,PL,mobile,0,2024-02-16
591,64,HU,desktop,0,2024-04-03
592,50,CZ,desktop,0,2026-01-19
593,50,HU,mobile,1,2025-03-28
594,36,CZ,mobile,0,2024-07-22
595,20,CZ,mobile,0,2024-08-05
596,27,UA,desktop,1,2025-04-18
597,57,UA,tablet,1,2025-03-07
598,64,SK,mobile,1,2024-12-06
599,59,UA,mobile,0,2025-07-04
600,18,UA,mobile,0,2025-09-03
601,46,UA,desktop,1,2024-10-15
602,67,UA,mobile,1,2024-09-10
603,51,HU,mobile,0,2026-01-03
604,68,SK,mobile,0,2024-12-22
605,30,PL,desktop,1,2024-01-23
606,18,UA,mobile,0,2026-01-31
607,51,CZ,desktop,0,2025-06-05
608,46,CZ,mobile,0,2026-01-27
609,65,HU,mobile,0,2026-04-16
610,64,PL,mobile,0,2024-04-09
611,30,UA,mobile,0,2026-03-12
612,65,PL,mobile,1,2024-06-28
613,66,HU,mobile,0,2024-08-10
614,70,CZ,desktop,0,2026-01-31
615,46,CZ,mobile,1,2025-10-20
616,56,UA,mobile,0,2025-03-17
617,41,CZ,desktop,0,2025-08-30
618,43,SK,desktop,0,2026-02-07
619,34,UA,desktop,0,2024-11-20
620,24,PL,desktop,0,2025-05-30
621,30,UA,mobile,0,2024-01-16
622,22,UA,desktop,1,2026-03-02
623,43,UA,mobile,1,2024-12-01
624,66,UA,mobile,0,2026-01-28
625,20,PL,mobile,0,2024-09-14
626,24,UA,mobile,0,2025-05-11
627,66,UA,mobile,0,2026-06-14
628,56,SK,mobile,0,2024-06-08
629,70,PL,mobile,1,2025-04-19
630,18,CZ,mobile,0,2026-05-01
631,66,UA,mobile,0,2025-10-25
632,34,CZ,mobile,0,2025-11-20
633,60,UA,mobile,0,2025-11-05
634,42,SK,mobile,1,2025-01-14
635,20,UA,desktop,1,2025-06-28
636,32,CZ,mobile,0,2025-11-21
637,46,UA,desktop,0,2025-03-02
638,70,CZ,desktop,1,2025-09-04
639,60,PL,mobile,1,2024-09-24
640,49,PL,desktop,1,2026-04-14
641,43,UA,mobile,0,2025-07-30
642,33,CZ,mobile,0,2025-02-20
643,42,HU,tablet,0,2024-06-16
644,45,SK,mobile,0,2026-04-21
645,26,UA,tablet,1,2024-02-12
646,18,UA,desktop,0,2025-07-09
647,46,HU,mobile,0,2024-10-11
648,39,PL,mobile,0,2025-01-31
649,33,CZ,mobile,1,2024-01-12
650,58,HU,mobile,0,2025-08-29
651,68,SK,mobile,0,2024-10-28
652,61,PL,desktop,0,2026-06-16
653,68,PL,mobile,0,2024-09-09
654,58,UA,mobile,0,2025-05-13
655,24,CZ,mobile,0,2026-01-23
656,31,UA,desktop,1,2024-02-04
657,46,UA,mobile,0,2025-12-27
658,36,UA,mobile,0,2026-04-28
659,36,UA,tablet,1,2024-03-30
660,19,CZ,mobile,1,2026-02-14
661,58,CZ,mobile,0,2025-08-27
662,62,PL,desktop,0,2025-08-24
663,32,UA,desktop,0,2025-02-21
664,20,HU,mobile,0,2024-04-24
665,28,UA,mobile,1,2025-09-08
666,70,SK,desktop,0,2024-07-14
667,63,HU,mobile,0,2026-04-05
668,47,PL,tablet,0,2025-05-15
669,57,PL,mobile,0,2025-09-17
670,35,HU,mobile,0,2025-05-07
671,68,UA,mobile,0,2024-03-15
672,65,PL,desktop,0,2025-02-16
673,19,PL,desktop,0,2025-01-10
674,49,UA,desktop,0,2025-02-23
675,25,SK,tablet,0,2025-12-29
676,39,SK,mobile,0,2024-10-03
677,23,SK,mobile,0,2026-01-30
678,29,UA,desktop,1,2025-11-06
679,64,UA,desktop,0,2025-01-28
680,57,CZ,desktop,0,2026-05-18
681,53,UA,desktop,0,2025-04-01
682,32,CZ,mobile,0,2024-07-10
683,45,PL,mobile,0,2026-01-08
684,69,CZ,tablet,0,2025-11-19
685,66,PL,mobile,0,2024-04-08
686,62,PL,mobile,0,2025-07-01
687,35,UA,desktop,0,2024-04-05
688,19,UA,mobile,0,2025-10-25
689,30,PL,desktop,1,2025-10-24
690,62,CZ,mobile,0,2024-07-08
691,32,SK,desktop,0,2026-01-05
692,37,SK,desktop,0,2024-02-06
693,46,HU,desktop,0,2026-02-18
694,59,UA,mobile,0,2025-01-03
695,46,UA,mobile,0,2025-11-25
696,20,UA,mobile,1,2025-06-08
697,36,CZ,mobile,0,2024-10-05
698,20,PL,desktop,0,2024-08-04
699,31,SK,mobile,0,2026-05-16
700,57,PL,mobile,0,2026-05-22
701,21,HU,mobile,0,2026-03-08
702,69,HU,desktop,1,2024-09-29
703,28,UA,mobile,0,2026-05-30
704,48,PL,desktop,1,2024-03-02
705,60,CZ,desktop,0,2025-08-18
706,49,UA,desktop,1,2026-05-29
707,44,UA,desktop,1,2025-12-29
708,47,CZ,mobile,0,2024-12-07
709,60,UA,desktop,1,2025-01-31
710,19,CZ,mobile,0,2025-11-29
711,66,CZ,desktop,0,2024-01-19
712,26,UA,desktop,0,2024-06-25
713,45,PL,mobile,0,2025-09-03
714,48,UA,mobile,1,2025-01-30
715,51,CZ,mobile,0,2025-03-20
716,32,UA,desktop,0,2024-08-20
717,65,SK,mobile,0,2024-03-16
718,42,PL,mobile,1,2024-09-21
719,53,UA,mobile,1,2025-03-30
720,25,PL,mobile,0,2026-03-06
721,26,UA,tablet,0,2025-12-18
722,54,PL,desktop,0,2026-01-04
723,65,PL,mobile,0,2025-01-18
724,62,PL,mobile,0,2025-07-17
725,56,UA,mobile,0,2026-04-30
726,49,UA,mobile,0,2025-05-20
727,69,CZ,desktop,0,2025-01-01
728,34,PL,mobile,0,2024-05-23
729,52,UA,mobile,1,2026-06-03
730,54,SK,desktop,1,2024-03-09
731,36,UA,tablet,0,2024-04-08
732,61,SK,mobile,1,2025-01-30
733,46,UA,mobile,0,2024-01-25
734,24,UA,mobile,0,2026-06-09
735,45,HU,desktop,0,2025-04-13
736,26,UA,tablet,1,2025-04-28
737,45,SK,mobile,0,2025-07-18
738,23,UA,mobile,0,2024-05-30
739,46,CZ,desktop,0,2024-05-23
740,34,SK,desktop,0,2025-07-22
741,33,UA,tablet,1,2024-02-08
742,40,SK,mobile,0,2024-04-18
743,48,PL,mobile,1,2025-11-23
744,20,CZ,mobile,0,2024-02-11
745,38,PL,mobile,1,2024-07-04
746,43,SK,desktop,1,2025-02-01
747,53,UA,mobile,0,2024-08-10
748,59,UA,mobile,1,2025-09-25
749,54,SK,desktop,0,2024-05-12
750,70,SK,mobile,1,2024-06-11
751,39,UA,desktop,0,2024-08-02
752,59,PL,mobile,0,2026-01-02
753,29,PL,desktop,0,2024-08-22
754,59,UA,mobile,0,2026-04-22
755,30,UA,desktop,1,2025-10-19
756,28,CZ,mobile,1,2026-01-20
757,33,UA,mobile,0,2025-08-10
758,25,SK,desktop,0,2024-01-09
759,57,SK,mobile,0,2024-03-14
760,57,UA,mobile,0,2025-05-06
761,62,UA,desktop,0,2024-09-09
762,19,UA,desktop,0,2024-08-17
763,47,PL,mobile,0,2025-06-02
764,47,CZ,mobile,0,2024-06-22
765,29,UA,mobile,0,2025-10-14
766,27,CZ,mobile,1,2024-06-16
767,61,UA,tablet,0,2024-06-18
768,28,UA,desktop,0,2025-01-27
769,32,UA,mobile,0,2026-03-05
770,33,UA,tablet,0,2025-09-25
771,34,UA,desktop,0,2024-07-12
772,43,UA,desktop,0,2025-05-31
773,19,SK,mobile,0,2024-01-29
774,67,SK,mobile,1,2024-06-13
775,29,UA,desktop,0,2025-02-25
776,68,UA,mobile,0,2024-12-04
777,43,UA,mobile,0,2025-10-09
778,40,UA,mobile,0,2025-05-10
779,35,PL,mobile,1,2024-12-30
780,49,PL,mobile,1,2026-04-12
781,66,UA,desktop,0,2024-12-07
782,55,UA,mobile,0,2025-05-14
783,64,UA,mobile,1,2025-10-18
784,20,UA,desktop,0,2025-05-25
785,55,CZ,mobile,0,2024-11-22
786,20,UA,mobile,0,2024-08-04
787,47,PL,desktop,0,2024-10-27
788,18,PL,mobile,1,2024-05-11
789,47,SK,desktop,0,2026-03-14
790,62,SK,desktop,0,2024-03-10
791,49,CZ,mobile,0,2024-09-08
792,45,UA,mobile,1,2025-02-18
793,38,PL,tablet,0,2026-02-25
794,63,SK,mobile,1,2025-03-20
795,30,UA,desktop,0,2026-05-25
796,44,PL,desktop,1,2024-06-30
797,53,SK,mobile,0,2024-06-15
798,24,PL,mobile,0,2024-03-31
799,39,UA,mobile,0,2025-12-14
800,27,UA,mobile,1,2026-05-07
801,56,UA,desktop,0,2025-06-14
802,70,UA,tablet,0,2024-02-08
803,32,CZ,desktop,0,2024-05-05
804,32,CZ,mobile,0,2025-03-26
805,21,UA,desktop,1,2024-06-21
806,49,SK,desktop,0,2025-10-14
807,40,PL,tablet,1,2026-01-23
808,23,UA,mobile,0,2024-08-07
809,41,SK,desktop,1,2025-09-29
810,37,SK,desktop,0,2024-02-27
811,54,CZ,mobile,0,2025-10-21
812,37,SK,tablet,0,2025-04-20
813,29,CZ,mobile,1,2025-03-31
814,50,SK,mobile,0,2026-04-08
815,45,PL,desktop,0,2026-06-13
816,25,CZ,mobile,1,2024-12-26
817,18,HU,desktop,1,2024-01-01
818,54,CZ,desktop,1,2025-01-21
819,39,UA,mobile,0,2024-12-13
820,23,PL,mobile,0,2024-07-08
821,38,PL,desktop,1,2025-05-19
822,49,UA,desktop,0,2024-07-09
823,52,HU,tablet,0,2025-05-22
824,32,UA,desktop,0,2025-01-03
825,22,UA,mobile,1,2025-02-12
826,63,HU,mobile,0,2026-04-03
827,67,PL,tablet,1,2024-04-26
828,65,UA,mobile,0,2024-05-13
829,23,PL,mobile,1,2024-02-27
830,42,CZ,desktop,0,2025-07-09
831,63,UA,desktop,0,2025-11-15
832,57,HU,desktop,0,2025-11-02
833,46,PL,mobile,1,2024-06-21
834,24,PL,desktop,0,2026-04-08
835,57,PL,desktop,1,2026-03-25
836,30,CZ,desktop,0,2024-05-28
837,55,UA,tablet,0,2024-03-20
838,35,UA,mobile,0,2026-06-04
839,19,PL,desktop,0,2024-07-31
840,25,SK,tablet,0,2024-07-21
841,28,UA,mobile,0,2026-02-02
842,50,CZ,mobile,1,2024-08-16
843,55,SK,desktop,1,2025-11-06
844,65,UA,mobile,0,2024-08-14
845,44,UA,mobile,0,2025-10-20
846,37,UA,mobile,0,2025-06-15
847,29,PL,mobile,1,2025-03-16
848,60,UA,mobile,0,2025-02-05
849,48,PL,mobile,0,2024-02-16
850,44,PL,tablet,0,2024-08-20
851,49,PL,desktop,0,2024-10-31
852,27,UA,desktop,0,2025-06-09
853,20,UA,mobile,0,2024-05-22
854,62,SK,desktop,0,2025-02-18
855,44,HU,desktop,0,2025-05-27
856,52,SK,desktop,0,2025-01-07
857,48,PL,mobile,1,2025-07-19
858,32,UA,mobile,0,2026-06-04
859,33,UA,desktop,0,2024-09-15
860,30,UA,desktop,0,2025-10-17
861,66,UA,desktop,0,2025-04-15
862,52,CZ,desktop,0,2024-01-12
863,69,UA,mobile,0,2024-11-25
864,28,UA,desktop,0,2026-01-05
865,38,HU,mobile,0,2026-02-22
866,68,UA,desktop,0,2024-12-23
867,28,UA,tablet,0,2025-02-11
868,47,UA,desktop,0,2025-10-29
869,65,PL,mobile,0,2025-01-07
870,70,CZ,mobile,0,2024-01-08
871,52,UA,desktop,0,2024-05-01
872,39,PL,desktop,0,2024-12-13
873,55,SK,desktop,0,2025-11-06
874,48,SK,mobile,1,2024-03-30
875,31,HU,mobile,0,2025-10-09
876,41,SK,desktop,0,2025-11-28
877,67,PL,desktop,0,2024-11-11
878,66,UA,tablet,1,2024-06-26
879,49,UA,mobile,0,2025-06-23
880,53,UA,desktop,1,2026-01-01
881,49,CZ,mobile,1,2026-05-18
882,32,SK,desktop,0,2024-02-10
883,60,PL,desktop,0,2026-01-09
884,52,UA,mobile,0,2025-12-04
885,20,PL,mobile,0,2025-05-16
886,33,HU,desktop,0,2024-05-24
887,22,PL,desktop,0,2024-07-19
888,38,SK,mobile,0,2025-12-24
889,27,SK,mobile,0,2025-04-05
890,36,HU,desktop,1,2026-01-01
891,42,SK,tablet,0,2026-01-21
892,21,CZ,mobile,1,2025-07-11
893,46,UA,desktop,0,2025-06-30
894,36,UA,mobile,0,2024-09-09
895,60,PL,mobile,0,2025-01-24
896,19,UA,mobile,1,2025-08-16
897,27,HU,desktop,0,2026-06-01
898,60,UA,mobile,1,2024-09-12
899,42,SK,desktop,0,2025-12-09
900,37,UA,mobile,1,2026-03-25
901,65,UA,tablet,1,2025-03-25
902,36,HU,desktop,1,2024-01-10
903,40,UA,desktop,0,2026-04-03
904,41,UA,desktop,0,2026-03-08
905,28,UA,desktop,0,2024-08-29
906,63,CZ,desktop,0,2024-09-07
907,51,UA,mobile,0,2026-05-26
908,45,PL,mobile,1,2024-01-05
909,22,PL,desktop,0,2024-04-28
910,22,CZ,mobile,1,2026-03-11
911,68,CZ,mobile,0,2025-01-08
912,38,PL,mobile,0,2024-03-05
913,29,UA,mobile,0,2024-05-25
914,67,SK,desktop,1,2024-08-11
915,21,UA,mobile,0,2024-08-26
916,66,PL,tablet,1,2024-06-25
917,59,UA,tablet,0,2026-02-17
918,37,SK,tablet,1,2026-05-02
919,55,PL,mobile,0,2024-10-08
920,42,UA,mobile,0,2024-03-03
921,31,CZ,tablet,0,2024-08-04
922,28,CZ,tablet,1,2026-05-03
923,49,UA,desktop,0,2026-04-06
924,28,PL,mobile,1,2026-03-05
925,35,CZ,desktop,0,2025-11-19
926,44,HU,desktop,0,2025-04-05
927,35,CZ,mobile,0,2025-09-01
928,40,UA,desktop,0,2024-04-14
929,28,UA,desktop,0,2024-04-08
930,38,SK,desktop,1,2025-05-25
931,61,SK,mobile,1,2025-01-19
932,22,UA,desktop,0,2025-02-08
933,40,UA,tablet,1,2026-04-02
934,58,CZ,desktop,0,2025-06-01
935,42,UA,desktop,0,2025-04-20
936,58,UA,desktop,0,2025-12-09
937,27,UA,desktop,0,2026-05-12
938,39,UA,desktop,0,2025-10-06
939,36,PL,mobile,0,2026-05-19
940,18,CZ,mobile,0,2026-02-09
941,24,UA,mobile,1,2025-03-12
942,21,UA,mobile,0,2024-01-23
943,18,UA,mobile,1,2025-07-18
944,32,PL,mobile,1,2025-11-07
945,57,UA,desktop,0,2025-12-14
946,29,PL,mobile,0,2025-04-02
947,39,CZ,mobile,0,2024-03-23
948,39,UA,mobile,1,2024-05-24
949,67,UA,desktop,1,2024-03-25
950,64,UA,mobile,1,2024-03-18
951,34,PL,mobile,0,2025-04-01
952,46,SK,mobile,1,2026-05-27
953,63,UA,desktop,0,2024-01-01
954,31,HU,tablet,0,2024-02-20
955,67,UA,tablet,0,2025-11-15
956,37,SK,mobile,1,2025-12-17
957,67,PL,desktop,1,2026-02-10
958,65,CZ,desktop,0,2025-03-21
959,50,PL,mobile,1,2025-03-24
960,60,PL,mobile,1,2026-05-30
961,32,SK,mobile,0,2025-05-02
962,29,SK,desktop,0,2026-03-10
963,57,PL,mobile,0,2024-02-03
964,37,UA,mobile,0,2024-12-13
965,47,UA,mobile,0,2024-04-04
966,55,SK,desktop,0,2024-03-12
967,20,PL,desktop,1,2025-07-04
968,45,PL,desktop,0,2024-06-02
969,43,CZ,desktop,0,2024-09-06
970,47,SK,mobile,0,2025-11-04
971,30,CZ,mobile,0,2025-03-13
972,30,SK,mobile,1,2024-04-27
973,19,SK,tablet,0,2026-02-09
974,54,UA,tablet,0,2026-06-09
975,66,UA,desktop,1,2024-11-01
976,55,SK,mobile,0,2024-09-24
977,19,UA,mobile,1,2024-02-23
978,53,HU,mobile,0,2024-08-23
979,43,UA,desktop,0,2025-01-23
980,28,UA,desktop,1,2026-01-03
981,25,HU,desktop,0,2026-02-01
982,61,CZ,desktop,0,2026-04-04
983,57,UA,mobile,0,2025-02-04
984,60,SK,mobile,0,2025-09-15
985,39,CZ,mobile,1,2026-02-05
986,37,PL,desktop,1,2024-10-29
987,25,UA,mobile,0,2024-07-25
988,46,SK,desktop,0,2024-08-16
989,57,SK,desktop,1,2026-05-02
990,43,UA,mobile,1,2025-07-31
991,47,SK,mobile,0,2024-03-15
992,34,SK,mobile,1,2025-03-10
993,37,PL,desktop,0,2024-04-12
994,69,CZ,mobile,0,2025-02-25
995,33,UA,mobile,1,2025-12-04
996,63,UA,desktop,0,2026-02-02
997,60,CZ,desktop,0,2026-01-07
998,24,SK,mobile,0,2026-03-16
999,33,CZ,desktop,0,2024-11-01
1000,62,PL,desktop,0,2024-04-07
1001,64,UA,desktop,1,2026-04-29
1002,65,UA,mobile,0,2026-03-08
1003,44,PL,mobile,0,2024-11-30
1004,70,UA,desktop,0,2026-05-08
1005,40,PL,mobile,0,2025-03-10
1006,41,UA,desktop,0,2025-03-22
1007,26,SK,desktop,0,2024-11-03
1008,52,UA,tablet,0,2024-09-05
1009,68,PL,mobile,1,2024-06-14
1010,37,PL,mobile,0,2025-04-25
1011,54,UA,mobile,1,2024-11-30
1012,59,UA,desktop,0,2025-06-25
1013,34,UA,mobile,1,2026-01-28
1014,64,SK,mobile,0,2024-04-15
1015,48,UA,mobile,1,2025-07-16
1016,25,CZ,mobile,0,2024-03-21
1017,32,HU,mobile,1,2024-05-12
1018,48,SK,mobile,0,2026-03-07
1019,70,UA,desktop,1,2026-06-18
1020,47,HU,mobile,1,2024-05-17
1021,63,UA,mobile,0,2024-07-02
1022,37,PL,desktop,0,2025-02-04
1023,56,SK,desktop,0,2024-11-25
1024,70,CZ,mobile,1,2026-02-23
1025,29,UA,mobile,0,2025-05-22
1026,66,UA,desktop,0,2026-05-01
1027,34,UA,mobile,0,2024-03-09
1028,59,PL,mobile,0,2025-06-29
1029,47,UA,mobile,0,2026-02-12
1030,46,HU,mobile,0,2024-02-22
1031,36,HU,desktop,0,2025-03-25
1032,63,SK,desktop,0,2024-07-23
1033,28,PL,desktop,0,2024-05-05
1034,51,CZ,mobile,0,2026-01-16
1035,67,HU,mobile,0,2024-02-12
1036,24,SK,desktop,0,2026-01-21
1037,61,UA,mobile,0,2026-06-01
1038,51,UA,mobile,1,2024-04-20
1039,37,UA,desktop,0,2026-01-30
1040,67,PL,desktop,0,2025-10-24
1041,55,CZ,mobile,0,2024-07-01
1042,41,SK,desktop,0,2026-04-27
1043,27,UA,mobile,0,2024-04-04
1044,49,UA,mobile,1,2025-01-08
1045,69,UA,mobile,0,2025-06-03
1046,32,UA,desktop,0,2026-06-18
1047,54,UA,desktop,0,2024-12-25
1048,37,CZ,desktop,1,2026-06-18
1049,20,PL,mobile,0,2025-11-26
1050,54,CZ,mobile,0,2024-10-07
1051,57,UA,desktop,0,2024-07-13
1052,25,UA,mobile,0,2026-05-13
1053,57,PL,mobile,1,2024-07-13
1054,61,SK,tablet,0,2025-10-28
1055,40,UA,desktop,0,2024-04-02
1056,57,SK,mobile,0,2025-11-02
1057,28,UA,mobile,0,2024-03-01
1058,63,SK,mobile,0,2025-09-25
1059,25,SK,desktop,1,2024-02-20
1060,46,UA,desktop,0,2025-02-06
1061,47,CZ,desktop,0,2026-02-27
1062,27,UA,mobile,0,2024-01-05
1063,56,SK,mobile,1,2025-04-10
1064,45,UA,tablet,0,2025-08-26
1065,66,PL,tablet,1,2025-11-12
1066,53,CZ,mobile,0,2026-04-08
1067,30,SK,mobile,0,2025-06-17
1068,49,UA,mobile,0,2025-02-08
1069,53,CZ,desktop,0,2026-04-17
1070,54,UA,desktop,0,2025-05-27
1071,43,UA,desktop,0,2025-10-06
1072,39,CZ,mobile,0,2024-08-20
1073,21,UA,mobile,0,2025-06-07
1074,48,UA,mobile,0,2024-12-11
1075,35,SK,tablet,0,2024-02-15
1076,55,UA,mobile,1,2025-06-29
1077,41,CZ,desktop,0,2024-03-18
1078,40,UA,mobile,1,2025-12-30
1079,39,UA,tablet,0,2026-03-23
1080,19,UA,desktop,0,2024-03-13
1081,48,CZ,mobile,1,2026-03-04
1082,28,CZ,desktop,0,2024-09-05
1083,45,UA,mobile,0,2024-02-16
1084,63,UA,mobile,0,2024-04-30
1085,49,HU,mobile,0,2024-08-01
1086,22,UA,tablet,1,2024-08-26
1087,55,SK,tablet,1,2024-02-25
1088,27,UA,mobile,0,2024-12-15
1089,57,CZ,desktop,0,2024-04-16
1090,63,UA,desktop,1,2026-04-10
1091,41,SK,desktop,0,2024-02-17
1092,52,CZ,mobile,0,2025-07-26
1093,61,UA,mobile,0,2024-12-02
1094,65,UA,desktop,0,2024-01-26
1095,40,CZ,mobile,1,2026-03-14
1096,34,CZ,mobile,0,2024-09-13
1097,18,UA,desktop,0,2024-01-08
1098,48,UA,mobile,0,2025-09-16
1099,48,SK,tablet,1,2026-05-16
1100,59,UA,mobile,0,2024-09-09
1101,59,CZ,tablet,1,2025-11-22
1102,70,PL,mobile,1,2025-12-19
1103,51,SK,mobile,0,2024-10-29
1104,26,HU,mobile,0,2025-09-30
1105,39,HU,desktop,0,2024-02-25
1106,30,UA,desktop,0,2025-12-26
1107,42,SK,mobile,1,2025-06-09
1108,65,UA,mobile,0,2025-04-18
1109,35,PL,desktop,0,2024-01-28
1110,68,PL,mobile,0,2024-03-18
1111,29,UA,desktop,1,2024-08-03
1112,57,HU,mobile,0,2025-01-20
1113,34,UA,desktop,0,2024-12-30
1114,32,CZ,desktop,0,2025-10-27
1115,59,SK,tablet,0,2025-06-09
1116,32,SK,desktop,0,2025-11-29
1117,32,UA,mobile,0,2024-11-07
1118,56,PL,mobile,0,2026-06-01
1119,30,SK,desktop,0,2024-01-07
1120,34,UA,mobile,1,2024-01-03
1121,49,PL,desktop,0,2025-09-14
1122,26,UA,desktop,0,2026-01-19
1123,57,PL,mobile,0,2024-12-28
1124,37,SK,mobile,0,2026-01-20
1125,43,PL,mobile,0,2025-05-22
1126,44,PL,mobile,1,2024-09-30
1127,38,UA,mobile,0,2025-05-20
1128,35,PL,desktop,0,2026-03-16
1129,30,UA,mobile,0,2026-01-08
1130,33,UA,mobile,0,2026-06-01
1131,26,PL,mobile,0,2024-01-15
1132,29,CZ,mobile,1,2024-07-10
1133,61,PL,mobile,0,2025-09-22
1134,55,UA,desktop,0,2025-04-29
1135,36,UA,mobile,1,2024-01-28
1136,24,UA,desktop,0,2025-12-14
1137,52,HU,desktop,0,2024-02-08
1138,65,PL,tablet,0,2024-09-29
1139,35,UA,mobile,0,2024-08-18
1140,33,UA,mobile,0,2024-03-26
1141,56,HU,mobile,1,2025-04-18
1142,21,UA,mobile,1,2024-05-05
1143,42,SK,tablet,1,2026-03-22
1144,49,UA,desktop,0,2025-06-20
1145,57,HU,desktop,1,2024-05-24
1146,30,SK,mobile,0,2025-06-08
1147,62,PL,desktop,0,2024-07-30
1148,34,UA,mobile,0,2024-01-25
1149,66,UA,desktop,0,2025-08-02
1150,54,UA,desktop,1,2025-01-28
1151,23,PL,mobile,0,2024-03-07
1152,36,UA,mobile,1,2024-08-20
1153,30,UA,desktop,0,2024-04-18
1154,43,PL,mobile,0,2024-05-25
1155,31,PL,mobile,0,2024-04-20
1156,48,UA,mobile,0,2024-08-15
1157,21,UA,mobile,1,2024-04-20
1158,56,HU,desktop,0,2025-04-14
1159,25,PL,desktop,1,2024-02-03
1160,42,SK,desktop,0,2025-09-14
1161,30,PL,mobile,0,2026-02-14
1162,49,UA,desktop,0,2025-01-03
1163,55,UA,desktop,1,2026-01-17
1164,55,UA,mobile,0,2025-08-17
1165,45,SK,mobile,0,2025-07-07
1166,70,CZ,desktop,0,2025-02-28
1167,47,UA,mobile,0,2025-09-04
1168,20,HU,mobile,0,2025-06-01
1169,45,UA,mobile,0,2025-11-22
1170,20,HU,mobile,0,2024-10-08
1171,62,HU,mobile,0,2024-11-15
1172,51,UA,mobile,0,2026-01-07
1173,33,UA,desktop,0,2025-03-18
1174,39,PL,mobile,0,2024-11-10
1175,49,CZ,desktop,0,2026-05-26
1176,55,PL,mobile,0,2026-01-10
1177,25,HU,tablet,0,2025-01-11
1178,25,CZ,tablet,0,2024-10-15
1179,23,UA,desktop,0,2025-03-12
1180,31,UA,tablet,0,2025-10-23
1181,49,CZ,desktop,0,2024-10-03
1182,52,UA,desktop,0,2025-12-10
1183,27,SK,mobile,1,2025-08-04
1184,20,UA,mobile,0,2025-05-17
1185,29,UA,desktop,0,2025-09-15
1186,66,UA,mobile,0,2025-05-30
1187,48,CZ,desktop,0,2024-12-15
1188,46,UA,desktop,0,2026-04-22
1189,22,SK,mobile,1,2025-03-21
1190,69,PL,desktop,0,2026-04-09
1191,42,SK,mobile,1,2024-12-15
1192,58,PL,mobile,0,2025-08-29
1193,48,UA,mobile,1,2025-10-25
1194,38,SK,mobile,0,2026-04-02
1195,37,UA,desktop,0,2024-05-16
1196,56,PL,desktop,0,2026-01-28
1197,39,UA,mobile,0,2026-06-17
1198,21,SK,desktop,1,2024-08-30
1199,30,HU,desktop,0,2025-06-26
1200,62,PL,mobile,0,2024-02-09
1201,59,PL,mobile,0,2024-08-16
1202,67,SK,desktop,0,2025-07-01
1203,66,UA,desktop,1,2024-08-10
1204,37,HU,mobile,0,2024-01-06
1205,69,UA,mobile,0,2024-11-17
1206,30,HU,desktop,0,2025-04-12
1207,34,CZ,desktop,0,2026-01-01
1208,53,SK,mobile,1,2024-03-15
1209,50,CZ,desktop,1,2024-01-04
1210,18,PL,mobile,0,2026-04-26
1211,32,PL,desktop,0,2025-10-07
1212,30,UA,mobile,1,2024-04-27
1213,34,CZ,mobile,0,2026-05-30
1214,41,CZ,mobile,0,2025-08-28
1215,25,SK,tablet,0,2025-05-18
1216,67,PL,desktop,0,2025-07-27
1217,44,UA,desktop,0,2025-03-16
1218,62,UA,desktop,1,2024-07-12
1219,40,CZ,mobile,0,2026-04-26
1220,63,UA,tablet,0,2025-12-15
1221,25,UA,mobile,0,2025-01-26
1222,25,SK,desktop,0,2024-01-26
1223,43,PL,mobile,0,2025-03-10
1224,64,PL,mobile,0,2024-06-21
1225,30,UA,mobile,0,2024-10-26
1226,56,CZ,desktop,1,2025-10-06
1227,54,UA,desktop,0,2024-11-21
1228,66,CZ,desktop,0,2025-02-13
1229,45,UA,mobile,0,2024-04-27
1230,42,SK,tablet,0,2026-04-15
1231,33,PL,mobile,1,2026-02-25
1232,19,PL,desktop,0,2025-12-24
1233,35,CZ,desktop,0,2024-08-12
1234,34,CZ,mobile,0,2025-06-15
1235,47,UA,mobile,0,2024-04-22
1236,56,SK,mobile,0,2024-05-19
1237,30,UA,mobile,1,2025-07-12
1238,49,HU,mobile,0,2024-01-01
1239,67,SK,mobile,0,2024-03-30
1240,46,UA,mobile,1,2025-10-15
1241,63,SK,desktop,0,2024-11-15
1242,47,UA,desktop,0,2025-07-03
1243,35,UA,mobile,0,2026-03-15
1244,30,HU,mobile,1,2026-06-12
1245,60,CZ,mobile,0,2024-05-18
1246,38,PL,mobile,0,2025-05-25
1247,47,UA,desktop,0,2026-05-17
1248,38,UA,desktop,0,2026-04-24
1249,65,HU,desktop,0,2024-09-15
1250,34,UA,mobile,0,2025-11-03
1251,57,UA,desktop,0,2025-11-20
1252,36,PL,mobile,0,2024-01-10
1253,69,PL,desktop,1,2024-09-17
1254,32,PL,tablet,0,2025-10-11
1255,26,UA,desktop,0,2024-06-20
1256,69,UA,desktop,0,2026-06-16
1257,27,UA,mobile,0,2024-01-13
1258,61,HU,tablet,0,2024-06-16
1259,48,UA,mobile,0,2025-10-03
1260,70,SK,mobile,0,2025-08-18
1261,40,SK,mobile,0,2024-11-16
1262,69,SK,tablet,0,2024-11-14
1263,47,SK,desktop,0,2025-09-04
1264,50,UA,tablet,0,2024-11-24
1265,69,UA,desktop,0,2026-02-23
1266,26,PL,mobile,0,2026-02-15
1267,64,UA,tablet,1,2025-07-03
1268,18,CZ,tablet,1,2025-02-22
1269,61,CZ,mobile,0,2025-08-28
1270,52,SK,mobile,0,2024-04-04
1271,28,UA,desktop,0,2026-03-27
1272,51,HU,tablet,0,2025-08-03
1273,33,UA,desktop,1,2024-11-13
1274,26,PL,desktop,0,2024-08-23
1275,49,PL,tablet,0,2024-11-29
1276,32,SK,desktop,1,2026-06-03
1277,29,PL,desktop,0,2025-01-10
1278,50,HU,desktop,0,2025-04-03
1279,62,HU,mobile,0,2024-05-16
1280,31,SK,desktop,0,2025-08-10
1281,25,UA,mobile,0,2025-06-30
1282,25,SK,desktop,1,2025-05-27
1283,44,SK,mobile,0,2024-10-22
1284,29,UA,mobile,0,2024-11-15
1285,18,UA,mobile,1,2025-07-25
1286,60,UA,desktop,0,2026-04-11
1287,57,UA,mobile,0,2024-12-14
1288,59,PL,mobile,0,2026-04-19
1289,68,HU,mobile,0,2026-02-17
1290,28,PL,mobile,0,2026-05-22
1291,56,PL,mobile,1,2024-08-16
1292,60,HU,mobile,0,2024-09-26
1293,48,UA,mobile,0,2026-04-07
1294,34,SK,mobile,0,2026-03-08
1295,50,PL,mobile,1,2024-10-17
1296,49,PL,mobile,0,2025-12-25
1297,46,UA,desktop,1,2024-06-13
1298,38,PL,mobile,0,2024-01-05
1299,38,UA,mobile,1,2026-04-30
1300,57,SK,mobile,1,2025-01-13
1301,40,UA,mobile,0,2024-03-18
1302,23,SK,mobile,0,2025-02-13
1303,39,UA,mobile,0,2025-07-27
1304,67,UA,desktop,0,2024-05-11
1305,55,CZ,desktop,0,2025-08-23
1306,54,UA,mobile,1,2026-01-18
1307,62,SK,desktop,0,2024-02-11
1308,68,HU,mobile,0,2024-03-29
1309,25,SK,tablet,0,2025-02-05
1310,58,UA,mobile,0,2024-10-22
1311,66,PL,desktop,0,2026-04-19
1312,52,CZ,mobile,0,2024-10-21
1313,68,SK,desktop,1,2025-09-07
1314,28,UA,mobile,0,2025-06-09
1315,41,PL,mobile,0,2026-03-10
1316,66,PL,desktop,0,2025-11-21
1317,38,UA,mobile,1,2025-09-28
1318,68,UA,desktop,0,2025-02-25
1319,19,PL,desktop,0,2026-05-14
1320,57,SK,mobile,0,2024-01-23
1321,36,HU,mobile,0,2025-07-28
1322,56,CZ,mobile,0,2024-05-22
1323,45,UA,desktop,1,2025-10-26
1324,34,UA,mobile,0,2024-05-24
1325,23,HU,desktop,0,2024-08-12
1326,36,HU,tablet,0,2025-05-17
1327,55,HU,mobile,0,2026-03-31
1328,45,SK,tablet,0,2025-09-07
1329,19,UA,desktop,1,2024-04-13
1330,55,SK,mobile,0,2024-02-08
1331,54,UA,mobile,0,2024-07-16
1332,68,UA,desktop,0,2025-10-07
1333,69,CZ,mobile,1,2025-08-01
1334,21,UA,mobile,0,2025-01-25
1335,39,UA,mobile,0,2024-06-27
1336,43,PL,desktop,0,2025-07-07
1337,66,PL,desktop,1,2025-03-23
1338,60,SK,desktop,0,2025-05-14
1339,53,UA,mobile,0,2024-01-15
1340,30,UA,desktop,1,2025-09-14
1341,69,UA,tablet,0,2025-10-30
1342,49,UA,mobile,0,2024-10-15
1343,34,UA,mobile,0,2025-04-22
1344,58,CZ,desktop,0,2024-08-18
1345,53,PL,desktop,0,2025-02-23
1346,63,SK,desktop,1,2024-06-05
1347,36,HU,tablet,0,2025-07-03
1348,52,CZ,desktop,1,2025-03-16
1349,63,UA,mobile,0,2024-04-06
1350,57,UA,desktop,0,2025-02-14
1351,45,SK,desktop,0,2024-10-15
1352,18,PL,tablet,0,2024-09-10
1353,59,SK,mobile,0,2024-07-14
1354,35,SK,desktop,0,2025-08-20
1355,65,HU,desktop,0,2026-04-13
1356,57,HU,mobile,0,2025-06-05
1357,50,PL,mobile,1,2025-05-31
1358,29,UA,desktop,0,2025-09-26
1359,25,HU,mobile,0,2026-04-21
1360,41,PL,desktop,0,2026-05-14
1361,33,UA,desktop,0,2024-04-27
1362,67,CZ,mobile,0,2026-03-16
1363,21,PL,tablet,0,2024-06-07
1364,55,SK,desktop,0,2026-03-25
1365,61,CZ,mobile,0,2024-08-15
1366,44,UA,mobile,1,2026-05-26
1367,26,HU,tablet,0,2024-08-03
1368,64,SK,mobile,0,2025-11-26
1369,33,CZ,mobile,0,2024-01-15
1370,29,UA,mobile,0,2024-06-05
1371,48,UA,mobile,1,2025-10-09
1372,41,CZ,mobile,0,2024-09-17
1373,31,UA,tablet,0,2024-06-05
1374,62,UA,desktop,0,2024-02-16
1375,42,CZ,mobile,1,2024-11-19
1376,51,PL,mobile,0,2026-04-23
1377,20,UA,desktop,1,2025-11-15
1378,41,UA,mobile,0,2024-05-09
1379,59,PL,desktop,0,2025-02-14
1380,26,SK,desktop,1,2024-04-04
1381,43,UA,desktop,0,2025-09-18
1382,37,UA,mobile,0,2026-01-24
1383,57,CZ,mobile,0,2024-10-18
1384,27,HU,mobile,0,2026-03-04
1385,36,CZ,mobile,0,2026-03-21
1386,20,UA,mobile,0,2024-10-09
1387,41,UA,tablet,0,2024-03-09
1388,22,SK,desktop,0,2025-10-21
1389,20,UA,tablet,0,2024-01-11
1390,44,CZ,desktop,0,2024-09-10
1391,33,UA,mobile,0,2026-04-21
1392,66,UA,desktop,1,2026-05-21
1393,32,SK,mobile,1,2025-07-03
1394,52,CZ,mobile,1,2024-05-13
1395,29,CZ,desktop,0,2025-12-12
1396,58,UA,desktop,0,2024-01-23
1397,70,UA,desktop,0,2026-03-25
1398,61,PL,mobile,0,2024-12-11
1399,43,PL,mobile,0,2024-10-28
1400,64,UA,mobile,0,2024-12-28
1401,51,UA,mobile,0,2025-01-30
1402,40,UA,mobile,0,2024-08-05
1403,48,HU,desktop,0,2024-05-20
1404,67,SK,desktop,1,2025-09-07
1405,37,HU,mobile,0,2024-07-28
1406,29,UA,desktop,0,2025-09-14
1407,40,HU,mobile,0,2025-09-07
1408,21,UA,tablet,1,2026-04-07
1409,40,PL,mobile,0,2025-11-13
1410,65,SK,desktop,0,2025-04-04
1411,65,UA,tablet,0,2024-12-21
1412,18,PL,desktop,0,2024-11-19
1413,42,UA,mobile,0,2024-05-12
1414,19,UA,desktop,0,2026-06-06
1415,47,CZ,mobile,0,2026-03-15
1416,20,CZ,mobile,0,2026-04-19
1417,38,SK,mobile,0,2024-05-06
1418,42,PL,tablet,0,2024-04-15
1419,37,CZ,tablet,0,2025-08-26
1420,66,UA,mobile,0,2026-03-09
1421,69,UA,mobile,0,2025-01-12
1422,39,HU,tablet,0,2024-02-20
1423,38,UA,mobile,0,2024-01-29
1424,50,CZ,mobile,1,2025-04-06
1425,69,UA,mobile,1,2024-10-22
1426,55,CZ,desktop,0,2024-10-23
1427,32,CZ,mobile,0,2025-12-26
1428,63,UA,desktop,0,2026-02-17
1429,69,UA,mobile,1,2025-02-10
1430,32,CZ,mobile,0,2026-02-07
1431,63,UA,mobile,0,2026-03-24
1432,42,UA,mobile,0,2025-09-04
1433,38,CZ,mobile,0,2025-02-08
1434,41,UA,mobile,0,2024-12-11
1435,22,SK,desktop,0,2025-09-13
1436,23,PL,mobile,0,2025-02-23
1437,66,UA,desktop,1,2024-06-30
1438,60,CZ,tablet,0,2026-04-04
1439,65,PL,desktop,0,2024-01-01
1440,61,UA,tablet,1,2026-04-10
1441,64,PL,desktop,0,2025-07-20
1442,40,UA,mobile,1,2025-01-05
1443,21,UA,tablet,0,2025-10-22
1444,44,UA,desktop,0,2025-03-06
1445,35,UA,desktop,0,2024-11-04
1446,38,UA,desktop,0,2024-05-16
1447,45,CZ,desktop,0,2024-07-20
1448,52,CZ,mobile,0,2025-03-11
1449,39,PL,desktop,0,2024-11-08
1450,57,SK,mobile,0,2024-04-26
1451,40,SK,mobile,0,2025-10-27
1452,20,PL,desktop,0,2026-03-13
1453,57,CZ,mobile,1,2025-07-28
1454,67,UA,mobile,0,2024-08-31
1455,27,SK,desktop,1,2025-06-20
1456,42,UA,desktop,0,2025-08-24
1457,69,UA,desktop,1,2024-03-15
1458,66,CZ,mobile,0,2026-03-16
1459,25,UA,tablet,0,2025-01-20
1460,28,UA,mobile,0,2024-07-28
1461,22,PL,desktop,0,2025-04-19
1462,62,PL,mobile,0,2025-02-21
1463,70,CZ,mobile,0,2024-12-12
1464,54,SK,desktop,0,2025-06-12
1465,62,UA,desktop,0,2025-10-01
1466,55,UA,mobile,0,2026-05-25
1467,46,CZ,mobile,0,2026-02-01
1468,22,UA,mobile,0,2024-06-27
1469,26,CZ,mobile,1,2024-06-30
1470,65,UA,desktop,0,2025-10-25
1471,19,PL,mobile,0,2024-01-25
1472,18,PL,mobile,0,2024-06-28
1473,57,PL,mobile,0,2025-12-10
1474,68,PL,mobile,0,2025-05-15
1475,47,PL,desktop,0,2026-05-05
1476,28,UA,desktop,1,2024-06-09
1477,45,UA,mobile,0,2024-06-25
1478,61,UA,mobile,0,2024-10-11
1479,29,PL,desktop,0,2024-03-03
1480,56,UA,mobile,0,2025-10-23
1481,43,PL,mobile,0,2025-10-27
1482,30,UA,mobile,0,2024-06-04
1483,25,CZ,mobile,0,2026-05-31
1484,45,SK,mobile,0,2025-04-13
1485,47,UA,desktop,0,2024-02-18
1486,26,UA,desktop,1,2026-04-28
1487,56,UA,desktop,0,2024-03-24
1488,48,CZ,mobile,0,2024-12-26
1489,38,PL,desktop,0,2025-11-19
1490,64,UA,tablet,0,2024-05-27
1491,51,CZ,desktop,1,2025-09-21
1492,48,UA,mobile,1,2024-12-07
1493,69,PL,desktop,0,2025-04-20
1494,42,PL,mobile,0,2024-03-03
1495,29,CZ,desktop,0,2025-12-01
1496,18,UA,mobile,0,2024-12-25
1497,39,SK,desktop,0,2025-07-14
1498,57,CZ,desktop,1,2024-11-22
1499,54,UA,mobile,0,2026-02-07
1500,64,UA,mobile,0,2026-01-05
1501,18,PL,mobile,1,2024-05-20
1502,18,SK,mobile,1,2024-08-02
1503,59,SK,mobile,0,2025-03-10
1504,59,PL,mobile,1,2026-06-09
1505,38,SK,mobile,1,2025-12-23
1506,32,UA,tablet,1,2024-11-13
1507,34,UA,mobile,1,2024-02-01
1508,39,HU,mobile,0,2025-10-31
1509,55,SK,mobile,0,2024-10-11
1510,52,PL,mobile,1,2024-10-31
1511,62,SK,mobile,0,2025-03-04
1512,33,HU,desktop,0,2025-04-21
1513,25,SK,mobile,0,2024-10-12
1514,64,SK,desktop,1,2024-05-23
1515,34,SK,desktop,0,2025-02-27
1516,34,UA,mobile,0,2024-01-19
1517,43,SK,mobile,0,2024-01-18
1518,30,UA,mobile,0,2026-02-07
1519,34,SK,desktop,0,2025-08-12
1520,55,PL,mobile,0,2025-01-05
1521,34,CZ,desktop,0,2024-06-23
1522,65,PL,desktop,1,2024-07-12
1523,31,UA,desktop,0,2025-05-16
1524,62,UA,mobile,1,2024-04-22
1525,23,HU,mobile,0,2024-04-23
1526,52,HU,desktop,1,2024-08-09
1527,63,UA,desktop,0,2025-11-08
1528,31,HU,tablet,0,2026-04-10
1529,64,SK,tablet,0,2025-10-05
1530,25,CZ,desktop,0,2026-06-15
1531,32,UA,desktop,0,2024-09-20
1532,44,HU,desktop,0,2024-02-24
1533,30,PL,mobile,0,2026-05-20
1534,66,SK,desktop,0,2025-10-04
1535,48,SK,mobile,1,2026-03-10
1536,70,SK,mobile,0,2026-02-16
1537,52,CZ,desktop,1,2025-04-02
1538,23,UA,mobile,0,2026-05-27
1539,22,UA,mobile,0,2024-06-10
1540,39,UA,mobile,0,2025-01-14
1541,66,UA,desktop,1,2024-03-27
1542,40,PL,desktop,0,2024-02-24
1543,42,CZ,mobile,0,2025-04-20
1544,51,SK,mobile,0,2026-03-10
1545,43,UA,mobile,0,2024-06-26
1546,64,PL,mobile,0,2025-01-25
1547,22,UA,mobile,0,2024-12-14
1548,43,UA,desktop,1,2024-01-08
1549,37,UA,mobile,0,2026-04-12
1550,23,CZ,mobile,1,2024-11-08
1551,23,UA,mobile,0,2026-01-28
1552,67,CZ,mobile,0,2026-04-14
1553,35,UA,mobile,1,2025-03-18
1554,21,SK,desktop,0,2026-02-05
1555,34,SK,mobile,0,2024-11-23
1556,31,HU,desktop,1,2024-02-23
1557,31,SK,desktop,0,2026-01-30
1558,30,HU,mobile,0,2024-08-26
1559,24,SK,mobile,0,2024-08-16
1560,61,CZ,desktop,0,2025-08-01
1561,32,UA,mobile,0,2024-02-20
1562,36,UA,desktop,0,2025-08-31
1563,60,UA,tablet,0,2025-08-26
1564,64,CZ,mobile,1,2024-09-20
1565,61,PL,desktop,0,2025-02-21
1566,52,SK,desktop,0,2026-03-13
1567,34,HU,mobile,0,2024-04-05
1568,52,UA,desktop,1,2024-03-28
1569,36,PL,mobile,1,2024-03-18
1570,37,HU,mobile,1,2024-10-14
1571,53,UA,desktop,1,2024-04-29
1572,52,SK,desktop,0,2026-03-24
1573,49,UA,tablet,0,2025-05-05
1574,65,CZ,mobile,0,2025-03-27
1575,61,UA,mobile,0,2025-05-14
1576,57,SK,mobile,0,2024-06-13
1577,41,PL,mobile,0,2024-06-30
1578,34,UA,mobile,0,2025-04-13
1579,24,UA,mobile,1,2026-01-04
1580,60,PL,mobile,0,2026-04-02
1581,67,HU,mobile,0,2024-01-07
1582,18,SK,mobile,0,2024-11-25
1583,52,PL,tablet,0,2026-02-13
1584,49,UA,desktop,0,2025-11-03
1585,53,PL,mobile,0,2024-05-30
1586,30,CZ,desktop,0,2024-03-25
1587,23,SK,desktop,0,2024-05-26
1588,31,UA,desktop,0,2025-09-15
1589,54,CZ,mobile,0,2025-01-15
1590,65,CZ,mobile,0,2025-07-01
1591,32,HU,desktop,0,2024-10-11
1592,64,HU,mobile,0,2025-11-30
1593,21,SK,tablet,1,2024-03-22
1594,57,CZ,desktop,0,2025-05-28
1595,33,UA,tablet,1,2026-06-15
1596,45,SK,mobile,1,2026-03-25
1597,33,PL,mobile,1,2025-12-09
1598,21,UA,mobile,1,2025-06-06
1599,62,UA,tablet,0,2026-01-15
1600,43,SK,mobile,0,2025-01-20
1601,45,UA,desktop,0,2025-12-07
1602,49,PL,mobile,0,2025-04-15
1603,62,PL,mobile,0,2024-04-28
1604,19,UA,mobile,0,2025-01-30
1605,48,UA,mobile,0,2025-06-15
1606,20,SK,desktop,1,2024-09-17
1607,25,SK,mobile,0,2026-03-15
1608,41,UA,desktop,0,2024-09-12
1609,32,SK,desktop,0,2026-01-03
1610,60,SK,desktop,0,2024-08-13
1611,48,UA,desktop,0,2024-02-22
1612,26,CZ,mobile,0,2026-05-16
1613,56,HU,mobile,0,2025-05-14
1614,62,PL,desktop,0,2025-05-20
1615,19,UA,mobile,0,2026-05-03
1616,25,HU,mobile,0,2024-12-29
1617,24,CZ,mobile,0,2024-10-06
1618,61,UA,desktop,0,2025-08-15
1619,68,PL,mobile,0,2025-12-14
1620,56,PL,mobile,0,2024-06-06
1621,59,SK,mobile,0,2025-09-23
1622,33,PL,tablet,0,2024-02-28
1623,52,UA,mobile,0,2025-12-27
1624,47,CZ,desktop,1,2024-05-07
1625,27,PL,desktop,0,2026-01-05
1626,55,UA,desktop,1,2025-12-21
1627,35,PL,mobile,0,2026-05-31
1628,67,SK,desktop,0,2024-04-24
1629,22,UA,mobile,0,2024-07-27
1630,70,CZ,mobile,1,2025-06-09
1631,46,UA,desktop,1,2025-06-04
1632,56,UA,desktop,0,2025-07-05
1633,51,UA,desktop,0,2024-08-24
1634,60,UA,desktop,1,2024-10-07
1635,62,SK,mobile,0,2024-12-24
1636,40,UA,tablet,1,2024-07-19
1637,22,CZ,mobile,0,2026-01-27
1638,47,UA,desktop,1,2024-10-04
1639,23,HU,mobile,1,2024-08-22
1640,63,CZ,mobile,0,2025-05-08
1641,61,CZ,mobile,0,2024-01-04
1642,21,UA,mobile,0,2025-10-27
1643,46,UA,mobile,0,2025-03-17
1644,40,UA,mobile,0,2024-01-29
1645,23,HU,mobile,0,2024-04-18
1646,49,PL,desktop,1,2025-09-01
1647,59,CZ,mobile,1,2025-12-27
1648,35,CZ,mobile,0,2026-03-15
1649,32,UA,mobile,0,2024-03-15
1650,57,CZ,mobile,1,2026-04-17
1651,49,CZ,desktop,1,2024-05-25
1652,26,CZ,tablet,1,2024-05-07
1653,54,PL,mobile,0,2026-05-02
1654,27,UA,desktop,1,2024-02-11
1655,37,UA,desktop,0,2024-12-21
1656,23,SK,mobile,1,2024-02-10
1657,65,CZ,desktop,1,2024-02-03
1658,20,PL,mobile,1,2024-01-17
1659,59,HU,mobile,0,2025-11-07
1660,28,UA,mobile,1,2024-06-01
1661,60,SK,mobile,0,2025-01-12
1662,34,HU,desktop,0,2025-08-10
1663,49,SK,mobile,1,2025-08-21
1664,21,SK,mobile,0,2025-09-20
1665,21,UA,mobile,0,2026-05-23
1666,34,UA,desktop,1,2024-12-07
1667,58,CZ,desktop,1,2024-01-27
1668,36,UA,desktop,1,2026-04-04
1669,22,UA,mobile,0,2024-10-13
1670,49,SK,desktop,0,2025-10-07
1671,39,UA,mobile,0,2025-12-31
1672,23,HU,mobile,1,2024-06-16
1673,52,SK,mobile,0,2025-09-01
1674,39,SK,mobile,1,2024-09-24
1675,18,SK,desktop,0,2026-01-18
1676,37,SK,tablet,1,2026-03-31
1677,39,SK,desktop,0,2025-03-30
1678,65,CZ,mobile,0,2025-11-15
1679,28,UA,mobile,0,2025-02-04
1680,30,SK,mobile,1,2025-04-20
1681,59,SK,desktop,0,2025-12-02
1682,20,PL,desktop,0,2025-09-25
1683,26,UA,tablet,0,2025-07-11
1684,29,CZ,mobile,1,2025-07-29
1685,40,UA,desktop,0,2024-05-09
1686,31,HU,desktop,0,2026-04-01
1687,50,HU,desktop,0,2024-12-28
1688,35,UA,desktop,1,2025-12-05
1689,66,CZ,desktop,0,2026-03-29
1690,58,UA,desktop,1,2025-11-23
1691,26,CZ,desktop,1,2024-10-18
1692,40,UA,mobile,0,2025-01-05
1693,27,CZ,mobile,0,2026-03-04
1694,36,UA,mobile,0,2024-01-29
1695,64,UA,mobile,1,2024-05-28
1696,22,UA,desktop,0,2026-02-17
1697,64,UA,mobile,0,2024-10-22
1698,69,PL,mobile,0,2024-01-11
1699,40,UA,mobile,0,2025-05-26
1700,47,PL,desktop,0,2025-11-06
1701,42,SK,mobile,0,2024-04-22
1702,45,SK,mobile,0,2024-07-05
1703,51,SK,mobile,0,2026-03-17
1704,62,HU,mobile,0,2026-01-13
1705,65,UA,desktop,0,2024-08-14
1706,64,UA,mobile,0,2024-11-05
1707,42,PL,desktop,1,2024-04-07
1708,27,SK,desktop,0,2024-02-24
1709,31,HU,tablet,0,2025-09-14
1710,59,UA,mobile,0,2025-10-25
1711,63,UA,mobile,0,2026-01-27
1712,47,UA,mobile,0,2025-02-09
1713,58,SK,mobile,0,2024-03-09
1714,42,CZ,desktop,0,2024-11-07
1715,31,UA,mobile,1,2024-10-15
1716,52,PL,mobile,0,2026-01-31
1717,69,CZ,desktop,0,2025-07-01
1718,65,SK,desktop,1,2026-01-20
1719,51,UA,mobile,0,2024-05-27
1720,27,SK,mobile,1,2025-04-11
1721,52,PL,mobile,0,2026-01-08
1722,28,SK,tablet,0,2024-08-31
1723,28,SK,desktop,0,2025-05-05
1724,38,UA,desktop,1,2026-04-28
1725,38,UA,tablet,0,2025-05-21
1726,39,CZ,mobile,0,2024-12-30
1727,62,UA,mobile,0,2025-04-26
1728,24,SK,mobile,0,2024-07-19
1729,34,CZ,desktop,1,2024-06-02
1730,19,SK,desktop,0,2025-03-25
1731,29,UA,mobile,1,2025-05-15
1732,59,UA,mobile,0,2024-03-13
1733,35,CZ,tablet,1,2025-12-13
1734,28,UA,mobile,0,2024-10-22
1735,33,CZ,desktop,1,2024-01-17
1736,66,SK,mobile,0,2025-10-02
1737,68,UA,mobile,1,2024-08-04
1738,35,SK,mobile,0,2024-03-01
1739,52,UA,desktop,0,2025-09-07
1740,70,UA,desktop,1,2024-02-11
1741,43,HU,mobile,0,2024-01-25
1742,33,HU,desktop,1,2024-02-08
1743,23,PL,desktop,0,2026-03-13
1744,61,HU,desktop,0,2024-05-10
1745,60,PL,mobile,1,2025-05-12
1746,64,UA,desktop,0,2024-08-16
1747,64,UA,mobile,0,2024-04-17
1748,65,HU,mobile,1,2024-06-20
1749,59,UA,mobile,0,2025-03-10
1750,29,PL,mobile,0,2025-04-22
1751,30,PL,desktop,0,2024-04-11
1752,21,CZ,mobile,1,2026-05-15
1753,56,PL,mobile,1,2025-06-07
1754,19,UA,desktop,1,2024-10-01
1755,43,UA,desktop,0,2025-09-04
1756,44,CZ,desktop,0,2024-02-13
1757,44,CZ,mobile,0,2026-03-27
1758,32,PL,desktop,0,2024-01-17
1759,25,CZ,mobile,0,2024-11-25
1760,24,UA,tablet,0,2025-07-22
1761,64,SK,desktop,1,2026-04-02
1762,63,PL,desktop,1,2025-05-11
1763,57,UA,mobile,0,2026-03-25
1764,29,PL,mobile,1,2024-01-12
1765,30,SK,mobile,1,2024-11-13
1766,60,SK,mobile,0,2025-08-14
1767,34,UA,mobile,0,2024-08-03
1768,34,CZ,desktop,0,2024-12-04
1769,53,UA,mobile,0,2026-02-14
1770,38,UA,desktop,0,2025-10-22
1771,25,PL,mobile,0,2024-03-21
1772,22,CZ,mobile,1,2025-12-27
1773,43,SK,desktop,0,2025-04-29
1774,33,UA,desktop,0,2025-01-08
1775,53,UA,mobile,0,2025-12-10
1776,45,PL,mobile,0,2024-07-18
1777,46,UA,desktop,0,2025-06-20
1778,64,UA,mobile,0,2025-04-10
1779,29,UA,mobile,1,2024-03-29
1780,54,PL,desktop,0,2024-09-24
1781,47,UA,mobile,1,2025-10-16
1782,40,PL,mobile,0,2025-07-24
1783,33,UA,tablet,0,2025-05-03
1784,31,UA,desktop,0,2026-05-26
1785,27,CZ,mobile,1,2025-06-21
1786,24,UA,mobile,1,2024-02-16
1787,62,CZ,mobile,0,2024-10-14
1788,69,UA,desktop,0,2026-02-16
1789,54,UA,desktop,0,2024-01-16
1790,46,UA,mobile,1,2025-12-11
1791,20,UA,mobile,0,2025-02-04
1792,32,PL,mobile,0,2026-03-04
1793,53,HU,mobile,0,2024-03-26
1794,64,UA,desktop,0,2024-09-06
1795,63,PL,mobile,1,2025-01-25
1796,69,CZ,mobile,0,2026-02-20
1797,36,PL,mobile,0,2024-11-30
1798,30,SK,mobile,0,2025-09-20
1799,59,UA,mobile,0,2025-06-02
1800,38,HU,desktop,0,2024-05-16
1801,54,UA,desktop,1,2026-06-01
1802,44,UA,tablet,0,2025-11-18
1803,69,SK,tablet,0,2026-04-19
1804,46,PL,desktop,0,2025-05-12
1805,37,PL,desktop,0,2026-04-06
1806,42,CZ,tablet,0,2025-12-27
1807,23,PL,mobile,1,2025-04-21
1808,53,UA,mobile,0,2025-08-16
1809,19,CZ,mobile,1,2024-08-10
1810,39,UA,desktop,0,2025-01-06
1811,49,SK,desktop,0,2025-02-05
1812,33,HU,mobile,0,2025-03-18
1813,35,UA,mobile,1,2025-05-04
1814,22,PL,mobile,1,2025-09-06
1815,53,UA,mobile,1,2024-09-29
1816,47,UA,mobile,1,2025-06-09
1817,62,HU,mobile,0,2024-06-07
1818,36,UA,mobile,0,2024-05-31
1819,40,PL,desktop,1,2025-09-11
1820,51,SK,desktop,1,2024-07-06
1821,30,SK,desktop,0,2026-03-23
1822,60,PL,desktop,0,2024-04-07
1823,46,PL,desktop,0,2024-05-10
1824,53,CZ,desktop,0,2026-03-15
1825,39,HU,desktop,0,2024-06-19
1826,69,CZ,desktop,0,2024-07-01
1827,69,PL,mobile,0,2024-12-29
1828,64,UA,mobile,1,2024-02-08
1829,53,UA,desktop,1,2025-06-10
1830,26,PL,mobile,1,2026-06-06
1831,56,HU,mobile,1,2025-05-11
1832,68,SK,mobile,0,2025-05-30
1833,36,HU,mobile,1,2024-12-14
1834,55,PL,tablet,0,2025-01-31
1835,23,SK,mobile,1,2025-12-22
1836,69,SK,mobile,0,2024-06-09
1837,64,CZ,mobile,1,2024-01-16
1838,32,UA,desktop,0,2025-05-07
1839,37,PL,desktop,0,2025-03-01
1840,26,SK,desktop,0,2024-04-17
1841,49,UA,desktop,0,2026-06-12
1842,21,HU,mobile,0,2025-03-25
1843,67,UA,mobile,0,2024-11-06
1844,35,CZ,mobile,1,2026-01-08
1845,22,CZ,desktop,0,2024-06-18
1846,37,CZ,desktop,0,2025-06-29
1847,40,PL,mobile,0,2025-02-17
1848,28,HU,mobile,0,2024-09-07
1849,54,CZ,mobile,0,2026-01-28
1850,39,UA,desktop,0,2026-02-19
1851,21,CZ,mobile,1,2024-05-20
1852,46,UA,mobile,0,2024-09-30
1853,61,UA,mobile,1,2025-02-19
1854,51,UA,desktop,1,2025-08-30
1855,30,SK,desktop,1,2026-01-08
1856,59,PL,mobile,0,2026-06-09
1857,26,CZ,desktop,0,2024-02-08
1858,59,UA,mobile,0,2026-03-24
1859,48,UA,tablet,1,2024-01-29
1860,24,HU,mobile,0,2025-04-21
1861,21,CZ,desktop,1,2024-11-13
1862,36,HU,mobile,0,2024-09-01
1863,59,UA,mobile,0,2026-01-17
1864,47,UA,desktop,0,2025-11-27
1865,48,SK,mobile,0,2024-09-28
1866,52,CZ,mobile,1,2025-03-15
1867,38,UA,mobile,0,2026-01-17
1868,48,UA,mobile,0,2024-08-26
1869,36,SK,mobile,0,2025-01-11
1870,48,PL,mobile,0,2024-09-22
1871,70,CZ,desktop,0,2024-12-24
1872,49,UA,desktop,0,2024-12-05
1873,19,UA,mobile,0,2025-01-23
1874,69,HU,desktop,0,2025-07-30
1875,27,UA,desktop,0,2025-11-19
1876,19,PL,mobile,0,2024-01-03
1877,19,SK,mobile,0,2025-03-04
1878,41,UA,desktop,1,2024-05-21
1879,34,UA,desktop,1,2025-01-10
1880,49,CZ,mobile,1,2025-10-31
1881,33,PL,mobile,1,2024-11-19
1882,33,PL,mobile,0,2024-05-25
1883,63,UA,tablet,0,2024-10-19
1884,56,PL,mobile,0,2025-10-26
1885,70,CZ,tablet,0,2025-03-07
1886,48,CZ,mobile,0,2025-12-05
1887,60,UA,mobile,1,2025-08-07
1888,41,CZ,mobile,0,2025-02-02
1889,18,HU,desktop,0,2026-03-27
1890,28,PL,mobile,0,2026-06-07
1891,38,CZ,mobile,0,2024-12-09
1892,21,PL,desktop,0,2024-05-19
1893,24,SK,tablet,1,2024-07-05
1894,43,HU,mobile,0,2026-03-15
1895,64,UA,mobile,1,2024-03-01
1896,67,PL,desktop,1,2025-01-14
1897,29,UA,desktop,0,2025-12-10
1898,48,UA,mobile,0,2026-03-17
1899,34,UA,tablet,1,2025-03-15
1900,50,SK,mobile,0,2024-11-14
1901,28,UA,desktop,0,2024-10-28
1902,45,PL,mobile,1,2024-12-09
1903,49,CZ,desktop,0,2024-01-11
1904,18,UA,mobile,0,2024-03-02
1905,64,HU,desktop,0,2026-04-24
1906,45,SK,tablet,0,2024-08-13
1907,70,PL,mobile,0,2024-06-01
1908,59,UA,mobile,0,2025-12-11
1909,24,UA,mobile,0,2025-07-17
1910,19,CZ,desktop,0,2026-02-10
1911,59,UA,tablet,1,2025-07-24
1912,41,CZ,desktop,1,2025-08-06
1913,21,SK,mobile,0,2025-10-21
1914,61,UA,tablet,0,2026-05-10
1915,36,SK,mobile,0,2025-07-28
1916,43,UA,mobile,0,2024-11-05
1917,28,HU,mobile,1,2026-06-03
1918,57,UA,mobile,0,2024-08-30
1919,67,CZ,desktop,0,2025-05-07
1920,60,UA,desktop,0,2024-12-31
1921,28,SK,mobile,1,2024-11-25
1922,62,PL,mobile,1,2024-04-16
1923,20,UA,mobile,0,2024-08-13
1924,29,PL,desktop,0,2026-04-04
1925,20,UA,mobile,0,2024-08-05
1926,59,CZ,mobile,0,2026-01-22
1927,44,SK,desktop,0,2025-05-20
1928,66,UA,desktop,1,2024-09-15
1929,19,UA,tablet,0,2026-06-06
1930,66,UA,tablet,1,2026-02-12
1931,33,PL,desktop,1,2025-05-31
1932,19,UA,mobile,0,2026-02-11
1933,47,UA,desktop,0,2024-02-23
1934,37,UA,mobile,1,2024-02-16
1935,55,PL,desktop,0,2025-12-27
1936,45,HU,mobile,0,2025-11-19
1937,42,UA,desktop,0,2025-06-04
1938,49,PL,mobile,0,2024-04-08
1939,27,SK,mobile,0,2024-01-20
1940,59,CZ,desktop,0,2026-06-08
1941,57,UA,mobile,0,2026-01-22
1942,50,CZ,tablet,0,2025-07-26
1943,30,SK,mobile,0,2026-06-09
1944,58,UA,desktop,0,2025-05-04
1945,59,PL,tablet,0,2025-02-22
1946,64,UA,desktop,0,2025-11-20
1947,54,UA,mobile,0,2026-04-29
1948,33,UA,mobile,1,2024-03-02
1949,62,CZ,mobile,1,2024-05-24
1950,39,UA,desktop,1,2024-08-03
1951,37,PL,desktop,1,2024-01-03
1952,67,PL,tablet,0,2024-06-08
1953,60,PL,mobile,0,2026-01-08
1954,44,CZ,mobile,0,2026-02-19
1955,58,UA,mobile,1,2024-04-29
1956,33,HU,desktop,1,2026-06-11
1957,51,PL,mobile,0,2024-03-29
1958,49,PL,mobile,0,2024-11-24
1959,43,SK,desktop,0,2025-08-02
1960,42,UA,mobile,0,2024-12-22
1961,19,UA,desktop,0,2025-09-01
1962,29,CZ,mobile,1,2024-09-23
1963,57,PL,mobile,0,2025-09-08
1964,26,SK,mobile,1,2024-11-18
1965,29,HU,desktop,0,2025-09-26
1966,43,UA,mobile,0,2025-06-24
1967,26,UA,mobile,1,2025-10-10
1968,27,UA,mobile,0,2024-07-13
1969,49,UA,mobile,0,2026-01-07
1970,51,SK,desktop,0,2024-11-27
1971,65,SK,mobile,1,2024-06-18
1972,37,PL,tablet,0,2025-06-04
1973,56,UA,mobile,0,2025-04-07
1974,19,UA,desktop,0,2024-02-09
1975,18,UA,desktop,1,2025-06-20
1976,68,SK,desktop,1,2024-09-17
1977,53,UA,desktop,0,2025-01-29
1978,41,SK,mobile,0,2024-08-13
1979,44,CZ,desktop,1,2024-05-03
1980,19,CZ,mobile,0,2024-02-07
1981,48,PL,mobile,0,2024-11-23
1982,31,CZ,desktop,0,2024-09-07
1983,19,CZ,mobile,0,2024-06-24
1984,46,SK,desktop,0,2025-08-24
1985,32,PL,mobile,0,2025-03-29
1986,29,PL,mobile,0,2024-02-06
1987,54,CZ,tablet,1,2024-11-11
1988,45,UA,desktop,0,2025-11-18
1989,37,PL,desktop,0,2026-03-06
1990,56,HU,desktop,1,2025-08-15
1991,41,UA,tablet,1,2024-04-23
1992,38,UA,mobile,0,2024-02-09
1993,27,UA,desktop,0,2024-10-27
1994,63,CZ,mobile,0,2024-08-11
1995,31,UA,mobile,0,2024-11-13
1996,54,CZ,mobile,0,2024-12-14
1997,35,UA,mobile,0,2024-04-24
1998,41,UA,desktop,0,2025-11-28
1999,31,CZ,desktop,1,2024-11-18
2000,51,UA,desktop,0,2025-07-21
2001,29,HU,desktop,0,2024-02-09
2002,39,UA,mobile,0,2026-05-15
2003,23,PL,mobile,0,2024-02-09
2004,53,UA,mobile,0,2026-05-08
2005,62,UA,desktop,1,2026-01-18
2006,53,HU,mobile,0,2024-10-15
2007,39,SK,mobile,1,2024-09-18
2008,31,UA,tablet,0,2024-08-03
2009,33,PL,desktop,0,2024-05-26
2010,53,CZ,desktop,0,2024-12-01
2011,42,UA,desktop,0,2024-06-16
2012,49,UA,mobile,1,2024-04-01
2013,50,HU,mobile,1,2024-12-18
2014,62,HU,desktop,0,2025-07-24
2015,53,HU,desktop,1,2025-07-24
2016,37,SK,desktop,1,2026-03-26
2017,35,CZ,mobile,0,2025-11-11
2018,55,UA,desktop,1,2026-02-19
2019,20,UA,mobile,0,2024-12-28
2020,40,UA,mobile,1,2025-07-10
2021,49,CZ,mobile,0,2024-12-10
2022,62,SK,mobile,0,2025-11-23
2023,33,SK,mobile,0,2024-06-18
2024,22,HU,mobile,0,2024-12-21
2025,21,SK,desktop,1,2024-07-09
2026,38,HU,desktop,0,2025-10-28
2027,57,UA,mobile,0,2025-02-25
2028,68,SK,mobile,0,2025-11-30
2029,31,PL,tablet,0,2024-01-07
2030,56,UA,mobile,0,2024-05-12
2031,48,HU,mobile,0,2026-01-16
2032,31,SK,desktop,0,2025-07-10
2033,23,UA,mobile,0,2026-04-05
2034,29,UA,desktop,0,2026-01-30
2035,33,CZ,desktop,0,2024-01-31
2036,34,CZ,tablet,1,2025-06-18
2037,62,HU,desktop,0,2025-03-01
2038,40,UA,tablet,0,2025-01-28
2039,31,UA,mobile,0,2025-11-02
2040,24,UA,desktop,0,2024-12-28
2041,63,UA,mobile,0,2025-03-12
2042,49,UA,desktop,0,2025-10-31
2043,32,HU,desktop,0,2025-07-04
2044,61,UA,mobile,0,2024-03-22
2045,34,UA,desktop,0,2024-12-21
2046,58,UA,mobile,1,2024-09-14
2047,64,UA,mobile,0,2025-12-18
2048,61,SK,tablet,0,2025-08-11
2049,51,CZ,mobile,0,2025-06-07
2050,22,SK,mobile,0,2024-10-21
2051,62,PL,mobile,0,2024-08-11
2052,44,UA,desktop,0,2025-06-08
2053,69,PL,mobile,0,2024-02-15
2054,40,UA,mobile,0,2025-10-28
2055,57,SK,desktop,0,2024-04-22
2056,31,UA,mobile,0,2024-08-20
2057,32,CZ,mobile,0,2024-01-17
2058,60,UA,desktop,0,2024-12-25
2059,50,CZ,mobile,0,2024-08-10
2060,70,HU,desktop,0,2026-05-15
2061,48,CZ,mobile,0,2025-11-30
2062,52,PL,tablet,1,2025-03-23
2063,34,HU,tablet,0,2026-05-05
2064,45,CZ,mobile,1,2024-12-30
2065,36,UA,mobile,0,2025-11-05
2066,63,UA,tablet,0,2024-11-21
2067,40,CZ,mobile,0,2025-04-11
2068,49,CZ,desktop,0,2025-02-17
2069,57,UA,desktop,0,2025-03-30
2070,30,UA,desktop,0,2025-08-08
2071,37,HU,desktop,0,2024-08-20
2072,52,UA,mobile,1,2024-08-11
2073,22,UA,mobile,0,2026-04-10
2074,26,UA,desktop,1,2025-02-15
2075,46,SK,desktop,0,2025-07-25
2076,23,UA,desktop,0,2024-11-30
2077,42,CZ,tablet,0,2024-08-09
2078,48,UA,desktop,0,2024-02-06
2079,39,CZ,mobile,0,2024-10-04
2080,19,SK,desktop,0,2024-07-14
2081,62,UA,mobile,0,2026-05-13
2082,22,PL,mobile,0,2025-04-28
2083,44,UA,mobile,0,2024-08-29
2084,42,UA,desktop,0,2024-11-19
2085,25,SK,tablet,1,2025-12-31
2086,18,UA,mobile,0,2024-07-10
2087,37,CZ,mobile,1,2024-01-17
2088,61,UA,desktop,0,2025-06-07
2089,40,UA,desktop,0,2025-02-04
2090,49,UA,desktop,0,2026-06-04
2091,28,PL,desktop,0,2025-12-05
2092,56,PL,desktop,1,2024-01-22
2093,64,CZ,mobile,0,2025-04-18
2094,41,UA,mobile,1,2024-04-29
2095,28,UA,mobile,1,2024-07-28
2096,46,SK,desktop,0,2024-11-01
2097,43,SK,mobile,0,2024-09-26
2098,33,UA,desktop,0,2025-12-04
2099,52,CZ,mobile,0,2025-11-17
2100,37,UA,mobile,0,2024-10-11
2101,63,SK,mobile,0,2025-12-16
2102,20,SK,mobile,0,2025-11-06
2103,18,SK,mobile,0,2026-02-01
2104,70,SK,desktop,0,2024-08-14
2105,64,UA,mobile,1,2025-01-15
2106,18,SK,desktop,0,2025-04-04
2107,34,PL,mobile,0,2024-01-07
2108,19,UA,mobile,0,2024-01-29
2109,46,PL,mobile,1,2024-02-02
2110,37,HU,tablet,0,2025-10-07
2111,23,SK,mobile,1,2026-05-28
2112,25,UA,mobile,1,2024-03-19
2113,46,CZ,tablet,1,2025-04-03
2114,65,SK,mobile,0,2025-07-23
2115,68,UA,desktop,0,2025-06-21
2116,50,PL,mobile,1,2025-04-26
2117,20,CZ,desktop,1,2025-03-05
2118,52,PL,mobile,1,2026-01-07
2119,22,UA,tablet,0,2024-10-11
2120,44,CZ,desktop,0,2025-05-30
2121,61,HU,mobile,0,2024-04-08
2122,29,CZ,mobile,1,2025-01-31
2123,37,SK,mobile,1,2025-05-03
2124,62,UA,desktop,0,2024-02-08
2125,37,UA,mobile,0,2024-09-27
2126,26,CZ,mobile,0,2026-06-05
2127,56,UA,desktop,0,2026-03-07
2128,21,SK,mobile,0,2024-06-05
2129,68,UA,mobile,0,2024-03-15
2130,36,PL,mobile,0,2026-06-02
2131,55,UA,desktop,0,2026-03-10
2132,44,HU,tablet,1,2024-05-09
2133,62,UA,mobile,0,2025-11-17
2134,60,UA,desktop,1,2024-03-24
2135,30,UA,mobile,1,2024-01-22
2136,30,SK,mobile,0,2025-04-03
2137,39,UA,mobile,1,2025-06-22
2138,45,UA,mobile,1,2025-12-07
2139,69,UA,mobile,0,2026-04-28
2140,64,CZ,desktop,0,2025-01-16
2141,70,UA,tablet,0,2026-01-17
2142,62,UA,mobile,1,2025-03-15
2143,39,UA,mobile,0,2025-08-26
2144,60,PL,tablet,0,2024-01-21
2145,36,CZ,mobile,1,2024-10-29
2146,25,PL,desktop,1,2026-05-18
2147,69,HU,mobile,0,2024-03-24
2148,25,HU,mobile,0,2026-02-12
2149,59,UA,mobile,0,2025-10-20
2150,43,SK,desktop,0,2025-03-28
2151,65,CZ,desktop,1,2025-01-21
2152,68,SK,mobile,0,2025-05-21
2153,43,PL,desktop,0,2024-09-13
2154,40,PL,mobile,1,2025-07-23
2155,60,UA,mobile,0,2026-06-10
2156,30,SK,desktop,1,2025-06-10
2157,45,UA,desktop,0,2024-06-10
2158,26,UA,mobile,1,2024-06-11
2159,37,UA,mobile,1,2026-04-11
2160,36,UA,tablet,0,2026-03-03
2161,65,PL,desktop,1,2026-03-02
2162,56,UA,desktop,1,2025-06-07
2163,68,UA,mobile,1,2026-02-24
2164,29,HU,desktop,0,2024-09-27
2165,32,UA,mobile,0,2025-05-06
2166,48,CZ,tablet,0,2024-07-26
2167,31,UA,mobile,0,2025-06-22
2168,28,UA,mobile,0,2025-08-06
2169,43,SK,mobile,0,2024-02-29
2170,59,SK,desktop,0,2025-03-05
2171,44,UA,desktop,0,2025-10-18
2172,28,HU,mobile,1,2025-08-27
2173,55,HU,desktop,1,2024-11-04
2174,51,HU,desktop,0,2025-06-03
2175,60,PL,mobile,0,2025-08-13
2176,36,UA,desktop,1,2024-01-27
2177,23,CZ,tablet,0,2025-11-16
2178,63,CZ,mobile,0,2025-07-15
2179,69,UA,mobile,1,2024-07-17
2180,55,SK,mobile,0,2025-01-21
2181,66,UA,mobile,1,2024-12-14
2182,59,PL,mobile,1,2025-11-23
2183,45,UA,desktop,0,2025-06-19
2184,18,CZ,desktop,1,2026-04-07
2185,52,UA,mobile,0,2025-01-12
2186,57,SK,desktop,1,2026-06-17
2187,25,PL,desktop,1,2025-07-11
2188,69,SK,tablet,0,2025-06-10
2189,64,HU,mobile,0,2024-06-01
2190,24,CZ,desktop,0,2026-01-03
2191,28,HU,tablet,0,2024-07-24
2192,56,UA,mobile,1,2025-03-30
2193,21,UA,mobile,0,2024-09-29
2194,42,UA,mobile,0,2026-06-12
2195,29,UA,desktop,0,2024-08-23
2196,43,SK,mobile,0,2026-05-01
2197,55,UA,tablet,1,2026-01-09
2198,63,PL,desktop,0,2025-06-04
2199,29,PL,mobile,1,2025-11-08
2200,60,PL,desktop,1,2026-04-10
2201,68,PL,mobile,0,2025-12-26
2202,70,SK,mobile,0,2025-05-15
2203,54,UA,desktop,0,2024-04-26
2204,63,UA,desktop,0,2025-01-20
2205,70,CZ,mobile,0,2024-12-09
2206,41,CZ,desktop,1,2025-08-06
2207,33,UA,mobile,1,2025-01-29
2208,30,SK,mobile,0,2024-03-04
2209,42,UA,mobile,0,2025-12-17
2210,69,UA,mobile,0,2025-12-21
2211,21,UA,tablet,1,2024-03-12
2212,28,PL,desktop,0,2026-02-27
2213,49,CZ,mobile,0,2024-09-30
2214,66,UA,mobile,0,2024-11-15
2215,24,UA,mobile,0,2024-12-03
2216,63,SK,mobile,0,2024-12-31
2217,28,UA,desktop,0,2025-05-09
2218,45,UA,tablet,0,2025-08-29
2219,58,CZ,desktop,0,2024-06-14
2220,40,UA,mobile,1,2025-06-27
2221,62,SK,mobile,0,2024-01-11
2222,40,UA,mobile,0,2024-10-27
2223,67,CZ,mobile,1,2025-12-29
2224,45,PL,mobile,0,2026-03-11
2225,60,SK,mobile,0,2024-04-11
2226,64,UA,mobile,1,2025-02-28
2227,43,CZ,desktop,0,2025-01-26
2228,42,PL,desktop,0,2026-02-17
2229,46,PL,mobile,1,2024-08-01
2230,36,PL,desktop,1,2025-11-21
2231,50,CZ,mobile,0,2024-03-28
2232,53,HU,mobile,0,2025-07-06
2233,31,UA,desktop,0,2025-02-04
2234,31,UA,mobile,1,2025-08-10
2235,52,SK,tablet,1,2026-06-07
2236,47,UA,mobile,0,2024-02-15
2237,45,HU,desktop,0,2025-11-02
2238,34,CZ,desktop,0,2025-04-07
2239,20,CZ,desktop,0,2025-08-14
2240,33,UA,desktop,0,2024-11-05
2241,63,UA,desktop,0,2024-03-26
2242,47,CZ,desktop,0,2024-04-01
2243,69,HU,mobile,0,2025-10-21
2244,46,HU,mobile,1,2025-11-03
2245,62,UA,desktop,1,2025-12-14
2246,32,UA,desktop,1,2024-08-29
2247,63,UA,tablet,0,2026-05-14
2248,42,SK,mobile,1,2024-01-02
2249,68,UA,mobile,1,2024-08-12
2250,55,UA,desktop,0,2026-03-11
2251,59,UA,desktop,0,2026-01-14
2252,64,UA,tablet,1,2025-08-11
2253,70,HU,mobile,0,2024-04-25
2254,69,PL,mobile,0,2025-10-27
2255,55,UA,mobile,0,2024-04-12
2256,40,UA,mobile,0,2024-07-12
2257,42,UA,tablet,0,2024-06-14
2258,59,UA,mobile,0,2026-05-20
2259,24,UA,mobile,0,2024-03-30
2260,39,CZ,mobile,0,2025-11-16
2261,34,UA,mobile,1,2024-05-01
2262,35,UA,desktop,1,2024-05-22
2263,66,UA,mobile,0,2024-04-15
2264,58,SK,mobile,0,2026-06-05
2265,27,PL,tablet,0,2025-03-03
2266,27,CZ,mobile,0,2024-10-31
2267,24,PL,desktop,1,2026-05-21
2268,65,CZ,mobile,0,2024-11-12
2269,67,UA,desktop,0,2025-09-26
2270,55,HU,mobile,0,2024-01-09
2271,44,UA,mobile,0,2026-02-12
2272,69,UA,mobile,0,2024-03-13
2273,50,SK,mobile,0,2024-12-24
2274,18,PL,mobile,1,2024-08-10
2275,61,HU,mobile,0,2025-02-19
2276,70,PL,desktop,0,2025-07-06
2277,51,SK,tablet,0,2025-01-04
2278,21,SK,mobile,0,2025-12-16
2279,34,HU,mobile,0,2024-09-20
2280,21,HU,desktop,0,2026-04-19
2281,60,SK,desktop,1,2025-11-20
2282,43,CZ,mobile,0,2026-05-09
2283,21,UA,mobile,0,2024-11-13
2284,18,UA,mobile,0,2024-03-24
2285,24,CZ,mobile,0,2024-11-13
2286,47,HU,tablet,0,2024-04-20
2287,67,CZ,desktop,0,2024-09-07
2288,26,HU,desktop,0,2025-01-17
2289,52,SK,mobile,0,2024-01-07
2290,25,UA,mobile,0,2025-04-03
2291,41,UA,desktop,0,2024-03-24
2292,36,UA,mobile,0,2024-07-26
2293,53,UA,mobile,0,2026-06-18
2294,67,PL,mobile,0,2025-01-24
2295,69,HU,desktop,0,2024-11-09
2296,60,SK,mobile,0,2024-01-22
2297,44,PL,mobile,0,2025-02-13
2298,49,UA,desktop,0,2026-06-13
2299,31,UA,desktop,1,2025-05-29
2300,35,PL,mobile,1,2024-05-06
2301,45,UA,desktop,0,2026-03-19
2302,46,UA,mobile,0,2025-11-30
2303,33,PL,mobile,0,2026-05-23
2304,52,UA,desktop,0,2024-01-14
2305,64,HU,mobile,0,2024-01-12
2306,48,UA,mobile,1,2024-03-27
2307,21,UA,desktop,0,2025-06-07
2308,54,UA,tablet,1,2025-06-20
2309,34,UA,mobile,0,2024-10-27
2310,56,CZ,mobile,0,2024-08-30
2311,65,CZ,mobile,1,2024-05-01
2312,63,PL,mobile,1,2024-05-26
2313,43,CZ,mobile,1,2025-07-20
2314,65,UA,mobile,1,2026-01-19
2315,56,CZ,desktop,0,2024-12-21
2316,58,UA,mobile,0,2025-11-15
2317,21,UA,mobile,0,2026-01-02
2318,47,SK,mobile,0,2025-09-22
2319,47,SK,mobile,1,2024-11-04
2320,39,CZ,tablet,1,2025-11-25
2321,28,UA,mobile,1,2024-10-14
2322,19,UA,desktop,0,2024-11-02
2323,61,HU,desktop,0,2026-03-22
2324,29,UA,desktop,1,2025-08-16
2325,47,UA,mobile,0,2025-12-23
2326,53,UA,tablet,0,2025-10-23
2327,35,UA,mobile,0,2025-07-02
2328,43,UA,mobile,0,2024-12-17
2329,70,PL,mobile,1,2024-11-07
2330,24,PL,mobile,0,2026-05-22
2331,18,HU,mobile,0,2024-02-28
2332,43,UA,mobile,0,2025-10-04
2333,40,UA,mobile,0,2025-12-14
2334,43,PL,desktop,0,2026-01-24
2335,62,CZ,mobile,0,2024-02-04
2336,23,PL,mobile,1,2025-03-20
2337,23,SK,tablet,1,2024-04-02
2338,61,UA,mobile,0,2024-07-25
2339,25,SK,desktop,0,2024-12-18
2340,41,PL,tablet,0,2024-11-27
2341,39,UA,mobile,1,2026-03-27
2342,36,SK,mobile,0,2026-05-11
2343,54,CZ,desktop,0,2025-12-25
2344,35,UA,tablet,0,2024-06-07
2345,48,UA,desktop,0,2024-01-24
2346,54,UA,mobile,0,2025-02-07
2347,47,CZ,tablet,1,2026-03-15
2348,59,UA,mobile,1,2025-05-30
2349,50,UA,mobile,0,2026-01-01
2350,27,UA,mobile,0,2024-12-29
2351,54,CZ,mobile,0,2025-01-16
2352,29,SK,desktop,0,2025-06-15
2353,47,SK,desktop,0,2024-05-31
2354,44,UA,desktop,0,2025-07-15
2355,56,HU,mobile,1,2025-11-19
2356,26,CZ,desktop,0,2025-08-30
2357,38,SK,desktop,0,2025-09-08
2358,29,PL,mobile,0,2025-02-23
2359,46,PL,tablet,0,2024-09-06
2360,50,SK,desktop,0,2024-04-26
2361,60,UA,desktop,0,2026-05-15
2362,70,PL,mobile,0,2025-05-26
2363,32,SK,desktop,1,2026-01-09
2364,19,SK,tablet,0,2025-07-31
2365,69,HU,mobile,0,2024-11-30
2366,56,CZ,desktop,0,2025-02-21
2367,70,UA,mobile,0,2026-02-12
2368,61,UA,desktop,0,2024-10-21
2369,35,PL,desktop,1,2026-01-24
2370,20,PL,desktop,0,2025-01-05
2371,24,UA,desktop,0,2024-07-04
2372,60,UA,mobile,0,2024-09-02
2373,35,PL,mobile,0,2025-09-28
2374,61,SK,desktop,0,2024-09-24
2375,55,HU,mobile,1,2025-10-04
2376,54,SK,mobile,0,2024-08-24
2377,50,SK,mobile,1,2025-06-13
2378,61,CZ,mobile,0,2025-07-05
2379,48,HU,desktop,0,2024-01-21
2380,28,CZ,desktop,0,2026-01-06
2381,21,SK,mobile,0,2026-05-16
2382,35,HU,mobile,0,2026-03-04
2383,21,HU,mobile,1,2025-06-03
2384,66,UA,mobile,0,2024-04-09
2385,51,UA,mobile,0,2026-01-21
2386,46,UA,mobile,1,2025-04-22
2387,41,UA,desktop,0,2025-08-21
2388,39,UA,desktop,1,2024-10-24
2389,19,UA,mobile,0,2025-06-09
2390,61,UA,desktop,0,2024-11-29
2391,23,PL,tablet,0,2024-01-02
2392,59,CZ,mobile,0,2025-01-09
2393,42,UA,mobile,1,2024-10-19
2394,38,CZ,desktop,1,2026-04-16
2395,33,CZ,mobile,0,2025-07-06
2396,48,PL,desktop,0,2024-11-13
2397,31,HU,desktop,0,2025-05-16
2398,56,UA,mobile,0,2026-04-07
2399,45,UA,desktop,0,2025-01-15
2400,49,PL,desktop,0,2025-09-14
2401,45,UA,mobile,1,2024-01-14
2402,68,PL,mobile,0,2025-05-18
2403,66,UA,desktop,1,2024-08-18
2404,26,UA,tablet,0,2024-03-24
2405,62,UA,desktop,1,2024-05-09
2406,39,UA,tablet,0,2026-01-12
2407,49,CZ,mobile,0,2026-04-17
2408,22,PL,mobile,1,2024-05-24
2409,40,UA,mobile,0,2026-06-09
2410,22,UA,mobile,1,2026-05-06
2411,59,UA,desktop,0,2024-01-28
2412,70,UA,tablet,1,2024-03-06
2413,49,SK,desktop,0,2024-06-11
2414,27,UA,desktop,0,2024-08-16
2415,56,CZ,mobile,0,2024-09-17
2416,32,SK,mobile,1,2025-03-24
2417,24,UA,mobile,0,2025-02-27
2418,46,PL,desktop,0,2025-04-04
2419,64,HU,mobile,0,2025-11-06
2420,20,SK,tablet,0,2024-10-27
2421,36,PL,desktop,0,2024-10-29
2422,27,SK,mobile,0,2024-10-13
2423,45,SK,mobile,0,2025-01-29
2424,46,UA,desktop,0,2024-01-10
2425,32,SK,mobile,1,2025-12-07
2426,52,PL,desktop,0,2025-09-21
2427,23,PL,desktop,0,2024-09-26
2428,29,HU,mobile,0,2025-08-14
2429,64,SK,mobile,0,2025-08-27
2430,55,UA,mobile,0,2026-02-16
2431,30,UA,desktop,1,2026-04-23
2432,46,CZ,mobile,0,2026-05-11
2433,36,CZ,desktop,0,2024-12-26
2434,20,CZ,desktop,0,2024-09-13
2435,25,HU,desktop,1,2024-05-12
2436,25,SK,mobile,0,2024-10-02
2437,37,PL,desktop,0,2026-02-14
2438,64,UA,desktop,0,2025-11-13
2439,21,PL,mobile,0,2025-05-27
2440,68,CZ,desktop,0,2024-11-08
2441,38,CZ,desktop,0,2025-07-29
2442,20,PL,desktop,0,2026-06-04
2443,62,PL,mobile,0,2024-10-10
2444,25,UA,desktop,1,2024-04-30
2445,40,UA,mobile,0,2024-04-16
2446,33,PL,desktop,1,2025-11-17
2447,30,UA,tablet,0,2024-07-22
2448,20,UA,mobile,0,2024-06-13
2449,65,UA,mobile,0,2024-10-31
2450,26,PL,desktop,0,2025-05-11
2451,31,UA,mobile,0,2025-09-23
2452,30,SK,mobile,0,2025-07-09
2453,70,PL,mobile,0,2026-04-03
2454,24,CZ,desktop,0,2024-06-04
2455,32,CZ,desktop,1,2025-01-01
2456,24,UA,desktop,0,2025-12-19
2457,55,PL,desktop,0,2025-09-11
2458,51,HU,desktop,0,2024-09-07
2459,58,SK,mobile,1,2026-05-31
2460,39,HU,mobile,0,2024-11-29
2461,41,CZ,desktop,0,2025-10-03
2462,66,UA,tablet,0,2025-05-25
2463,54,UA,desktop,0,2024-10-19
2464,61,PL,desktop,0,2024-01-20
2465,18,UA,desktop,0,2024-10-08
2466,27,UA,mobile,0,2026-03-07
2467,60,SK,desktop,0,2024-01-01
2468,33,UA,mobile,0,2024-04-28
2469,63,UA,mobile,0,2024-02-04
2470,25,SK,desktop,0,2024-07-16
2471,66,SK,desktop,0,2025-04-29
2472,42,UA,mobile,1,2026-01-26
2473,67,SK,desktop,0,2024-02-28
2474,29,SK,desktop,0,2026-04-16
2475,42,PL,desktop,0,2024-06-09
2476,34,UA,desktop,0,2025-11-21
2477,43,UA,mobile,0,2024-07-24
2478,63,PL,tablet,1,2024-01-12
2479,65,UA,desktop,0,2025-05-04
2480,31,HU,desktop,0,2024-10-02
2481,58,SK,desktop,1,2025-11-23
2482,53,SK,mobile,0,2024-08-29
2483,40,HU,mobile,1,2024-08-03
2484,60,SK,desktop,0,2024-09-07
2485,23,UA,mobile,0,2026-03-21
2486,64,UA,desktop,0,2024-05-05
2487,22,CZ,mobile,0,2024-08-04
2488,60,UA,mobile,1,2024-11-01
2489,42,PL,mobile,0,2026-03-07
2490,35,CZ,desktop,0,2024-07-03
2491,30,HU,mobile,1,2024-02-08
2492,60,UA,desktop,0,2024-08-10
2493,31,SK,mobile,1,2024-07-02
2494,45,UA,desktop,1,2025-05-09
2495,35,CZ,mobile,0,2025-03-02
2496,45,UA,mobile,0,2024-06-26
2497,68,SK,desktop,1,2025-03-03
2498,44,UA,desktop,0,2024-10-20
2499,49,CZ,mobile,1,2026-05-01
2500,64,UA,tablet,0,2024-05-30
2501,26,UA,mobile,0,2025-01-18
2502,57,PL,mobile,0,2025-09-29
2503,49,UA,mobile,0,2026-03-23
2504,37,UA,mobile,0,2024-11-03
2505,45,UA,mobile,0,2024-12-01
2506,50,CZ,mobile,0,2026-01-15
2507,21,CZ,desktop,1,2026-06-10
2508,63,UA,mobile,0,2025-01-09
2509,51,CZ,desktop,1,2024-01-08
2510,65,UA,mobile,0,2024-12-06
2511,20,PL,mobile,0,2024-05-08
2512,43,UA,mobile,1,2026-02-14
2513,25,PL,desktop,0,2025-10-30
2514,23,UA,desktop,1,2024-12-17
2515,33,HU,desktop,0,2024-12-23
2516,41,UA,mobile,0,2025-05-31
2517,65,UA,desktop,1,2025-05-09
2518,56,UA,desktop,0,2024-03-26
2519,47,SK,mobile,0,2024-06-23
2520,62,CZ,mobile,0,2026-03-12
2521,30,CZ,mobile,1,2024-07-11
2522,22,HU,desktop,1,2024-11-06
2523,42,HU,mobile,0,2024-04-28
2524,37,CZ,desktop,1,2024-08-05
2525,35,UA,mobile,0,2025-03-02
2526,64,SK,mobile,1,2025-02-17
2527,35,UA,mobile,0,2024-04-23
2528,19,CZ,desktop,0,2024-05-24
2529,27,CZ,mobile,1,2025-06-21
2530,62,SK,mobile,0,2025-10-09
2531,67,PL,desktop,1,2024-10-29
2532,64,CZ,mobile,0,2026-01-13
2533,29,HU,mobile,0,2026-05-30
2534,64,UA,mobile,1,2025-08-10
2535,30,UA,mobile,1,2026-04-19
2536,67,CZ,mobile,0,2024-12-10
2537,64,HU,mobile,0,2026-03-24
2538,28,UA,mobile,1,2026-03-11
2539,36,UA,mobile,1,2024-01-01
2540,52,UA,tablet,0,2024-05-26
2541,56,UA,mobile,0,2024-10-13
2542,70,HU,mobile,1,2025-10-15
2543,43,CZ,mobile,0,2024-02-22
2544,63,CZ,mobile,1,2024-10-30
2545,31,PL,desktop,0,2024-03-09
2546,62,SK,desktop,0,2024-12-26
2547,61,UA,mobile,0,2025-08-24
2548,41,UA,desktop,0,2024-08-07
2549,58,PL,mobile,0,2025-12-04
2550,18,UA,tablet,1,2025-07-28
2551,68,UA,desktop,0,2025-08-07
2552,60,UA,desktop,1,2024-06-09
2553,39,UA,mobile,0,2025-11-11
2554,40,UA,mobile,1,2024-03-29
2555,36,SK,mobile,0,2025-11-18
2556,35,UA,mobile,0,2026-02-19
2557,29,HU,mobile,0,2025-08-07
2558,45,UA,tablet,0,2026-01-26
2559,45,SK,mobile,1,2025-08-11
2560,50,SK,desktop,0,2024-06-07
2561,36,HU,desktop,0,2025-05-03
2562,45,SK,desktop,0,2024-11-19
2563,69,UA,mobile,0,2025-09-01
2564,66,UA,mobile,0,2025-01-15
2565,54,PL,desktop,0,2024-04-11
2566,43,UA,desktop,0,2025-05-08
2567,52,UA,tablet,1,2025-10-05
2568,51,SK,desktop,0,2025-09-05
2569,52,PL,mobile,0,2024-01-19
2570,57,CZ,mobile,1,2025-03-29
2571,33,HU,mobile,1,2025-04-26
2572,55,CZ,desktop,1,2025-08-16
2573,30,CZ,desktop,0,2025-01-31
2574,40,SK,desktop,0,2024-10-05
2575,39,UA,tablet,1,2026-04-30
2576,33,UA,desktop,0,2024-12-30
2577,45,HU,mobile,0,2024-11-26
2578,65,HU,mobile,0,2025-10-02
2579,52,SK,desktop,0,2024-12-09
2580,62,PL,mobile,1,2026-04-01
2581,63,SK,mobile,0,2025-03-30
2582,25,UA,mobile,1,2025-08-23
2583,61,UA,mobile,0,2025-12-25
2584,39,UA,mobile,1,2025-10-16
2585,38,PL,tablet,0,2024-03-05
2586,43,UA,tablet,0,2024-03-16
2587,57,UA,tablet,0,2025-12-11
2588,38,UA,mobile,1,2024-05-22
2589,42,PL,tablet,1,2026-04-07
2590,58,SK,tablet,0,2025-08-27
2591,18,CZ,tablet,0,2025-04-17
2592,23,UA,desktop,1,2025-02-20
2593,40,PL,desktop,1,2024-10-31
2594,68,CZ,mobile,0,2026-01-05
2595,40,PL,desktop,1,2025-05-11
2596,60,UA,mobile,0,2024-10-17
2597,60,CZ,mobile,0,2024-04-11
2598,40,HU,tablet,0,2024-09-23
2599,49,UA,mobile,1,2026-05-16
2600,47,UA,mobile,0,2025-09-13
2601,30,UA,tablet,0,2026-04-21
2602,60,PL,tablet,1,2026-02-15
2603,35,UA,mobile,0,2024-01-03
2604,40,UA,desktop,1,2024-03-25
2605,32,UA,mobile,1,2026-03-04
2606,50,HU,mobile,1,2024-11-23
2607,38,CZ,mobile,0,2026-03-26
2608,56,CZ,mobile,0,2025-03-25
2609,40,SK,mobile,1,2025-03-29
2610,44,UA,mobile,0,2025-09-20
2611,62,SK,tablet,0,2024-08-08
2612,61,PL,desktop,0,2024-06-02
2613,35,UA,desktop,0,2025-10-26
2614,41,SK,desktop,1,2024-01-12
2615,68,SK,mobile,0,2024-05-12
2616,64,SK,tablet,0,2024-10-30
2617,57,UA,desktop,0,2024-10-19
2618,68,HU,mobile,0,2024-10-26
2619,59,HU,mobile,0,2026-01-09
2620,24,UA,desktop,1,2026-02-21
2621,67,UA,desktop,0,2024-02-12
2622,65,UA,desktop,0,2024-12-08
2623,37,HU,mobile,1,2024-11-21
2624,44,PL,mobile,0,2026-03-24
2625,23,UA,desktop,0,2025-05-12
2626,44,UA,desktop,1,2024-12-29
2627,26,UA,mobile,0,2026-06-09
2628,70,CZ,mobile,1,2025-03-02
2629,62,UA,desktop,1,2024-01-21
2630,48,HU,desktop,1,2025-02-10
2631,38,CZ,mobile,1,2025-09-10
2632,43,SK,mobile,0,2024-12-01
2633,57,UA,desktop,1,2026-03-25
2634,65,UA,tablet,1,2024-04-26
2635,62,PL,mobile,0,2024-05-03
2636,30,UA,mobile,0,2025-02-02
2637,66,UA,tablet,1,2026-03-03
2638,40,HU,mobile,0,2026-03-14
2639,37,PL,desktop,1,2025-12-15
2640,54,UA,desktop,0,2024-02-20
2641,70,UA,mobile,0,2026-02-21
2642,45,UA,desktop,0,2024-11-19
2643,34,HU,desktop,0,2026-02-27
2644,45,UA,desktop,0,2024-05-20
2645,58,UA,mobile,0,2025-04-14
2646,19,CZ,tablet,0,2026-02-25
2647,42,UA,mobile,0,2026-03-12
2648,67,UA,desktop,0,2024-11-29
2649,58,UA,desktop,1,2026-06-11
2650,23,UA,mobile,0,2025-01-07
2651,28,UA,desktop,0,2025-07-17
2652,55,UA,tablet,0,2025-05-08
2653,23,SK,mobile,0,2025-06-22
2654,62,UA,mobile,0,2025-10-30
2655,28,SK,tablet,0,2026-01-20
2656,31,SK,mobile,0,2024-06-04
2657,19,PL,mobile,0,2024-10-17
2658,57,UA,tablet,0,2025-10-09
2659,20,UA,desktop,1,2024-05-23
2660,70,CZ,tablet,0,2024-04-15
2661,52,CZ,mobile,1,2025-02-23
2662,50,CZ,mobile,0,2025-10-31
2663,41,UA,mobile,0,2025-10-19
2664,36,HU,desktop,0,2024-01-02
2665,35,UA,desktop,0,2025-08-11
2666,66,UA,mobile,1,2025-10-05
2667,69,UA,mobile,0,2024-03-30
2668,41,UA,desktop,0,2024-12-10
2669,62,PL,desktop,0,2024-12-15
2670,52,SK,mobile,0,2025-04-03
2671,18,SK,tablet,0,2024-09-19
2672,53,SK,mobile,0,2024-12-16
2673,42,PL,desktop,0,2024-04-17
2674,62,CZ,desktop,0,2025-08-08
2675,66,UA,desktop,0,2024-02-08
2676,60,PL,mobile,0,2024-06-07
2677,51,UA,mobile,0,2025-08-05
2678,42,UA,desktop,0,2024-11-07
2679,33,UA,mobile,1,2024-08-28
2680,51,PL,desktop,0,2025-03-20
2681,46,PL,tablet,0,2024-10-24
2682,36,HU,tablet,0,2024-02-05
2683,40,UA,mobile,0,2024-03-24
2684,36,HU,desktop,1,2025-03-27
2685,42,SK,tablet,0,2026-06-04
2686,33,PL,mobile,1,2026-02-13
2687,68,CZ,mobile,0,2026-04-01
2688,26,UA,mobile,0,2025-01-19
2689,18,SK,mobile,0,2024-06-20
2690,59,PL,desktop,0,2025-01-10
2691,36,HU,desktop,0,2025-11-15
2692,50,CZ,desktop,0,2024-12-27
2693,51,SK,desktop,0,2025-07-12
2694,33,SK,desktop,1,2026-06-09
2695,61,UA,desktop,1,2024-05-20
2696,57,UA,mobile,0,2026-06-05
2697,35,PL,desktop,0,2024-04-27
2698,51,PL,mobile,0,2024-10-03
2699,42,UA,desktop,1,2025-12-26
2700,62,SK,mobile,0,2024-08-07
2701,23,PL,tablet,0,2024-01-26
2702,38,HU,tablet,0,2025-06-04
2703,23,SK,mobile,0,2026-02-21
2704,49,PL,desktop,1,2024-01-10
2705,58,HU,desktop,1,2025-01-12
2706,65,PL,mobile,0,2025-09-24
2707,60,SK,mobile,0,2025-09-28
2708,56,UA,desktop,0,2025-11-12
2709,48,UA,mobile,0,2025-08-06
2710,59,UA,mobile,0,2024-05-31
2711,27,PL,mobile,0,2025-12-20
2712,47,PL,mobile,1,2024-02-18
2713,69,PL,mobile,1,2024-06-02
2714,35,UA,mobile,0,2026-05-08
2715,41,HU,mobile,0,2024-10-19
2716,69,PL,mobile,0,2025-08-02
2717,26,UA,desktop,1,2024-02-19
2718,48,CZ,tablet,1,2025-10-25
2719,32,SK,mobile,0,2025-06-14
2720,21,HU,desktop,0,2025-09-03
2721,57,PL,mobile,1,2024-02-29
2722,26,UA,desktop,0,2024-06-15
2723,62,PL,mobile,0,2024-07-20
2724,26,PL,desktop,0,2026-05-06
2725,43,SK,desktop,0,2024-05-25
2726,21,UA,mobile,0,2025-11-06
2727,34,HU,mobile,0,2025-03-14
2728,33,PL,desktop,0,2024-08-29
2729,32,HU,mobile,1,2025-08-03
2730,52,UA,mobile,0,2025-11-17
2731,69,SK,mobile,0,2025-07-14
2732,22,HU,mobile,0,2025-04-27
2733,22,HU,mobile,0,2024-04-17
2734,37,UA,mobile,0,2024-08-13
2735,32,UA,mobile,0,2025-11-03
2736,35,CZ,mobile,0,2025-09-22
2737,64,UA,desktop,1,2025-10-22
2738,19,UA,desktop,1,2025-10-23
2739,46,UA,tablet,1,2025-03-07
2740,30,PL,tablet,0,2026-03-15
2741,21,PL,tablet,0,2025-10-16
2742,59,UA,desktop,0,2025-02-22
2743,62,UA,desktop,1,2025-03-30
2744,27,PL,mobile,0,2024-06-08
2745,48,PL,desktop,1,2025-06-06
2746,58,UA,mobile,0,2025-10-11
2747,25,UA,desktop,1,2025-08-12
2748,20,HU,mobile,1,2024-03-17
2749,65,HU,desktop,0,2025-05-23
2750,63,HU,mobile,1,2025-03-16
2751,26,SK,mobile,0,2024-09-10
2752,47,UA,mobile,1,2026-02-08
2753,70,CZ,mobile,1,2024-11-15
2754,28,UA,mobile,1,2026-03-13
2755,52,CZ,mobile,0,2024-09-19
2756,54,UA,mobile,0,2025-08-19
2757,59,CZ,mobile,1,2025-10-19
2758,30,PL,desktop,1,2026-04-14
2759,53,UA,mobile,0,2025-07-07
2760,30,SK,mobile,0,2025-01-08
2761,29,UA,tablet,0,2025-09-28
2762,54,UA,desktop,1,2024-06-15
2763,27,UA,mobile,1,2026-01-22
2764,26,UA,mobile,0,2025-04-03
2765,69,UA,desktop,0,2024-10-06
2766,24,HU,mobile,0,2025-11-30
2767,19,UA,mobile,0,2024-10-28
2768,40,PL,desktop,1,2025-06-14
2769,56,UA,mobile,0,2025-08-02
2770,57,CZ,desktop,0,2024-08-05
2771,56,SK,mobile,1,2024-04-11
2772,38,CZ,desktop,0,2025-07-07
2773,40,CZ,desktop,0,2024-10-14
2774,46,HU,mobile,1,2024-06-15
2775,31,SK,desktop,0,2025-09-12
2776,43,CZ,tablet,1,2024-02-05
2777,68,UA,mobile,0,2026-01-13
2778,22,CZ,tablet,1,2026-01-10
2779,48,PL,mobile,0,2024-12-18
2780,42,CZ,desktop,0,2025-11-06
2781,48,SK,mobile,0,2026-06-17
2782,67,CZ,mobile,1,2024-03-13
2783,37,SK,mobile,1,2025-10-09
2784,61,UA,mobile,0,2024-12-18
2785,34,UA,mobile,0,2026-06-09
2786,62,UA,tablet,0,2024-03-10
2787,19,HU,desktop,0,2025-02-28
2788,42,SK,mobile,1,2025-12-08
2789,30,CZ,mobile,0,2026-02-19
2790,56,CZ,desktop,1,2025-07-14
2791,45,CZ,mobile,1,2026-04-07
2792,59,HU,mobile,0,2025-10-03
2793,23,SK,mobile,1,2025-05-31
2794,20,CZ,mobile,0,2025-03-03
2795,52,CZ,mobile,0,2025-06-22
2796,35,UA,desktop,1,2024-06-08
2797,28,CZ,desktop,0,2024-05-28
2798,37,PL,mobile,0,2026-02-14
2799,22,UA,tablet,1,2024-08-17
2800,36,SK,desktop,0,2025-12-12
2801,39,PL,mobile,0,2025-07-15
2802,36,HU,mobile,1,2024-03-07
2803,64,UA,mobile,0,2026-03-22
2804,33,PL,mobile,1,2025-01-15
2805,41,PL,mobile,0,2024-02-27
2806,58,UA,mobile,0,2024-09-15
2807,21,PL,mobile,1,2024-12-07
2808,32,UA,desktop,0,2026-04-17
2809,42,UA,desktop,1,2024-05-09
2810,61,UA,mobile,1,2025-12-27
2811,52,UA,desktop,1,2024-06-20
2812,31,CZ,tablet,0,2026-02-08
2813,66,UA,desktop,0,2025-09-05
2814,36,CZ,mobile,1,2024-07-27
2815,55,SK,mobile,0,2026-03-13
2816,53,PL,desktop,0,2024-12-19
2817,24,HU,mobile,0,2025-04-15
2818,47,CZ,mobile,0,2026-03-08
2819,36,CZ,desktop,0,2024-04-25
2820,66,UA,desktop,1,2024-09-20
2821,42,SK,desktop,0,2025-10-23
2822,33,SK,mobile,0,2026-03-22
2823,64,UA,mobile,1,2025-03-17
2824,57,UA,tablet,0,2025-07-01
2825,68,UA,mobile,1,2025-03-28
2826,25,CZ,mobile,0,2026-04-24
2827,35,UA,mobile,1,2025-04-21
2828,45,CZ,desktop,0,2024-10-13
2829,33,UA,desktop,1,2024-10-29
2830,69,SK,tablet,0,2024-11-06
2831,36,UA,mobile,0,2024-07-26
2832,59,UA,mobile,0,2025-09-09
2833,34,PL,mobile,1,2025-03-21
2834,62,UA,desktop,0,2025-10-31
2835,30,UA,mobile,0,2025-09-24
2836,24,UA,mobile,0,2024-02-24
2837,44,PL,desktop,0,2024-01-12
2838,27,HU,mobile,0,2025-10-18
2839,51,SK,mobile,1,2025-02-03
2840,53,PL,desktop,1,2025-10-09
2841,42,UA,mobile,1,2025-05-29
2842,23,PL,mobile,1,2025-10-17
2843,41,CZ,mobile,0,2025-06-25
2844,35,UA,mobile,1,2024-08-24
2845,40,UA,mobile,0,2024-10-05
2846,23,UA,desktop,1,2024-12-13
2847,46,SK,mobile,0,2025-09-18
2848,42,UA,tablet,1,2024-04-13
2849,34,SK,mobile,0,2025-09-21
2850,63,UA,mobile,0,2025-05-31
2851,41,UA,mobile,0,2026-05-21
2852,28,PL,desktop,0,2024-09-04
2853,43,PL,mobile,0,2024-12-29
2854,68,UA,desktop,1,2024-11-16
2855,51,UA,desktop,1,2025-09-24
2856,45,UA,tablet,0,2024-10-12
2857,20,UA,desktop,0,2024-05-28
2858,28,UA,mobile,0,2024-03-24
2859,55,HU,desktop,1,2025-02-09
2860,31,PL,tablet,0,2025-03-31
2861,68,CZ,tablet,0,2026-01-12
2862,43,UA,mobile,0,2026-03-10
2863,65,UA,desktop,0,2024-06-09
2864,38,UA,mobile,0,2026-02-22
2865,56,PL,mobile,0,2025-04-04
2866,47,PL,desktop,0,2025-07-03
2867,25,UA,tablet,0,2025-05-14
2868,68,SK,desktop,0,2026-01-07
2869,37,PL,desktop,0,2025-05-23
2870,65,UA,mobile,0,2025-10-15
2871,49,UA,mobile,0,2026-03-14
2872,39,PL,desktop,0,2025-04-25
2873,24,SK,mobile,1,2025-10-24
2874,26,UA,desktop,0,2024-04-23
2875,62,UA,mobile,1,2026-01-18
2876,18,PL,mobile,0,2025-07-31
2877,46,UA,mobile,0,2024-12-26
2878,25,CZ,mobile,0,2024-12-06
2879,21,CZ,tablet,0,2026-02-08
2880,52,UA,mobile,0,2026-01-30
2881,20,UA,mobile,1,2025-03-24
2882,62,CZ,desktop,1,2026-04-22
2883,57,UA,mobile,0,2026-04-14
2884,24,UA,desktop,0,2024-06-28
2885,44,SK,mobile,0,2025-12-02
2886,18,UA,mobile,0,2025-02-10
2887,44,PL,tablet,1,2025-10-27
2888,33,UA,desktop,0,2024-07-14
2889,55,CZ,mobile,1,2025-04-10
2890,24,UA,desktop,0,2024-11-06
2891,61,HU,tablet,0,2024-09-18
2892,40,CZ,mobile,0,2025-02-22
2893,58,UA,mobile,0,2025-02-09
2894,28,UA,mobile,0,2024-05-22
2895,59,UA,mobile,0,2024-12-07
2896,70,PL,mobile,0,2024-11-11
2897,50,SK,desktop,0,2024-04-10
2898,67,PL,mobile,0,2024-08-31
2899,53,UA,desktop,0,2025-05-04
2900,54,CZ,mobile,0,2024-01-12
2901,58,UA,desktop,1,2024-08-26
2902,34,SK,desktop,0,2025-07-14
2903,52,CZ,mobile,0,2024-02-11
2904,65,UA,mobile,0,2025-11-08
2905,22,UA,mobile,1,2025-08-16
2906,65,SK,desktop,0,2025-03-04
2907,49,SK,mobile,0,2026-03-13
2908,20,UA,mobile,0,2024-06-06
2909,69,UA,tablet,1,2024-08-03
2910,64,PL,tablet,0,2025-10-31
2911,52,UA,mobile,0,2025-04-06
2912,69,UA,mobile,0,2024-05-13
2913,31,UA,desktop,0,2024-03-07
2914,65,UA,desktop,1,2026-04-27
2915,48,PL,mobile,0,2024-01-07
2916,48,HU,mobile,1,2025-06-09
2917,34,CZ,desktop,0,2024-03-13
2918,41,UA,tablet,0,2025-02-02
2919,69,PL,desktop,1,2025-02-08
2920,40,PL,mobile,0,2025-11-05
2921,35,UA,mobile,0,2025-07-31
2922,67,HU,desktop,0,2026-05-08
2923,31,PL,mobile,1,2024-05-09
2924,67,HU,mobile,0,2025-04-10
2925,32,PL,mobile,0,2024-07-24
2926,32,CZ,mobile,0,2026-02-26
2927,23,UA,mobile,1,2026-02-06
2928,44,PL,desktop,0,2024-09-22
2929,32,UA,desktop,0,2025-06-20
2930,67,SK,tablet,0,2026-03-03
2931,53,SK,desktop,1,2024-09-09
2932,25,SK,mobile,1,2026-04-01
2933,32,CZ,mobile,0,2024-10-15
2934,20,SK,mobile,0,2024-06-12
2935,64,UA,mobile,0,2024-04-04
2936,30,PL,tablet,0,2026-02-20
2937,58,CZ,mobile,0,2026-04-12
2938,51,CZ,mobile,0,2024-04-19
2939,41,CZ,desktop,0,2024-12-01
2940,57,UA,mobile,0,2026-04-01
2941,49,UA,desktop,1,2024-08-25
2942,49,HU,mobile,0,2025-01-15
2943,47,PL,mobile,0,2025-03-11
2944,69,UA,mobile,0,2026-06-17
2945,66,SK,tablet,0,2025-04-27
2946,30,HU,mobile,0,2024-01-25
2947,18,UA,mobile,0,2025-10-14
2948,51,SK,mobile,0,2024-04-26
2949,32,HU,mobile,0,2025-04-26
2950,61,HU,mobile,1,2025-01-26
2951,31,HU,desktop,0,2025-06-20
2952,46,PL,desktop,0,2024-03-19
2953,51,UA,desktop,1,2025-08-02
2954,35,UA,mobile,0,2024-06-21
2955,24,UA,mobile,0,2024-01-12
2956,46,PL,mobile,0,2026-03-10
2957,48,UA,mobile,0,2024-05-07
2958,42,UA,mobile,0,2025-08-30
2959,55,UA,mobile,0,2024-04-01
2960,31,UA,desktop,1,2025-10-14
2961,25,SK,desktop,0,2025-06-26
2962,44,UA,desktop,0,2026-04-25
2963,19,PL,desktop,0,2025-06-15
2964,34,PL,mobile,0,2025-10-19
2965,54,UA,mobile,0,2026-04-07
2966,31,HU,mobile,1,2025-03-22
2967,42,PL,mobile,1,2025-01-24
2968,47,UA,mobile,0,2025-11-02
2969,46,UA,mobile,0,2026-05-10
2970,37,UA,mobile,1,2024-02-12
2971,38,UA,desktop,0,2024-09-10
2972,70,UA,desktop,0,2024-05-09
2973,39,PL,mobile,0,2024-02-29
2974,52,SK,mobile,1,2025-10-24
2975,54,CZ,mobile,0,2025-04-11
2976,33,UA,desktop,1,2024-10-13
2977,67,UA,mobile,0,2025-05-31
2978,66,PL,desktop,0,2025-04-11
2979,60,UA,desktop,0,2026-02-16
2980,34,UA,mobile,0,2024-12-10
2981,33,SK,mobile,1,2025-10-03
2982,19,UA,mobile,0,2025-01-16
2983,21,SK,mobile,0,2026-02-17
2984,38,UA,desktop,0,2025-11-20
2985,56,HU,mobile,0,2024-09-09
2986,51,CZ,mobile,0,2024-02-25
2987,47,CZ,tablet,0,2025-04-07
2988,23,UA,mobile,0,2025-04-01
2989,34,SK,mobile,1,2024-03-23
2990,56,SK,mobile,0,2024-04-08
2991,42,CZ,desktop,1,2024-05-28
2992,22,PL,desktop,0,2024-11-24
2993,22,CZ,mobile,0,2024-06-04
2994,37,UA,tablet,0,2024-07-08
2995,33,PL,desktop,1,2025-05-08
2996,68,SK,mobile,0,2026-06-01
2997,58,UA,desktop,1,2024-09-19
2998,54,UA,mobile,0,2024-03-20
2999,57,PL,desktop,0,2025-02-03
3000,26,CZ,mobile,0,2026-02-02
3001,22,UA,desktop,0,2025-08-31
3002,59,UA,mobile,0,2024-09-16
3003,19,UA,desktop,1,2026-02-10
3004,26,SK,mobile,1,2025-09-06
3005,60,UA,desktop,1,2025-07-05
3006,53,CZ,mobile,1,2026-02-23
3007,39,UA,tablet,1,2024-04-10
3008,39,SK,desktop,1,2024-12-24
3009,39,HU,mobile,0,2025-01-14
3010,51,UA,tablet,0,2026-03-30
3011,46,UA,mobile,0,2024-08-08
3012,55,SK,desktop,0,2026-03-30
3013,63,UA,desktop,1,2025-02-23
3014,50,UA,mobile,0,2024-05-03
3015,35,SK,tablet,0,2025-02-25
3016,24,HU,mobile,0,2024-08-18
3017,18,PL,mobile,0,2025-11-20
3018,50,UA,desktop,0,2024-03-03
3019,18,UA,desktop,0,2025-04-29
3020,41,UA,mobile,0,2025-09-19
3021,21,SK,mobile,0,2025-12-03
3022,21,SK,desktop,0,2025-07-27
3023,35,SK,mobile,0,2026-02-06
3024,44,UA,tablet,0,2025-04-27
3025,60,PL,desktop,0,2025-06-02
3026,49,UA,mobile,0,2024-06-03
3027,50,UA,mobile,1,2024-04-01
3028,45,SK,mobile,0,2025-06-09
3029,59,UA,mobile,1,2025-03-30
3030,58,CZ,desktop,0,2026-01-10
3031,53,CZ,tablet,1,2025-08-20
3032,23,HU,desktop,0,2025-10-06
3033,33,SK,mobile,0,2025-05-24
3034,51,SK,mobile,0,2024-07-01
3035,40,PL,desktop,0,2025-01-20
3036,67,UA,desktop,1,2025-07-27
3037,59,PL,desktop,0,2025-12-31
3038,41,PL,mobile,1,2025-02-08
3039,66,CZ,desktop,1,2024-09-02
3040,30,CZ,mobile,0,2026-01-11
3041,35,UA,desktop,0,2025-08-13
3042,30,UA,desktop,0,2025-10-22
3043,66,UA,desktop,0,2025-10-11
3044,54,CZ,mobile,0,2025-04-15
3045,60,CZ,desktop,1,2026-04-05
3046,56,CZ,mobile,0,2026-06-06
3047,59,UA,desktop,0,2025-02-26
3048,34,UA,mobile,0,2024-03-05
3049,32,SK,mobile,0,2024-01-13
3050,35,SK,mobile,0,2024-07-31
3051,40,PL,desktop,0,2024-08-29
3052,68,CZ,desktop,0,2025-05-07
3053,47,UA,desktop,0,2024-07-31
3054,51,CZ,desktop,0,2025-11-23
3055,21,SK,desktop,0,2024-12-03
3056,20,CZ,mobile,1,2024-06-21
3057,24,PL,desktop,0,2025-11-02
3058,35,PL,desktop,0,2024-06-12
3059,59,CZ,mobile,0,2025-04-09
3060,24,CZ,mobile,0,2025-05-11
3061,57,PL,mobile,1,2025-11-30
3062,23,CZ,mobile,1,2025-01-29
3063,39,UA,mobile,0,2025-12-03
3064,18,HU,mobile,1,2024-11-03
3065,21,SK,desktop,1,2026-02-06
3066,63,UA,mobile,0,2024-07-01
3067,66,PL,mobile,1,2025-09-20
3068,69,UA,tablet,0,2026-03-04
3069,67,UA,mobile,0,2025-05-24
3070,60,UA,mobile,1,2025-12-08
3071,46,CZ,desktop,0,2025-06-29
3072,38,SK,mobile,1,2025-07-17
3073,43,PL,mobile,0,2025-09-15
3074,31,PL,mobile,1,2026-02-02
3075,26,UA,tablet,0,2025-08-16
3076,64,UA,desktop,0,2026-01-13
3077,29,UA,desktop,0,2024-08-14
3078,59,SK,tablet,1,2026-01-14
3079,68,HU,tablet,0,2026-01-02
3080,68,PL,desktop,0,2025-03-11
3081,23,CZ,desktop,0,2025-02-25
3082,37,HU,mobile,0,2025-07-07
3083,41,UA,mobile,1,2024-01-21
3084,44,SK,desktop,0,2025-07-07
3085,55,CZ,desktop,0,2025-01-31
3086,25,PL,tablet,0,2025-09-16
3087,18,UA,mobile,0,2024-04-14
3088,66,CZ,desktop,0,2024-07-10
3089,66,SK,desktop,1,2024-01-17
3090,41,UA,mobile,1,2024-04-29
3091,64,PL,desktop,0,2025-01-27
3092,24,UA,mobile,0,2025-02-28
3093,36,SK,mobile,1,2024-05-08
3094,39,PL,mobile,0,2024-05-09
3095,52,SK,mobile,0,2025-07-25
3096,47,UA,mobile,0,2025-07-13
3097,46,UA,desktop,0,2024-01-29
3098,39,UA,mobile,0,2024-04-06
3099,28,UA,mobile,1,2024-01-10
3100,37,UA,mobile,0,2024-08-29
3101,46,PL,mobile,1,2026-04-05
3102,68,UA,mobile,0,2024-08-19
3103,58,PL,mobile,0,2026-02-27
3104,59,UA,desktop,0,2024-10-10
3105,51,PL,desktop,1,2025-12-15
3106,18,CZ,mobile,0,2026-01-28
3107,48,CZ,mobile,0,2026-03-12
3108,47,HU,mobile,1,2026-02-14
3109,65,UA,mobile,1,2025-12-26
3110,35,PL,desktop,1,2024-07-18
3111,34,PL,desktop,0,2024-03-19
3112,55,UA,desktop,1,2026-05-04
3113,31,CZ,mobile,0,2026-05-05
3114,40,PL,tablet,1,2024-06-21
3115,42,PL,mobile,1,2025-04-11
3116,32,PL,desktop,1,2025-08-03
3117,63,HU,desktop,1,2025-02-19
3118,39,HU,desktop,0,2025-03-24
3119,20,UA,mobile,1,2024-03-27
3120,36,UA,mobile,0,2024-04-10
3121,61,SK,mobile,0,2024-01-08
3122,51,HU,mobile,1,2026-04-24
3123,52,UA,mobile,0,2024-07-18
3124,67,UA,desktop,0,2025-05-19
3125,18,HU,mobile,1,2024-03-27
3126,69,CZ,desktop,0,2024-02-12
3127,38,UA,mobile,0,2025-01-19
3128,46,PL,desktop,0,2025-09-12
3129,23,HU,mobile,0,2025-03-10
3130,54,SK,desktop,0,2025-02-11
3131,18,CZ,mobile,0,2025-04-27
3132,68,CZ,mobile,0,2025-10-25
3133,18,UA,desktop,1,2024-01-17
3134,44,SK,mobile,0,2025-10-06
3135,38,UA,mobile,0,2024-05-27
3136,70,HU,mobile,0,2024-10-03
3137,33,UA,mobile,0,2024-08-19
3138,61,SK,mobile,0,2026-04-05
3139,57,UA,mobile,0,2024-12-31
3140,43,PL,desktop,0,2024-08-15
3141,33,UA,desktop,0,2025-10-12
3142,45,CZ,mobile,1,2025-03-11
3143,18,SK,desktop,0,2025-02-02
3144,53,CZ,mobile,0,2024-07-29
3145,27,PL,mobile,1,2025-01-25
3146,60,UA,mobile,0,2025-05-13
3147,34,HU,desktop,1,2025-06-23
3148,40,CZ,mobile,0,2025-07-16
3149,24,CZ,desktop,0,2025-05-05
3150,61,SK,mobile,1,2025-03-17
3151,70,CZ,tablet,0,2024-09-17
3152,24,PL,desktop,0,2026-02-11
3153,61,CZ,mobile,1,2024-12-15
3154,32,CZ,desktop,0,2024-12-17
3155,51,SK,desktop,0,2025-06-03
3156,63,SK,mobile,1,2024-11-15
3157,62,UA,mobile,0,2024-05-17
3158,21,UA,mobile,0,2025-07-03
3159,31,UA,desktop,0,2025-09-14
3160,31,UA,desktop,1,2025-01-02
3161,33,CZ,mobile,0,2024-08-07
3162,24,SK,mobile,0,2024-12-02
3163,49,UA,mobile,0,2024-08-10
3164,36,PL,mobile,0,2025-10-09
3165,19,HU,desktop,0,2026-02-06
3166,27,SK,tablet,1,2024-12-25
3167,67,PL,mobile,0,2024-11-24
3168,34,SK,mobile,0,2025-04-07
3169,54,PL,mobile,1,2025-07-14
3170,29,UA,desktop,0,2026-03-14
3171,23,UA,mobile,1,2025-01-16
3172,39,UA,mobile,0,2026-04-15
3173,49,UA,desktop,0,2025-08-12
3174,58,HU,mobile,1,2025-09-08
3175,37,SK,mobile,0,2024-06-17
3176,18,PL,desktop,0,2024-08-04
3177,64,PL,mobile,0,2025-01-12
3178,70,UA,mobile,1,2024-04-28
3179,23,CZ,mobile,1,2024-07-08
3180,36,SK,mobile,0,2026-02-05
3181,35,UA,mobile,1,2025-01-04
3182,23,UA,tablet,0,2026-02-16
3183,62,CZ,mobile,0,2024-05-28
3184,50,PL,desktop,1,2025-11-06
3185,40,UA,mobile,1,2025-10-13
3186,40,CZ,mobile,0,2026-05-08
3187,43,PL,mobile,0,2025-05-02
3188,30,UA,mobile,0,2026-02-08
3189,24,UA,mobile,1,2025-01-08
3190,32,PL,mobile,1,2026-02-19
3191,61,SK,mobile,0,2025-11-23
3192,44,HU,mobile,1,2024-06-08
3193,43,SK,tablet,0,2024-12-16
3194,50,CZ,mobile,1,2024-10-14
3195,32,PL,mobile,0,2024-10-14
3196,53,CZ,mobile,0,2026-06-10
3197,62,HU,mobile,0,2024-08-13
3198,44,UA,desktop,0,2025-06-06
3199,22,PL,mobile,1,2025-06-05
3200,19,CZ,mobile,1,2026-02-21
3201,50,CZ,mobile,0,2024-09-29
3202,33,UA,desktop,1,2025-02-05
3203,40,PL,mobile,0,2024-07-01
3204,55,SK,mobile,0,2025-10-26
3205,33,PL,mobile,0,2025-05-02
3206,31,SK,mobile,0,2026-04-06
3207,46,UA,mobile,0,2026-04-25
3208,43,HU,desktop,0,2024-05-03
3209,52,PL,desktop,1,2025-09-17
3210,32,PL,desktop,0,2026-02-28
3211,20,UA,mobile,0,2025-02-17
3212,40,UA,mobile,0,2025-12-25
3213,46,CZ,mobile,1,2024-06-20
3214,51,UA,desktop,0,2024-10-14
3215,50,PL,mobile,1,2025-03-10
3216,58,UA,tablet,0,2025-11-16
3217,58,SK,mobile,0,2024-04-22
3218,40,SK,tablet,0,2026-06-06
3219,24,UA,mobile,0,2024-05-01
3220,20,CZ,mobile,0,2025-06-27
3221,49,SK,mobile,0,2024-08-09
3222,48,CZ,desktop,0,2025-09-22
3223,35,UA,mobile,1,2024-02-08
3224,60,CZ,desktop,0,2025-05-11
3225,24,UA,desktop,0,2026-02-18
3226,58,UA,desktop,0,2024-08-20
3227,18,UA,desktop,0,2025-06-13
3228,31,PL,desktop,0,2024-05-28
3229,69,UA,desktop,0,2025-01-31
3230,49,HU,mobile,0,2025-10-22
3231,23,UA,desktop,0,2025-09-29
3232,56,UA,desktop,0,2024-10-28
3233,27,PL,mobile,0,2024-12-25
3234,24,UA,tablet,0,2024-08-25
3235,43,PL,mobile,1,2025-10-08
3236,51,UA,mobile,0,2025-10-24
3237,47,UA,mobile,1,2024-08-23
3238,53,UA,mobile,0,2026-01-05
3239,38,PL,desktop,1,2024-07-21
3240,34,UA,tablet,0,2024-09-12
3241,50,SK,desktop,0,2025-08-20
3242,27,CZ,tablet,1,2025-10-23
3243,68,CZ,mobile,0,2024-08-22
3244,64,PL,mobile,0,2024-12-10
3245,59,PL,mobile,0,2025-06-17
3246,68,HU,desktop,0,2026-05-09
3247,29,UA,mobile,0,2026-03-07
3248,33,UA,tablet,0,2026-02-19
3249,58,UA,desktop,1,2025-04-10
3250,49,UA,tablet,0,2026-02-08
3251,32,UA,mobile,0,2025-06-24
3252,44,CZ,mobile,0,2024-07-31
3253,45,PL,desktop,1,2025-04-07
3254,34,HU,desktop,1,2025-03-11
3255,63,UA,mobile,0,2024-10-09
3256,67,UA,tablet,0,2025-07-15
3257,19,HU,desktop,0,2025-08-29
3258,53,SK,mobile,0,2025-04-07
3259,67,PL,mobile,0,2025-02-10
3260,24,PL,mobile,1,2024-03-28
3261,30,SK,mobile,1,2024-02-13
3262,32,PL,desktop,0,2025-04-05
3263,42,UA,mobile,0,2024-10-04
3264,40,SK,desktop,0,2025-11-13
3265,39,PL,desktop,0,2025-02-24
3266,43,UA,mobile,1,2025-12-01
3267,50,PL,mobile,0,2024-12-18
3268,28,UA,mobile,0,2025-11-26
3269,27,SK,mobile,1,2025-05-29
3270,42,UA,desktop,0,2025-12-03
3271,54,SK,tablet,1,2025-09-21
3272,65,PL,mobile,1,2024-01-19
3273,60,UA,mobile,1,2024-01-23
3274,70,UA,mobile,0,2025-02-16
3275,55,CZ,mobile,0,2024-01-30
3276,58,HU,mobile,0,2026-03-17
3277,62,UA,desktop,0,2024-04-17
3278,41,UA,mobile,0,2025-01-01
3279,57,PL,tablet,0,2024-10-07
3280,63,SK,mobile,0,2024-05-07
3281,50,UA,desktop,0,2024-08-16
3282,34,CZ,desktop,1,2024-04-20
3283,41,PL,mobile,0,2024-05-15
3284,54,UA,mobile,0,2024-12-27
3285,19,PL,desktop,0,2024-07-04
3286,49,UA,desktop,1,2025-10-17
3287,41,SK,desktop,0,2025-08-06
3288,26,CZ,desktop,0,2024-05-08
3289,21,PL,mobile,0,2026-05-25
3290,34,UA,desktop,0,2024-09-17
3291,34,UA,tablet,1,2025-05-29
3292,70,SK,desktop,1,2025-03-24
3293,67,PL,desktop,0,2026-06-18
3294,65,PL,desktop,0,2024-04-13
3295,47,PL,desktop,0,2025-04-27
3296,57,PL,desktop,1,2024-08-11
3297,28,UA,desktop,0,2026-04-11
3298,38,UA,mobile,1,2026-05-23
3299,38,UA,desktop,0,2026-05-15
3300,35,SK,desktop,1,2025-05-05
3301,46,UA,mobile,1,2025-04-17
3302,41,UA,mobile,0,2024-01-10
3303,27,SK,desktop,1,2025-02-08
3304,62,UA,desktop,1,2026-06-14
3305,34,CZ,mobile,0,2024-10-28
3306,35,UA,desktop,1,2024-08-18
3307,59,UA,desktop,1,2025-12-31
3308,65,UA,mobile,1,2024-03-06
3309,37,UA,mobile,0,2024-04-21
3310,54,SK,tablet,0,2024-01-13
3311,62,PL,desktop,0,2025-01-27
3312,35,UA,mobile,1,2025-05-14
3313,34,UA,mobile,1,2025-08-20
3314,26,PL,mobile,0,2024-08-21
3315,31,UA,desktop,0,2025-08-24
3316,66,UA,mobile,1,2024-11-09
3317,46,PL,mobile,0,2025-07-19
3318,48,SK,mobile,0,2024-01-12
3319,21,UA,desktop,0,2024-07-27
3320,35,CZ,mobile,0,2024-01-14
3321,37,SK,mobile,0,2025-09-24
3322,64,UA,tablet,0,2025-02-21
3323,60,SK,mobile,0,2025-03-12
3324,61,SK,mobile,1,2025-01-11
3325,26,UA,desktop,0,2024-01-20
3326,30,HU,mobile,0,2025-08-09
3327,32,UA,desktop,0,2026-01-24
3328,44,UA,mobile,0,2026-01-04
3329,32,SK,mobile,0,2024-03-10
3330,45,PL,tablet,0,2026-04-03
3331,54,UA,mobile,0,2024-07-29
3332,36,UA,desktop,0,2024-04-10
3333,43,SK,mobile,0,2025-11-28
3334,69,SK,mobile,0,2024-05-11
3335,43,PL,desktop,0,2025-09-14
3336,42,HU,mobile,0,2025-01-15
3337,43,UA,mobile,0,2024-05-11
3338,43,UA,mobile,0,2024-01-20
3339,63,CZ,mobile,1,2025-06-19
3340,45,SK,desktop,0,2024-08-14
3341,66,UA,desktop,0,2024-06-02
3342,35,UA,desktop,1,2026-03-15
3343,49,SK,desktop,0,2026-01-11
3344,70,HU,mobile,0,2025-04-13
3345,20,CZ,mobile,0,2026-04-01
3346,19,UA,desktop,0,2026-05-20
3347,50,HU,mobile,0,2025-02-08
3348,59,SK,mobile,0,2024-07-20
3349,36,PL,tablet,1,2024-02-07
3350,34,SK,mobile,0,2026-02-10
3351,61,SK,mobile,0,2024-07-06
3352,50,HU,desktop,0,2024-02-26
3353,29,SK,desktop,0,2024-01-20
3354,66,CZ,mobile,0,2024-09-29
3355,20,CZ,mobile,1,2024-04-28
3356,60,PL,tablet,1,2025-08-05
3357,66,CZ,desktop,1,2025-05-30
3358,43,SK,desktop,0,2024-08-08
3359,52,HU,mobile,1,2025-06-09
3360,25,PL,mobile,0,2025-05-29
3361,69,PL,mobile,0,2025-12-28
3362,53,PL,mobile,0,2026-01-10
3363,70,CZ,mobile,1,2024-12-01
3364,24,CZ,mobile,0,2025-11-28
3365,63,UA,mobile,0,2024-02-24
3366,63,PL,desktop,1,2025-05-14
3367,53,UA,desktop,0,2026-06-18
3368,33,UA,mobile,0,2026-06-06
3369,41,SK,mobile,0,2026-02-04
3370,18,UA,mobile,0,2025-06-19
3371,66,UA,mobile,0,2024-06-10
3372,42,UA,mobile,0,2025-10-31
3373,27,UA,mobile,0,2025-08-16
3374,33,SK,desktop,1,2024-06-07
3375,33,PL,desktop,1,2024-07-06
3376,25,SK,desktop,1,2024-02-29
3377,46,UA,desktop,0,2026-03-27
3378,56,UA,desktop,0,2024-11-14
3379,45,UA,desktop,0,2026-05-27
3380,23,CZ,desktop,1,2024-07-29
3381,33,PL,mobile,1,2025-02-09
3382,37,HU,desktop,1,2025-10-25
3383,33,CZ,mobile,0,2024-04-18
3384,24,PL,desktop,0,2024-03-16
3385,58,SK,tablet,1,2025-06-25
3386,31,HU,desktop,0,2024-11-09
3387,60,UA,mobile,0,2024-04-26
3388,43,UA,mobile,1,2026-05-17
3389,43,CZ,desktop,0,2025-12-04
3390,31,PL,tablet,0,2024-01-19
3391,24,HU,mobile,0,2025-03-07
3392,50,PL,desktop,0,2025-11-15
3393,43,UA,desktop,0,2026-01-09
3394,62,HU,mobile,0,2024-12-15
3395,37,SK,desktop,1,2024-07-01
3396,20,UA,mobile,0,2024-04-22
3397,69,HU,desktop,0,2024-07-01
3398,21,UA,mobile,0,2025-04-25
3399,43,UA,desktop,0,2024-05-25
3400,28,HU,desktop,0,2026-04-10
3401,19,PL,mobile,1,2025-09-19
3402,31,UA,desktop,0,2024-04-22
3403,61,UA,desktop,0,2026-02-01
3404,47,CZ,desktop,1,2025-04-20
3405,66,UA,mobile,0,2026-02-01
3406,29,PL,mobile,0,2024-10-29
3407,43,CZ,mobile,0,2026-04-04
3408,61,UA,desktop,0,2024-04-27
3409,50,CZ,mobile,0,2026-03-23
3410,30,SK,tablet,0,2024-06-09
3411,31,PL,desktop,0,2025-02-04
3412,41,UA,desktop,1,2024-07-16
3413,51,UA,desktop,0,2024-09-16
3414,61,CZ,desktop,0,2025-10-21
3415,43,SK,desktop,0,2026-01-21
3416,38,UA,mobile,0,2024-02-16
3417,45,UA,desktop,0,2025-02-02
3418,65,UA,desktop,0,2025-12-10
3419,53,PL,desktop,1,2025-07-12
3420,57,UA,desktop,1,2024-03-18
3421,19,SK,mobile,0,2024-05-03
3422,59,UA,mobile,1,2024-03-15
3423,26,CZ,desktop,0,2026-05-20
3424,40,PL,mobile,0,2024-05-16
3425,32,PL,desktop,1,2025-08-24
3426,30,UA,mobile,1,2025-02-03
3427,40,CZ,mobile,0,2026-04-16
3428,34,UA,mobile,0,2025-05-19
3429,65,UA,desktop,0,2025-05-14
3430,19,PL,desktop,0,2025-07-26
3431,37,CZ,mobile,1,2024-05-17
3432,37,UA,tablet,0,2024-02-19
3433,63,UA,mobile,0,2026-02-09
3434,20,SK,mobile,0,2025-09-10
3435,29,SK,desktop,0,2025-09-16
3436,57,UA,desktop,1,2026-05-11
3437,19,CZ,mobile,1,2024-09-10
3438,53,PL,tablet,0,2025-09-21
3439,31,CZ,tablet,0,2025-12-10
3440,33,SK,mobile,0,2026-04-28
3441,36,UA,mobile,0,2026-05-26
3442,51,SK,desktop,0,2025-07-16
3443,61,PL,mobile,0,2026-01-26
3444,63,PL,mobile,0,2025-03-01
3445,23,CZ,desktop,0,2025-06-30
3446,30,HU,mobile,1,2024-10-28
3447,53,UA,mobile,0,2025-08-03
3448,39,UA,mobile,1,2024-12-14
3449,35,UA,desktop,0,2026-04-11
3450,29,HU,desktop,1,2024-02-18
3451,69,CZ,mobile,0,2024-03-14
3452,47,CZ,mobile,1,2025-12-04
3453,70,UA,desktop,0,2024-09-17
3454,68,SK,tablet,1,2024-12-21
3455,57,SK,tablet,0,2025-08-04
3456,24,CZ,mobile,0,2025-08-24
3457,49,UA,desktop,0,2024-09-16
3458,65,UA,desktop,1,2025-09-29
3459,36,PL,desktop,1,2026-01-12
3460,23,CZ,desktop,1,2024-10-21
3461,37,UA,mobile,1,2025-10-02
3462,44,CZ,desktop,1,2026-03-02
3463,70,UA,mobile,0,2024-11-08
3464,60,SK,mobile,0,2025-09-03
3465,54,PL,desktop,0,2026-04-17
3466,65,UA,tablet,0,2026-03-19
3467,24,PL,mobile,0,2024-06-30
3468,22,UA,desktop,0,2025-11-16
3469,28,UA,mobile,0,2026-04-07
3470,32,SK,desktop,0,2024-12-29
3471,20,UA,desktop,0,2024-07-06
3472,22,UA,mobile,0,2025-07-22
3473,40,UA,mobile,0,2025-06-26
3474,70,UA,mobile,0,2025-08-18
3475,54,UA,mobile,1,2025-10-25
3476,26,UA,mobile,0,2025-07-01
3477,32,PL,desktop,1,2025-12-25
3478,20,UA,mobile,0,2025-02-11
3479,46,CZ,desktop,0,2026-05-25
3480,23,UA,mobile,0,2025-09-09
3481,34,UA,desktop,0,2025-02-17
3482,43,UA,mobile,0,2024-12-07
3483,38,SK,mobile,0,2024-08-07
3484,25,CZ,mobile,1,2024-06-11
3485,38,SK,mobile,1,2024-08-07
3486,28,UA,desktop,1,2024-09-26
3487,55,SK,desktop,1,2025-09-23
3488,25,UA,desktop,0,2026-04-27
3489,59,UA,mobile,0,2025-02-03
3490,41,CZ,mobile,0,2024-06-30
3491,52,UA,mobile,0,2025-09-09
3492,31,HU,desktop,1,2025-12-29
3493,31,UA,mobile,1,2024-07-23
3494,27,HU,mobile,1,2025-08-04
3495,29,CZ,mobile,1,2025-07-09
3496,55,PL,mobile,0,2026-04-20
3497,61,UA,mobile,0,2026-03-23
3498,63,UA,mobile,0,2024-08-15
3499,51,HU,mobile,1,2025-11-26
3500,58,UA,mobile,1,2025-09-10
3501,27,CZ,mobile,0,2025-08-18
3502,34,HU,desktop,0,2026-04-29
3503,34,UA,mobile,0,2024-09-06
3504,20,PL,mobile,0,2026-05-24
3505,48,CZ,mobile,1,2025-03-16
3506,68,UA,mobile,0,2025-06-16
3507,18,UA,mobile,0,2024-07-14
3508,29,PL,desktop,0,2025-11-20
3509,56,UA,desktop,1,2025-06-02
3510,21,CZ,mobile,0,2024-03-10
3511,59,UA,desktop,0,2025-09-30
3512,30,HU,mobile,0,2025-02-02
3513,51,UA,mobile,0,2025-11-02
3514,59,CZ,tablet,0,2026-01-29
3515,38,PL,desktop,1,2024-07-21
3516,39,UA,tablet,1,2024-05-27
3517,21,UA,mobile,0,2025-04-16
3518,35,SK,mobile,0,2025-10-16
3519,22,SK,mobile,1,2024-07-17
3520,36,UA,desktop,0,2025-03-01
3521,19,PL,mobile,0,2025-10-27
3522,29,UA,desktop,0,2025-05-06
3523,34,UA,mobile,0,2026-06-06
3524,27,CZ,mobile,0,2026-06-14
3525,51,SK,desktop,1,2024-05-21
3526,23,UA,desktop,1,2024-11-08
3527,25,HU,mobile,0,2024-06-13
3528,68,UA,tablet,1,2024-11-09
3529,28,CZ,mobile,0,2024-01-21
3530,29,PL,mobile,0,2024-03-22
3531,26,PL,desktop,0,2025-08-03
3532,19,PL,tablet,0,2024-05-10
3533,25,UA,desktop,1,2025-08-21
3534,28,CZ,desktop,0,2025-12-30
3535,70,CZ,desktop,1,2024-10-31
3536,53,UA,tablet,0,2025-01-05
3537,27,SK,mobile,0,2026-05-06
3538,38,UA,desktop,0,2026-05-02
3539,37,CZ,desktop,1,2025-01-18
3540,65,UA,mobile,0,2025-03-20
3541,25,UA,mobile,0,2025-02-28
3542,53,UA,mobile,0,2024-06-09
3543,46,PL,desktop,0,2024-06-26
3544,59,CZ,mobile,1,2025-09-20
3545,29,UA,desktop,1,2025-12-08
3546,31,UA,mobile,1,2026-06-13
3547,65,UA,mobile,1,2025-05-04
3548,67,CZ,desktop,0,2024-11-22
3549,38,CZ,desktop,0,2025-08-20
3550,39,UA,mobile,0,2024-10-15
3551,38,UA,mobile,1,2025-08-15
3552,61,SK,desktop,0,2025-10-25
3553,67,UA,tablet,0,2025-07-26
3554,47,UA,tablet,0,2025-07-26
3555,56,UA,desktop,0,2024-12-19
3556,37,PL,mobile,0,2024-01-28
3557,41,PL,mobile,0,2024-02-12
3558,40,CZ,mobile,1,2025-11-11
3559,24,UA,mobile,0,2025-02-26
3560,26,CZ,mobile,0,2025-08-20
3561,18,UA,mobile,1,2024-06-25
3562,43,SK,desktop,0,2025-06-12
3563,55,PL,mobile,0,2025-09-01
3564,55,PL,desktop,0,2025-05-08
3565,61,UA,tablet,0,2024-07-16
3566,39,UA,desktop,0,2025-09-01
3567,61,PL,desktop,0,2025-07-30
3568,27,CZ,desktop,1,2026-04-21
3569,23,UA,mobile,0,2026-05-02
3570,34,HU,mobile,0,2025-05-31
3571,68,HU,mobile,0,2025-05-28
3572,67,PL,mobile,1,2024-01-22
3573,55,HU,desktop,1,2024-04-21
3574,41,UA,tablet,0,2024-02-26
3575,68,UA,tablet,0,2024-03-06
3576,27,UA,mobile,0,2026-04-21
3577,25,PL,tablet,0,2024-04-07
3578,38,UA,mobile,0,2024-05-23
3579,23,HU,desktop,0,2026-05-29
3580,38,UA,mobile,0,2025-03-10
3581,56,UA,mobile,0,2025-09-28
3582,41,SK,mobile,0,2025-11-09
3583,50,UA,desktop,0,2024-03-26
3584,35,UA,mobile,0,2025-08-10
3585,45,CZ,mobile,0,2024-12-09
3586,69,UA,tablet,0,2024-10-20
3587,49,UA,tablet,1,2025-07-24
3588,29,UA,mobile,0,2025-10-11
3589,65,PL,desktop,0,2025-09-02
3590,59,HU,mobile,0,2025-12-04
3591,44,SK,mobile,0,2024-08-30
3592,27,UA,mobile,0,2026-04-10
3593,63,UA,mobile,0,2025-07-14
3594,69,PL,mobile,0,2024-02-01
3595,59,HU,desktop,0,2025-01-25
3596,49,UA,mobile,1,2024-10-03
3597,59,UA,desktop,1,2025-06-15
3598,43,CZ,desktop,1,2024-06-02
3599,42,HU,mobile,0,2025-01-17
3600,28,UA,mobile,0,2024-03-08
3601,40,UA,desktop,1,2026-05-27
3602,51,UA,desktop,0,2026-06-02
3603,69,UA,desktop,0,2024-08-01
3604,57,CZ,desktop,0,2025-10-16
3605,40,CZ,mobile,0,2025-01-10
3606,46,CZ,desktop,0,2026-01-13
3607,48,UA,mobile,0,2024-07-31
3608,24,UA,tablet,0,2024-03-19
3609,57,UA,desktop,0,2025-12-26
3610,50,UA,mobile,0,2025-09-19
3611,38,SK,mobile,0,2025-08-26
3612,19,UA,desktop,0,2026-02-20
3613,35,UA,mobile,0,2025-01-15
3614,64,UA,mobile,0,2025-11-10
3615,50,UA,desktop,0,2024-02-27
3616,54,PL,desktop,0,2026-03-06
3617,51,SK,mobile,0,2024-01-26
3618,37,UA,desktop,0,2026-05-30
3619,52,CZ,tablet,0,2025-03-22
3620,68,UA,tablet,1,2024-03-06
3621,67,UA,desktop,1,2026-01-29
3622,35,HU,tablet,0,2024-09-10
3623,63,UA,desktop,0,2026-06-17
3624,41,CZ,mobile,0,2024-02-13
3625,25,UA,desktop,0,2024-04-06
3626,47,PL,mobile,1,2025-07-07
3627,61,SK,mobile,1,2024-08-14
3628,70,SK,mobile,0,2026-02-12
3629,27,SK,desktop,0,2025-11-09
3630,40,PL,desktop,1,2025-03-11
3631,69,UA,desktop,1,2026-03-01
3632,66,CZ,mobile,0,2025-08-23
3633,28,CZ,mobile,0,2025-01-13
3634,19,UA,mobile,0,2024-06-26
3635,43,PL,desktop,0,2025-03-02
3636,53,SK,mobile,1,2025-12-09
3637,50,PL,mobile,1,2024-11-02
3638,64,UA,mobile,1,2026-02-17
3639,30,SK,desktop,0,2025-05-18
3640,57,UA,desktop,0,2024-09-24
3641,42,UA,desktop,0,2025-08-08
3642,21,CZ,mobile,0,2024-01-08
3643,59,UA,mobile,0,2025-05-22
3644,36,CZ,mobile,0,2025-04-20
3645,35,UA,mobile,0,2024-10-23
3646,54,UA,mobile,0,2024-06-12
3647,47,UA,mobile,0,2025-04-29
3648,36,HU,mobile,1,2025-08-19
3649,40,UA,mobile,0,2024-03-12
3650,33,UA,mobile,0,2025-07-20
3651,18,UA,desktop,0,2025-07-12
3652,29,UA,tablet,1,2024-08-25
3653,41,PL,desktop,0,2024-04-13
3654,51,UA,mobile,0,2024-07-28
3655,70,PL,mobile,0,2025-07-07
3656,25,PL,desktop,0,2026-04-07
3657,35,SK,mobile,0,2025-04-12
3658,65,CZ,desktop,1,2025-03-29
3659,22,PL,desktop,0,2024-09-24
3660,43,UA,tablet,1,2025-01-20
3661,47,CZ,desktop,0,2026-02-13
3662,30,CZ,desktop,0,2026-04-27
3663,36,UA,desktop,0,2025-01-21
3664,46,HU,mobile,1,2026-05-26
3665,20,UA,mobile,0,2024-09-15
3666,43,UA,mobile,0,2024-10-09
3667,57,UA,mobile,0,2025-09-17
3668,29,HU,mobile,0,2026-05-24
3669,19,PL,mobile,1,2024-02-09
3670,28,SK,desktop,1,2025-04-30
3671,61,UA,mobile,0,2024-08-07
3672,45,PL,mobile,0,2024-05-08
3673,35,UA,mobile,0,2025-06-03
3674,30,SK,mobile,0,2025-09-04
3675,54,UA,mobile,1,2026-06-10
3676,39,UA,tablet,0,2025-11-18
3677,29,UA,desktop,0,2025-09-10
3678,19,SK,mobile,0,2025-09-04
3679,54,PL,mobile,0,2024-09-16
3680,24,UA,mobile,0,2024-12-31
3681,43,PL,desktop,1,2026-01-27
3682,43,HU,mobile,0,2026-02-25
3683,41,SK,mobile,0,2025-06-27
3684,29,CZ,mobile,0,2025-10-10
3685,33,UA,tablet,1,2025-06-07
3686,40,UA,mobile,0,2026-03-24
3687,57,HU,desktop,0,2026-06-05
3688,26,PL,mobile,0,2024-01-16
3689,49,UA,desktop,0,2024-05-08
3690,32,PL,desktop,1,2025-07-28
3691,54,HU,mobile,0,2024-04-18
3692,30,UA,mobile,0,2026-06-05
3693,22,PL,mobile,0,2025-06-16
3694,28,SK,mobile,0,2025-10-31
3695,27,PL,desktop,0,2024-09-25
3696,69,UA,mobile,1,2024-06-10
3697,30,HU,desktop,0,2024-09-16
3698,58,HU,mobile,1,2024-04-11
3699,70,SK,mobile,0,2025-05-20
3700,63,CZ,desktop,1,2026-01-04
3701,67,UA,desktop,0,2025-07-24
3702,32,HU,mobile,0,2024-09-03
3703,59,UA,mobile,0,2025-10-01
3704,24,SK,mobile,0,2026-03-05
3705,57,HU,desktop,0,2026-04-16
3706,45,CZ,mobile,1,2025-06-20
3707,49,SK,mobile,1,2024-05-10
3708,52,SK,desktop,0,2024-12-18
3709,32,UA,mobile,0,2024-07-14
3710,65,CZ,mobile,0,2026-03-03
3711,53,UA,mobile,1,2025-10-27
3712,38,PL,desktop,0,2025-01-16
3713,23,UA,tablet,0,2025-10-06
3714,18,UA,desktop,1,2024-08-14
3715,21,SK,mobile,0,2025-12-01
3716,28,HU,desktop,1,2025-04-20
3717,61,UA,mobile,0,2025-04-21
3718,43,PL,mobile,0,2024-09-21
3719,54,PL,tablet,0,2025-01-06
3720,40,HU,mobile,0,2025-04-30
3721,46,PL,mobile,1,2025-03-09
3722,38,CZ,desktop,0,2025-10-07
3723,65,HU,desktop,0,2024-07-29
3724,62,UA,mobile,0,2025-07-25
3725,62,HU,mobile,0,2025-01-11
3726,66,HU,mobile,0,2025-01-29
3727,44,HU,mobile,0,2025-03-25
3728,56,UA,mobile,1,2024-12-29
3729,57,UA,mobile,0,2026-05-25
3730,30,SK,tablet,0,2025-04-01
3731,40,UA,mobile,1,2025-12-25
3732,33,CZ,mobile,0,2025-12-28
3733,47,UA,mobile,1,2024-08-13
3734,21,UA,mobile,0,2024-05-10
3735,57,UA,mobile,0,2025-08-10
3736,33,PL,tablet,0,2025-04-20
3737,48,UA,desktop,0,2026-03-08
3738,70,PL,mobile,0,2024-10-03
3739,59,PL,desktop,0,2024-06-04
3740,42,CZ,mobile,0,2026-01-29
3741,61,CZ,desktop,0,2024-08-05
3742,29,PL,mobile,0,2024-07-08
3743,43,PL,desktop,0,2025-02-20
3744,54,UA,mobile,0,2025-11-05
3745,65,PL,desktop,0,2025-11-22
3746,50,PL,desktop,0,2025-06-29
3747,45,PL,mobile,0,2024-02-10
3748,26,UA,mobile,0,2024-11-02
3749,29,CZ,mobile,0,2024-12-03
3750,22,UA,desktop,1,2024-11-09
3751,69,HU,mobile,0,2024-03-15
3752,45,UA,desktop,0,2024-10-05
3753,52,HU,tablet,1,2024-06-24
3754,22,PL,mobile,0,2026-06-14
3755,51,UA,mobile,0,2025-10-23
3756,63,UA,desktop,1,2024-09-29
3757,51,UA,desktop,0,2026-04-16
3758,30,UA,tablet,1,2025-09-11
3759,56,UA,mobile,1,2025-10-12
3760,59,CZ,mobile,0,2026-05-11
3761,62,UA,desktop,1,2026-02-21
3762,65,SK,desktop,1,2026-05-08
3763,31,UA,desktop,0,2024-10-15
3764,28,HU,mobile,1,2025-12-24
3765,59,PL,mobile,0,2026-06-11
3766,55,UA,mobile,0,2024-09-28
3767,21,UA,tablet,0,2024-03-06
3768,70,UA,mobile,0,2025-04-27
3769,50,UA,desktop,0,2024-09-04
3770,24,PL,desktop,0,2024-06-04
3771,58,CZ,mobile,0,2024-02-16
3772,25,HU,mobile,0,2025-03-29
3773,54,PL,desktop,0,2024-07-19
3774,68,HU,mobile,0,2025-10-21
3775,27,HU,mobile,0,2024-05-03
3776,60,SK,mobile,1,2024-01-01
3777,32,PL,desktop,0,2026-01-28
3778,55,UA,tablet,0,2026-05-04
3779,32,UA,desktop,0,2025-10-01
3780,22,CZ,desktop,0,2024-07-09
3781,46,PL,mobile,0,2025-08-01
3782,36,UA,desktop,1,2025-05-30
3783,68,PL,tablet,1,2025-03-17
3784,27,UA,mobile,0,2026-03-25
3785,29,CZ,mobile,0,2026-03-16
3786,21,UA,tablet,0,2024-05-22
3787,48,CZ,desktop,0,2024-07-09
3788,35,SK,mobile,0,2025-06-16
3789,33,UA,tablet,0,2024-08-14
3790,57,PL,mobile,0,2024-11-08
3791,53,SK,mobile,0,2025-09-20
3792,42,UA,desktop,1,2024-10-28
3793,40,UA,mobile,0,2025-10-15
3794,29,UA,desktop,1,2025-04-04
3795,51,PL,mobile,0,2025-02-04
3796,53,PL,mobile,0,2025-07-04
3797,54,UA,mobile,0,2025-01-27
3798,20,PL,desktop,1,2026-05-16
3799,26,UA,mobile,1,2026-02-02
3800,70,SK,tablet,0,2026-04-24
3801,35,UA,desktop,0,2024-07-25
3802,60,SK,mobile,0,2024-07-28
3803,52,PL,mobile,0,2024-04-24
3804,51,CZ,desktop,0,2026-01-06
3805,58,PL,mobile,0,2025-10-07
3806,31,CZ,mobile,0,2024-09-07
3807,21,UA,mobile,0,2024-08-06
3808,46,SK,mobile,0,2025-02-10
3809,58,PL,mobile,0,2025-03-18
3810,62,PL,desktop,0,2025-08-25
3811,67,PL,tablet,0,2024-12-19
3812,32,SK,mobile,1,2026-06-06
3813,45,CZ,desktop,0,2025-07-11
3814,59,UA,tablet,0,2025-07-03
3815,33,CZ,tablet,0,2024-05-21
3816,29,CZ,tablet,1,2025-09-03
3817,69,HU,desktop,0,2025-05-15
3818,22,SK,desktop,1,2026-04-19
3819,51,CZ,mobile,0,2025-12-02
3820,59,UA,mobile,0,2025-06-30
3821,18,SK,desktop,0,2025-10-20
3822,56,PL,mobile,0,2025-06-25
3823,49,HU,mobile,0,2026-04-25
3824,43,UA,mobile,0,2025-05-21
3825,34,UA,desktop,0,2025-08-18
3826,65,UA,desktop,0,2026-05-30
3827,44,CZ,mobile,0,2024-10-07
3828,41,HU,mobile,0,2025-02-27
3829,52,UA,desktop,0,2026-05-05
3830,63,CZ,mobile,0,2024-09-26
3831,59,CZ,desktop,0,2024-06-02
3832,56,CZ,mobile,0,2025-09-05
3833,43,UA,tablet,0,2025-12-27
3834,66,SK,mobile,0,2025-10-23
3835,55,UA,desktop,0,2024-03-23
3836,40,SK,desktop,0,2025-09-13
3837,39,UA,mobile,0,2026-06-17
3838,21,PL,mobile,1,2025-03-01
3839,66,SK,mobile,0,2024-10-01
3840,26,UA,tablet,0,2025-12-13
3841,21,UA,mobile,1,2024-10-10
3842,24,CZ,desktop,0,2024-06-21
3843,40,PL,tablet,1,2024-11-22
3844,19,PL,desktop,0,2025-12-18
3845,66,UA,desktop,0,2024-03-03
3846,41,UA,desktop,0,2024-03-13
3847,57,UA,tablet,1,2026-02-01
3848,48,UA,tablet,0,2025-09-27
3849,64,HU,tablet,0,2025-01-09
3850,48,UA,desktop,0,2025-09-24
3851,64,PL,mobile,0,2025-05-22
3852,57,UA,mobile,0,2026-02-25
3853,65,UA,mobile,0,2025-02-01
3854,68,CZ,tablet,0,2024-04-29
3855,60,CZ,desktop,0,2025-03-12
3856,51,UA,mobile,1,2026-04-08
3857,41,UA,mobile,0,2025-11-06
3858,66,UA,mobile,1,2025-04-09
3859,43,SK,mobile,0,2024-10-12
3860,33,PL,desktop,0,2024-09-21
3861,64,UA,mobile,0,2024-11-15
3862,30,PL,mobile,0,2025-11-03
3863,32,CZ,mobile,0,2025-01-10
3864,44,SK,mobile,1,2026-03-30
3865,21,HU,tablet,0,2024-03-29
3866,33,UA,mobile,0,2025-10-15
3867,47,UA,tablet,0,2024-07-21
3868,61,UA,mobile,0,2026-03-31
3869,47,SK,mobile,0,2026-01-08
3870,53,HU,desktop,1,2024-11-29
3871,20,PL,desktop,0,2024-08-09
3872,39,UA,desktop,0,2024-02-10
3873,66,PL,mobile,0,2025-12-08
3874,39,UA,mobile,0,2024-03-08
3875,67,UA,desktop,1,2026-02-14
3876,67,PL,mobile,0,2025-05-28
3877,66,UA,mobile,0,2026-05-22
3878,29,UA,desktop,1,2025-09-28
3879,38,CZ,mobile,0,2025-09-13
3880,21,UA,mobile,0,2025-08-20
3881,48,UA,mobile,0,2025-09-23
3882,61,UA,tablet,0,2024-05-06
3883,48,SK,mobile,0,2024-09-11
3884,40,SK,tablet,0,2025-11-25
3885,70,UA,mobile,1,2024-01-16
3886,37,PL,desktop,0,2025-04-21
3887,32,UA,mobile,0,2024-03-02
3888,40,CZ,mobile,0,2026-05-30
3889,45,CZ,desktop,0,2025-03-07
3890,33,SK,desktop,0,2025-10-31
3891,54,PL,desktop,1,2024-09-24
3892,38,HU,desktop,0,2024-02-04
3893,32,HU,mobile,0,2026-02-17
3894,34,SK,mobile,0,2025-07-29
3895,67,PL,mobile,1,2025-05-08
3896,54,UA,desktop,0,2025-07-15
3897,30,UA,mobile,0,2025-04-13
3898,36,UA,tablet,0,2026-02-05
3899,47,UA,mobile,1,2025-10-22
3900,62,CZ,desktop,1,2024-11-20
3901,35,CZ,mobile,1,2024-10-30
3902,31,HU,mobile,1,2024-10-02
3903,53,UA,desktop,0,2026-05-18
3904,53,UA,mobile,0,2025-11-14
3905,37,SK,tablet,0,2024-07-19
3906,69,UA,desktop,0,2025-03-20
3907,36,UA,desktop,0,2024-11-19
3908,62,HU,desktop,1,2024-02-04
3909,61,SK,desktop,0,2025-04-26
3910,24,UA,desktop,0,2025-12-28
3911,61,SK,mobile,1,2025-04-24
3912,70,CZ,mobile,0,2024-03-05
3913,21,SK,desktop,0,2024-01-08
3914,51,SK,desktop,0,2024-10-27
3915,19,UA,mobile,0,2024-12-08
3916,22,CZ,mobile,1,2025-03-06
3917,27,UA,desktop,0,2025-02-27
3918,49,UA,mobile,1,2024-11-27
3919,59,HU,desktop,0,2025-03-13
3920,58,PL,desktop,0,2025-08-10
3921,30,CZ,mobile,0,2024-06-22
3922,56,SK,desktop,0,2025-07-12
3923,22,HU,mobile,0,2025-06-10
3924,27,SK,desktop,0,2026-05-22
3925,27,PL,mobile,0,2025-10-20
3926,55,UA,mobile,0,2024-01-26
3927,44,UA,desktop,0,2026-03-30
3928,68,UA,mobile,0,2025-08-27
3929,38,UA,mobile,0,2025-02-09
3930,25,PL,mobile,0,2024-08-19
3931,18,CZ,mobile,1,2025-06-16
3932,45,HU,mobile,1,2026-03-29
3933,66,CZ,mobile,1,2025-07-03
3934,56,CZ,tablet,0,2026-02-26
3935,31,UA,desktop,0,2025-05-19
3936,38,UA,mobile,0,2025-10-30
3937,47,UA,desktop,1,2024-06-27
3938,38,SK,mobile,0,2024-05-11
3939,66,UA,mobile,0,2026-04-02
3940,26,CZ,mobile,1,2025-03-30
3941,34,PL,mobile,0,2024-12-13
3942,22,UA,desktop,0,2025-06-23
3943,48,UA,mobile,0,2026-02-10
3944,69,PL,desktop,0,2025-02-09
3945,57,UA,mobile,0,2024-03-16
3946,55,SK,mobile,0,2025-08-01
3947,60,CZ,desktop,1,2026-05-03
3948,36,PL,desktop,0,2025-05-06
3949,53,SK,mobile,0,2024-07-12
3950,67,PL,mobile,0,2024-06-10
3951,50,HU,mobile,0,2024-12-12
3952,30,UA,tablet,1,2024-12-26
3953,31,CZ,mobile,0,2026-02-07
3954,50,UA,mobile,1,2025-08-06
3955,46,UA,desktop,0,2024-03-27
3956,60,UA,mobile,0,2024-09-18
3957,66,PL,mobile,1,2024-08-01
3958,53,UA,mobile,0,2025-10-26
3959,61,UA,desktop,0,2025-12-22
3960,27,HU,mobile,0,2025-07-26
3961,48,SK,mobile,1,2026-02-18
3962,23,CZ,desktop,1,2024-09-18
3963,18,SK,mobile,1,2025-12-30
3964,24,HU,mobile,0,2024-10-09
3965,44,PL,mobile,0,2025-10-09
3966,38,UA,desktop,0,2025-04-11
3967,45,SK,tablet,0,2025-01-14
3968,33,CZ,mobile,0,2024-12-27
3969,63,UA,mobile,0,2025-03-24
3970,40,PL,mobile,0,2025-03-16
3971,69,UA,mobile,1,2024-04-02
3972,37,HU,desktop,1,2025-09-12
3973,55,UA,mobile,1,2026-01-22
3974,42,HU,mobile,0,2026-05-16
3975,45,HU,mobile,0,2025-02-27
3976,22,CZ,mobile,0,2024-05-21
3977,38,PL,desktop,0,2024-10-17
3978,35,UA,mobile,0,2025-03-07
3979,64,UA,tablet,1,2026-01-18
3980,23,UA,mobile,0,2026-05-01
3981,46,SK,tablet,0,2026-04-03
3982,36,PL,mobile,0,2025-11-19
3983,50,UA,desktop,0,2025-10-14
3984,18,UA,mobile,0,2025-12-01
3985,62,HU,desktop,0,2024-02-18
3986,20,UA,mobile,0,2024-10-28
3987,59,HU,mobile,0,2026-05-30
3988,38,UA,desktop,0,2024-07-08
3989,52,PL,desktop,0,2024-05-15
3990,58,UA,desktop,0,2025-07-08
3991,57,PL,mobile,0,2025-02-07
3992,20,CZ,mobile,1,2026-06-10
3993,42,UA,desktop,0,2026-05-14
3994,62,PL,mobile,0,2025-08-24
3995,55,CZ,mobile,1,2026-03-17
3996,62,CZ,mobile,0,2024-12-06
3997,37,SK,mobile,1,2026-01-26
3998,69,UA,mobile,1,2025-12-04
3999,61,PL,desktop,0,2024-11-13
4000,62,HU,tablet,1,2025-09-09
4001,51,SK,mobile,0,2024-12-28
4002,38,HU,tablet,0,2026-04-01
4003,65,UA,desktop,1,2025-01-16
4004,40,SK,tablet,1,2024-08-20
4005,23,CZ,desktop,0,2026-02-15
4006,68,UA,desktop,0,2024-12-09
4007,70,SK,mobile,0,2025-07-02
4008,30,CZ,mobile,0,2026-03-27
4009,66,UA,mobile,0,2025-07-06
4010,40,UA,tablet,1,2025-06-12
4011,26,SK,tablet,0,2026-05-05
4012,34,UA,desktop,0,2026-02-27
4013,19,UA,desktop,0,2026-03-29
4014,36,PL,tablet,0,2025-07-24
4015,36,UA,mobile,0,2024-07-01
4016,24,HU,desktop,0,2024-02-10
4017,59,PL,mobile,1,2025-07-04
4018,59,PL,mobile,0,2025-01-31
4019,37,HU,mobile,0,2025-12-04
4020,26,PL,mobile,0,2026-02-17
4021,34,UA,desktop,0,2025-05-08
4022,44,SK,mobile,0,2025-10-20
4023,64,PL,desktop,1,2024-11-28
4024,19,UA,mobile,0,2024-05-06
4025,53,CZ,mobile,0,2025-07-11
4026,36,SK,desktop,1,2025-07-10
4027,34,SK,desktop,1,2024-01-01
4028,22,HU,mobile,0,2024-06-16
4029,56,SK,mobile,0,2025-09-11
4030,35,SK,mobile,0,2024-01-19
4031,70,SK,tablet,0,2024-11-27
4032,24,UA,desktop,0,2025-08-06
4033,34,UA,mobile,1,2025-03-31
4034,56,CZ,mobile,0,2024-04-18
4035,53,PL,desktop,0,2024-09-24
4036,57,UA,desktop,0,2025-03-20
4037,62,UA,desktop,1,2024-08-27
4038,21,UA,mobile,0,2024-10-27
4039,55,PL,desktop,0,2025-08-24
4040,42,SK,desktop,1,2024-04-12
4041,22,HU,desktop,0,2024-09-06
4042,47,SK,mobile,0,2025-03-28
4043,29,SK,desktop,0,2025-06-03
4044,21,PL,desktop,1,2024-06-01
4045,41,UA,desktop,1,2026-05-08
4046,46,UA,mobile,0,2024-06-22
4047,26,CZ,mobile,0,2024-12-08
4048,21,UA,mobile,0,2025-10-31
4049,68,PL,mobile,0,2025-03-06
4050,41,CZ,mobile,1,2025-12-27
4051,31,PL,mobile,0,2025-11-19
4052,22,HU,mobile,1,2025-11-17
4053,35,CZ,desktop,0,2026-05-01
4054,59,UA,mobile,1,2026-04-29
4055,36,PL,mobile,1,2025-10-19
4056,29,CZ,desktop,0,2024-11-19
4057,35,UA,desktop,0,2025-11-03
4058,34,UA,desktop,0,2025-09-30
4059,47,PL,mobile,1,2025-02-23
4060,41,HU,mobile,0,2025-08-16
4061,28,PL,mobile,1,2025-04-29
4062,52,HU,mobile,0,2025-10-20
4063,40,SK,tablet,0,2026-01-20
4064,34,UA,desktop,0,2025-02-15
4065,18,CZ,mobile,1,2024-03-24
4066,32,PL,desktop,0,2024-04-22
4067,49,UA,mobile,0,2026-01-06
4068,26,CZ,mobile,1,2024-11-27
4069,32,CZ,desktop,1,2025-01-12
4070,45,UA,mobile,1,2026-01-24
4071,41,HU,tablet,0,2025-10-16
4072,52,SK,mobile,0,2024-02-10
4073,39,HU,desktop,0,2026-02-08
4074,44,UA,mobile,1,2026-03-07
4075,36,HU,mobile,0,2024-04-14
4076,62,UA,desktop,0,2024-07-20
4077,29,UA,tablet,1,2025-03-25
4078,37,SK,desktop,0,2026-03-29
4079,18,CZ,desktop,0,2026-04-22
4080,38,PL,tablet,0,2024-09-22
4081,66,PL,mobile,0,2024-07-28
4082,62,UA,mobile,0,2025-07-16
4083,18,CZ,mobile,1,2024-04-27
4084,27,UA,desktop,1,2025-12-13
4085,64,PL,desktop,0,2025-01-11
4086,49,PL,desktop,0,2025-07-04
4087,56,HU,tablet,0,2025-06-23
4088,39,CZ,desktop,1,2026-02-09
4089,35,CZ,mobile,0,2024-03-24
4090,65,HU,mobile,1,2025-03-29
4091,63,PL,tablet,1,2025-10-28
4092,49,UA,mobile,0,2025-09-20
4093,44,UA,mobile,0,2025-05-28
4094,45,CZ,mobile,0,2025-08-27
4095,35,UA,mobile,0,2025-11-08
4096,56,PL,desktop,0,2025-01-21
4097,66,UA,mobile,0,2024-12-15
4098,46,UA,tablet,0,2024-10-22
4099,35,PL,mobile,0,2024-09-14
4100,61,HU,desktop,0,2024-03-21
4101,25,CZ,desktop,0,2024-09-24
4102,48,HU,desktop,0,2025-02-22
4103,51,HU,tablet,1,2024-08-22
4104,24,UA,mobile,0,2026-04-12
4105,53,UA,mobile,0,2024-11-06
4106,35,SK,mobile,0,2026-03-23
4107,55,SK,desktop,0,2024-12-22
4108,26,PL,tablet,0,2024-07-31
4109,26,HU,mobile,0,2025-07-27
4110,63,UA,desktop,1,2024-02-18
4111,25,UA,mobile,0,2024-05-06
4112,68,CZ,mobile,0,2024-08-10
4113,52,PL,desktop,1,2024-10-05
4114,35,UA,mobile,0,2025-02-11
4115,22,UA,mobile,0,2025-05-19
4116,31,UA,desktop,1,2024-10-20
4117,45,CZ,desktop,0,2026-03-06
4118,47,SK,mobile,0,2024-10-03
4119,21,SK,desktop,1,2025-03-13
4120,56,CZ,mobile,1,2024-04-16
4121,37,PL,mobile,1,2025-10-19
4122,42,PL,desktop,1,2025-02-23
4123,45,UA,mobile,0,2025-09-02
4124,29,UA,mobile,1,2025-03-04
4125,19,UA,mobile,1,2025-01-09
4126,60,SK,desktop,1,2024-03-13
4127,31,HU,mobile,1,2025-09-25
4128,39,PL,mobile,0,2024-01-30
4129,48,CZ,mobile,0,2024-07-06
4130,40,UA,mobile,0,2024-12-29
4131,65,CZ,desktop,0,2026-05-15
4132,37,CZ,mobile,0,2026-03-10
4133,55,PL,desktop,1,2025-03-26
4134,21,UA,desktop,0,2024-07-13
4135,32,SK,desktop,0,2024-06-04
4136,41,CZ,mobile,0,2024-06-20
4137,42,SK,mobile,0,2026-04-26
4138,18,SK,mobile,0,2024-02-10
4139,24,HU,mobile,0,2024-03-03
4140,48,UA,mobile,1,2024-01-23
4141,29,UA,desktop,0,2024-12-25
4142,59,UA,mobile,0,2024-03-15
4143,22,UA,mobile,0,2025-07-13
4144,61,PL,mobile,0,2025-11-02
4145,67,CZ,mobile,0,2026-04-04
4146,59,PL,tablet,0,2024-04-27
4147,55,UA,mobile,0,2025-09-03
4148,29,HU,desktop,0,2025-01-14
4149,56,UA,desktop,0,2025-11-09
4150,35,UA,desktop,1,2024-10-16
4151,19,CZ,mobile,1,2025-03-15
4152,27,SK,tablet,0,2025-10-29
4153,32,UA,mobile,0,2024-01-07
4154,47,UA,desktop,0,2024-07-14
4155,61,CZ,mobile,0,2025-02-24
4156,34,UA,mobile,0,2025-07-21
4157,21,UA,desktop,0,2026-04-12
4158,24,CZ,desktop,0,2024-07-11
4159,58,UA,mobile,1,2025-07-12
4160,48,UA,mobile,1,2024-05-27
4161,68,PL,desktop,0,2026-02-25
4162,56,HU,mobile,0,2025-10-30
4163,51,HU,mobile,0,2024-07-20
4164,23,UA,tablet,0,2025-03-19
4165,67,UA,tablet,0,2025-02-22
4166,55,UA,desktop,1,2025-03-02
4167,62,UA,desktop,1,2025-04-23
4168,68,PL,mobile,0,2025-04-19
4169,51,CZ,tablet,1,2024-05-05
4170,61,PL,mobile,0,2025-01-29
4171,32,UA,mobile,0,2026-03-27
4172,31,UA,desktop,0,2026-05-30
4173,23,PL,mobile,0,2026-03-16
4174,67,UA,mobile,1,2025-07-29
4175,54,PL,mobile,1,2024-11-20
4176,67,CZ,mobile,0,2025-01-26
4177,49,CZ,desktop,1,2025-11-18
4178,20,PL,mobile,1,2025-09-19
4179,20,PL,mobile,0,2025-03-15
4180,39,UA,mobile,0,2024-07-22
4181,39,UA,mobile,1,2025-04-30
4182,27,CZ,mobile,1,2026-04-12
4183,68,UA,tablet,0,2024-01-31
4184,20,CZ,mobile,0,2025-01-22
4185,29,CZ,desktop,0,2025-09-16
4186,46,HU,mobile,1,2026-05-26
4187,65,HU,mobile,1,2025-03-09
4188,34,UA,mobile,0,2026-04-16
4189,24,HU,mobile,0,2025-01-10
4190,30,CZ,mobile,1,2024-12-09
4191,19,CZ,mobile,0,2025-03-18
4192,21,UA,mobile,1,2025-08-01
4193,27,SK,mobile,0,2024-03-15
4194,56,UA,desktop,0,2025-07-10
4195,41,SK,tablet,0,2026-02-10
4196,34,UA,mobile,0,2025-10-27
4197,69,CZ,desktop,1,2024-06-03
4198,23,PL,desktop,1,2025-03-05
4199,36,UA,mobile,1,2024-12-28
4200,22,UA,desktop,0,2025-03-23
4201,49,PL,tablet,0,2024-08-21
4202,27,UA,mobile,0,2025-07-16
4203,26,PL,desktop,1,2026-03-28
4204,44,CZ,desktop,0,2024-09-18
4205,30,SK,mobile,1,2026-04-06
4206,36,CZ,mobile,1,2024-05-04
4207,38,UA,tablet,0,2024-09-01
4208,41,UA,desktop,1,2025-06-25
4209,55,UA,mobile,1,2025-04-29
4210,21,HU,mobile,1,2024-05-01
4211,41,SK,tablet,0,2024-05-04
4212,52,UA,mobile,1,2025-07-02
4213,20,UA,desktop,0,2024-06-18
4214,21,SK,mobile,0,2024-05-03
4215,54,SK,mobile,0,2026-05-18
4216,57,SK,mobile,0,2024-02-04
4217,65,SK,mobile,1,2024-03-27
4218,52,PL,mobile,0,2025-10-07
4219,48,UA,desktop,0,2025-12-08
4220,61,PL,desktop,0,2026-02-24
4221,42,PL,mobile,1,2024-07-19
4222,57,PL,desktop,1,2025-01-03
4223,30,PL,mobile,0,2026-03-07
4224,21,UA,mobile,1,2024-03-17
4225,63,UA,mobile,0,2024-02-28
4226,31,PL,mobile,0,2025-03-06
4227,30,UA,tablet,0,2025-09-29
4228,44,PL,desktop,1,2025-05-14
4229,23,SK,mobile,1,2024-04-18
4230,34,SK,desktop,0,2026-01-05
4231,53,UA,mobile,0,2024-10-04
4232,57,PL,mobile,0,2024-03-08
4233,66,UA,mobile,0,2024-03-09
4234,52,CZ,desktop,0,2024-06-13
4235,34,UA,mobile,0,2025-05-03
4236,58,PL,desktop,0,2024-10-31
4237,19,SK,mobile,0,2025-11-04
4238,30,PL,mobile,0,2024-12-30
4239,69,UA,tablet,1,2026-05-03
4240,19,UA,mobile,0,2026-03-31
4241,69,PL,desktop,1,2025-01-13
4242,45,PL,desktop,0,2024-12-08
4243,60,SK,tablet,0,2026-06-17
4244,43,PL,mobile,0,2025-07-07
4245,39,CZ,mobile,0,2024-12-19
4246,64,PL,desktop,0,2025-02-19
4247,60,PL,desktop,1,2024-04-18
4248,20,PL,desktop,0,2025-07-16
4249,52,UA,mobile,0,2026-01-31
4250,29,PL,mobile,0,2025-05-11
4251,41,UA,mobile,1,2024-12-06
4252,22,SK,mobile,0,2025-01-17
4253,37,UA,mobile,1,2025-06-16
4254,56,UA,mobile,0,2024-10-26
4255,56,UA,mobile,0,2024-05-18
4256,30,UA,desktop,0,2024-12-24
4257,58,PL,desktop,1,2026-04-15
4258,70,UA,mobile,1,2025-05-13
4259,62,UA,mobile,0,2025-01-19
4260,29,PL,desktop,0,2025-08-26
4261,30,CZ,mobile,0,2024-10-06
4262,27,UA,desktop,0,2025-09-28
4263,50,PL,desktop,0,2025-04-27
4264,57,CZ,desktop,1,2024-04-20
4265,33,HU,desktop,1,2026-05-15
4266,62,CZ,mobile,0,2024-05-18
4267,52,UA,desktop,1,2025-03-10
4268,20,CZ,mobile,1,2025-05-23
4269,22,PL,mobile,0,2024-09-29
4270,43,UA,mobile,0,2024-04-08
4271,28,SK,mobile,1,2026-02-02
4272,24,PL,mobile,0,2026-04-29
4273,70,HU,mobile,0,2024-04-13
4274,27,CZ,desktop,1,2024-08-01
4275,59,CZ,tablet,0,2026-01-30
4276,69,CZ,mobile,1,2025-10-25
4277,51,PL,mobile,0,2026-01-31
4278,20,PL,mobile,0,2026-02-25
4279,25,SK,tablet,0,2024-06-13
4280,48,CZ,mobile,0,2026-05-02
4281,28,SK,desktop,0,2025-06-03
4282,62,SK,mobile,0,2024-10-10
4283,24,HU,desktop,1,2025-05-31
4284,62,CZ,mobile,0,2025-10-18
4285,19,PL,mobile,0,2025-09-04
4286,23,UA,mobile,0,2024-06-12
4287,58,CZ,mobile,0,2026-06-04
4288,49,UA,desktop,0,2025-10-20
4289,37,UA,desktop,0,2024-03-04
4290,51,UA,mobile,1,2024-03-31
4291,67,SK,tablet,0,2024-04-26
4292,33,SK,mobile,1,2026-05-15
4293,42,CZ,tablet,0,2024-09-23
4294,29,PL,mobile,0,2026-04-01
4295,24,CZ,tablet,0,2025-11-15
4296,56,CZ,mobile,1,2025-07-12
4297,34,UA,mobile,0,2024-05-19
4298,62,UA,mobile,0,2024-09-02
4299,28,UA,mobile,0,2025-10-22
4300,23,PL,desktop,1,2026-01-27
4301,40,CZ,mobile,1,2025-01-29
4302,44,PL,tablet,0,2025-05-01
4303,63,HU,tablet,0,2025-04-20
4304,23,UA,tablet,1,2025-05-31
4305,55,UA,tablet,1,2024-07-02
4306,19,UA,desktop,0,2024-01-20
4307,39,UA,tablet,1,2025-07-11
4308,37,UA,desktop,0,2025-06-07
4309,42,UA,mobile,0,2025-08-04
4310,32,PL,desktop,0,2025-06-12
4311,66,UA,tablet,0,2026-06-01
4312,46,CZ,desktop,0,2024-05-26
4313,25,PL,mobile,0,2025-10-27
4314,54,UA,mobile,0,2024-10-30
4315,66,SK,desktop,0,2025-09-11
4316,69,UA,tablet,0,2026-01-17
4317,50,SK,mobile,0,2026-03-30
4318,39,HU,mobile,1,2026-05-13
4319,67,UA,mobile,0,2025-08-04
4320,64,HU,desktop,0,2025-11-25
4321,22,SK,mobile,0,2026-01-31
4322,56,HU,desktop,1,2024-08-15
4323,35,CZ,tablet,0,2024-04-11
4324,55,UA,desktop,0,2025-08-09
4325,70,SK,mobile,1,2025-02-20
4326,54,UA,tablet,0,2024-08-03
4327,47,UA,desktop,0,2025-02-10
4328,68,UA,mobile,0,2025-02-02
4329,48,UA,mobile,0,2025-12-15
4330,27,PL,desktop,0,2025-12-04
4331,32,CZ,desktop,1,2026-01-30
4332,59,HU,tablet,0,2025-05-13
4333,65,UA,mobile,1,2026-01-23
4334,61,HU,mobile,0,2025-04-09
4335,35,HU,mobile,0,2025-11-21
4336,40,UA,desktop,0,2025-12-31
4337,50,UA,desktop,0,2024-03-22
4338,33,SK,mobile,0,2025-08-26
4339,55,CZ,mobile,1,2025-11-17
4340,52,SK,tablet,0,2026-01-20
4341,51,CZ,tablet,0,2026-02-10
4342,45,PL,mobile,0,2024-12-30
4343,19,UA,desktop,0,2024-06-11
4344,47,PL,desktop,1,2024-02-17
4345,30,UA,mobile,0,2025-05-25
4346,58,CZ,mobile,0,2024-11-24
4347,33,SK,mobile,0,2026-04-19
4348,22,PL,mobile,0,2024-04-25
4349,45,HU,desktop,0,2026-04-28
4350,70,PL,mobile,0,2024-12-02
4351,56,CZ,mobile,1,2026-05-30
4352,62,CZ,mobile,1,2026-01-06
4353,37,HU,mobile,1,2026-05-13
4354,41,CZ,desktop,1,2026-04-19
4355,44,UA,mobile,0,2024-05-26
4356,47,HU,mobile,0,2025-07-28
4357,62,CZ,tablet,1,2026-03-16
4358,44,UA,mobile,1,2024-11-18
4359,43,CZ,desktop,0,2025-03-18
4360,24,SK,mobile,0,2026-04-16
4361,59,PL,desktop,0,2024-01-13
4362,64,UA,desktop,0,2025-05-08
4363,70,SK,mobile,0,2025-12-01
4364,55,SK,desktop,1,2024-10-13
4365,22,PL,mobile,0,2025-12-20
4366,40,UA,tablet,0,2024-04-23
4367,45,UA,mobile,0,2025-04-24
4368,51,CZ,desktop,0,2024-01-22
4369,70,SK,mobile,0,2024-12-14
4370,32,UA,desktop,1,2025-12-26
4371,49,UA,tablet,1,2025-11-13
4372,43,UA,desktop,1,2026-04-14
4373,65,CZ,mobile,0,2025-07-19
4374,48,UA,mobile,0,2026-03-20
4375,36,UA,mobile,1,2024-11-15
4376,26,UA,mobile,0,2024-05-05
4377,46,CZ,mobile,1,2024-10-03
4378,68,UA,mobile,1,2024-07-22
4379,56,UA,mobile,0,2024-07-12
4380,21,HU,mobile,0,2025-11-11
4381,20,UA,mobile,0,2025-10-25
4382,46,UA,mobile,0,2025-06-30
4383,69,HU,mobile,0,2025-11-26
4384,28,PL,desktop,1,2024-10-12
4385,50,PL,mobile,1,2024-02-26
4386,55,UA,mobile,0,2026-01-03
4387,28,SK,mobile,0,2024-10-29
4388,44,PL,mobile,0,2024-06-11
4389,50,SK,desktop,0,2024-01-19
4390,38,UA,mobile,0,2025-01-04
4391,56,PL,mobile,0,2024-09-20
4392,48,SK,desktop,0,2026-03-04
4393,55,HU,tablet,0,2024-04-22
4394,63,UA,mobile,0,2025-05-02
4395,19,SK,mobile,0,2024-11-22
4396,44,UA,mobile,0,2025-06-25
4397,53,PL,mobile,0,2025-10-08
4398,28,UA,mobile,0,2025-08-01
4399,64,CZ,desktop,1,2024-03-05
4400,35,UA,mobile,1,2024-10-18
4401,18,UA,tablet,0,2024-01-25
4402,52,UA,mobile,0,2025-07-02
4403,52,UA,mobile,0,2024-01-01
4404,48,HU,desktop,0,2025-07-02
4405,45,HU,mobile,1,2024-05-20
4406,56,SK,mobile,0,2026-01-13
4407,18,UA,mobile,0,2025-10-09
4408,42,UA,mobile,0,2024-07-06
4409,60,CZ,mobile,1,2024-05-07
4410,55,HU,mobile,1,2024-07-19
4411,37,PL,mobile,0,2024-05-06
4412,20,SK,mobile,1,2024-09-13
4413,68,HU,tablet,0,2025-11-06
4414,19,SK,mobile,0,2025-06-30
4415,35,UA,mobile,0,2024-07-12
4416,61,UA,tablet,0,2025-12-03
4417,27,PL,desktop,0,2024-04-13
4418,22,PL,mobile,1,2025-06-18
4419,26,UA,mobile,1,2024-09-21
4420,19,UA,desktop,0,2026-03-12
4421,51,SK,mobile,0,2025-01-18
4422,55,PL,desktop,0,2024-09-16
4423,48,UA,tablet,0,2025-02-17
4424,27,CZ,mobile,1,2024-12-23
4425,67,CZ,mobile,0,2024-03-15
4426,29,SK,desktop,0,2024-12-20
4427,53,UA,mobile,0,2025-08-06
4428,38,CZ,mobile,0,2026-02-09
4429,66,PL,mobile,0,2024-07-06
4430,64,UA,desktop,1,2025-11-15
4431,23,SK,desktop,1,2024-10-16
4432,65,UA,tablet,0,2024-02-14
4433,66,UA,desktop,1,2025-07-26
4434,20,PL,mobile,1,2024-03-23
4435,27,UA,desktop,0,2024-05-02
4436,22,UA,mobile,0,2024-12-23
4437,63,SK,desktop,0,2025-06-11
4438,43,UA,mobile,0,2024-03-06
4439,38,HU,mobile,0,2025-10-18
4440,62,PL,desktop,0,2025-01-09
4441,43,UA,mobile,0,2024-06-10
4442,55,UA,desktop,0,2026-01-15
4443,61,PL,desktop,0,2025-01-14
4444,43,CZ,mobile,0,2025-10-17
4445,25,UA,mobile,0,2024-12-23
4446,22,UA,tablet,0,2024-07-06
4447,32,SK,mobile,0,2024-11-17
4448,33,UA,desktop,0,2025-03-25
4449,18,SK,desktop,1,2025-04-18
4450,33,CZ,tablet,0,2024-01-13
4451,54,PL,desktop,0,2024-07-02
4452,20,UA,desktop,0,2024-04-20
4453,69,UA,tablet,0,2025-05-22
4454,64,SK,desktop,0,2024-10-16
4455,48,UA,desktop,0,2024-10-21
4456,30,UA,mobile,1,2025-03-26
4457,33,PL,mobile,0,2024-08-02
4458,60,UA,desktop,0,2025-09-23
4459,38,PL,mobile,1,2026-06-12
4460,19,SK,mobile,0,2025-07-20
4461,44,PL,mobile,0,2024-01-27
4462,55,HU,desktop,0,2025-09-21
4463,43,SK,mobile,1,2026-01-02
4464,55,UA,mobile,1,2024-08-18
4465,63,UA,mobile,0,2025-07-18
4466,42,PL,desktop,0,2026-03-17
4467,28,CZ,mobile,1,2024-11-16
4468,25,UA,mobile,0,2024-08-20
4469,25,HU,mobile,1,2025-10-31
4470,50,CZ,mobile,0,2025-03-12
4471,70,UA,desktop,1,2026-02-19
4472,24,CZ,desktop,1,2025-06-16
4473,55,UA,mobile,0,2025-02-06
4474,38,SK,mobile,0,2024-02-22
4475,25,PL,desktop,0,2026-02-25
4476,68,UA,mobile,0,2024-11-08
4477,38,UA,mobile,0,2024-10-07
4478,37,SK,mobile,0,2025-12-26
4479,25,PL,mobile,0,2024-01-31
4480,63,HU,mobile,0,2024-12-02
4481,48,UA,desktop,1,2024-07-01
4482,67,UA,mobile,0,2024-01-23
4483,46,UA,mobile,1,2025-06-27
4484,65,PL,mobile,0,2025-03-21
4485,26,UA,mobile,0,2024-03-14
4486,32,UA,mobile,0,2024-01-10
4487,47,CZ,mobile,0,2025-04-28
4488,43,PL,mobile,0,2025-03-31
4489,27,UA,desktop,0,2025-07-19
4490,46,PL,desktop,1,2025-07-17
4491,33,CZ,mobile,0,2025-10-21
4492,53,UA,mobile,1,2024-06-08
4493,37,UA,desktop,0,2026-05-31
4494,62,UA,mobile,0,2024-01-14
4495,54,CZ,mobile,0,2024-06-26
4496,39,SK,desktop,1,2025-02-15
4497,24,UA,tablet,0,2026-05-27
4498,40,UA,mobile,1,2024-02-22
4499,58,SK,mobile,0,2025-02-11
4500,57,HU,desktop,0,2026-04-26
4501,46,CZ,mobile,0,2024-01-22
4502,33,HU,desktop,0,2024-01-30
4503,55,CZ,mobile,0,2025-12-03
4504,45,CZ,mobile,0,2024-09-16
4505,65,UA,mobile,0,2024-07-23
4506,55,PL,tablet,0,2024-02-28
4507,48,UA,desktop,0,2025-04-15
4508,31,SK,mobile,0,2026-02-14
4509,70,HU,desktop,0,2025-04-10
4510,50,CZ,desktop,0,2024-01-12
4511,26,UA,desktop,1,2025-09-22
4512,44,UA,desktop,1,2024-10-16
4513,41,UA,mobile,0,2026-04-29
4514,30,UA,mobile,0,2026-01-29
4515,43,CZ,tablet,0,2024-12-19
4516,46,HU,tablet,1,2025-09-30
4517,68,UA,mobile,1,2024-03-15
4518,66,UA,mobile,0,2026-05-22
4519,60,CZ,tablet,1,2025-12-16
4520,45,UA,mobile,0,2025-07-14
4521,45,SK,desktop,0,2025-08-13
4522,25,UA,mobile,1,2025-03-16
4523,40,UA,desktop,1,2024-08-28
4524,46,UA,mobile,1,2026-05-10
4525,22,UA,mobile,0,2024-06-02
4526,59,PL,mobile,0,2026-02-24
4527,24,UA,tablet,1,2024-04-05
4528,59,PL,desktop,0,2025-12-26
4529,53,PL,desktop,0,2024-10-20
4530,58,UA,mobile,0,2024-07-27
4531,44,UA,tablet,1,2024-12-08
4532,63,PL,desktop,1,2024-03-28
4533,19,CZ,desktop,0,2026-03-28
4534,42,HU,tablet,1,2026-02-14
4535,26,UA,mobile,0,2025-01-24
4536,70,UA,desktop,0,2024-11-20
4537,44,UA,tablet,0,2026-06-07
4538,18,PL,desktop,0,2026-04-11
4539,40,CZ,desktop,1,2024-06-05
4540,27,SK,mobile,1,2025-10-29
4541,59,CZ,desktop,0,2025-10-12
4542,69,UA,mobile,1,2025-09-24
4543,42,PL,mobile,0,2025-07-30
4544,20,HU,desktop,0,2025-09-10
4545,23,UA,mobile,1,2025-10-20
4546,23,PL,mobile,0,2024-05-16
4547,70,HU,desktop,1,2025-11-04
4548,19,CZ,mobile,0,2025-03-03
4549,35,CZ,mobile,1,2025-03-27
4550,40,UA,mobile,0,2025-09-03
4551,19,UA,mobile,0,2026-04-29
4552,29,UA,mobile,0,2026-03-29
4553,39,CZ,mobile,0,2024-05-20
4554,54,UA,mobile,0,2024-03-23
4555,37,SK,mobile,0,2024-06-25
4556,56,SK,mobile,1,2024-07-16
4557,41,PL,tablet,1,2025-09-15
4558,65,UA,mobile,1,2025-07-21
4559,37,UA,desktop,1,2025-11-21
4560,18,SK,mobile,1,2025-02-24
4561,18,CZ,desktop,0,2025-02-04
4562,34,CZ,desktop,1,2025-11-28
4563,18,UA,mobile,1,2025-04-15
4564,70,PL,mobile,0,2024-08-05
4565,69,CZ,mobile,0,2026-04-07
4566,62,PL,desktop,0,2025-12-29
4567,47,CZ,mobile,1,2025-09-23
4568,58,SK,desktop,0,2024-06-23
4569,64,UA,mobile,1,2024-01-23
4570,20,UA,mobile,0,2025-12-25
4571,63,PL,desktop,0,2024-08-22
4572,28,UA,desktop,1,2024-01-13
4573,41,SK,mobile,0,2024-04-10
4574,39,CZ,desktop,0,2025-06-19
4575,61,SK,mobile,0,2026-05-25
4576,62,CZ,desktop,1,2025-06-06
4577,43,UA,desktop,0,2026-02-23
4578,30,UA,desktop,0,2025-03-27
4579,18,SK,mobile,0,2025-03-06
4580,41,UA,mobile,0,2026-03-03
4581,27,CZ,desktop,0,2025-08-28
4582,52,SK,mobile,1,2025-12-13
4583,41,UA,desktop,1,2025-06-16
4584,45,UA,mobile,1,2026-05-01
4585,53,PL,mobile,0,2025-12-23
4586,33,SK,desktop,0,2025-10-13
4587,57,UA,mobile,1,2024-10-19
4588,33,HU,tablet,0,2026-03-20
4589,34,PL,desktop,0,2024-04-10
4590,68,HU,desktop,1,2025-05-16
4591,32,UA,mobile,0,2024-10-30
4592,33,UA,tablet,1,2026-05-20
4593,32,SK,desktop,0,2025-06-23
4594,51,SK,mobile,0,2025-07-06
4595,28,PL,mobile,1,2024-12-20
4596,18,CZ,mobile,0,2024-10-29
4597,32,SK,tablet,0,2025-05-10
4598,43,UA,desktop,0,2025-10-19
4599,68,PL,tablet,0,2026-02-06
4600,21,SK,desktop,0,2024-08-14
4601,60,UA,mobile,0,2024-08-23
4602,22,UA,mobile,0,2026-05-22
4603,52,SK,mobile,0,2026-06-10
4604,30,UA,mobile,0,2025-03-30
4605,27,UA,mobile,0,2024-01-13
4606,28,HU,tablet,0,2024-07-28
4607,35,PL,tablet,0,2026-01-10
4608,51,SK,mobile,1,2025-01-31
4609,56,SK,desktop,0,2024-04-09
4610,58,UA,desktop,0,2024-01-31
4611,59,UA,mobile,0,2026-06-16
4612,67,UA,desktop,0,2025-06-11
4613,40,UA,mobile,0,2025-10-10
4614,24,CZ,tablet,1,2024-11-24
4615,56,CZ,desktop,0,2024-06-14
4616,20,PL,desktop,0,2025-04-03
4617,29,UA,mobile,1,2026-04-01
4618,24,UA,mobile,0,2024-04-09
4619,66,PL,mobile,0,2025-09-12
4620,43,PL,desktop,0,2026-05-04
4621,50,UA,tablet,1,2024-06-21
4622,54,CZ,mobile,0,2026-01-18
4623,65,UA,desktop,0,2024-06-10
4624,32,UA,mobile,0,2025-12-28
4625,19,CZ,mobile,1,2026-02-14
4626,58,UA,desktop,0,2024-09-19
4627,24,PL,desktop,1,2026-03-14
4628,49,UA,mobile,0,2024-09-30
4629,21,UA,mobile,0,2024-01-03
4630,37,UA,mobile,0,2024-01-28
4631,67,HU,mobile,0,2024-11-21
4632,70,PL,tablet,0,2024-05-28
4633,53,HU,desktop,1,2025-06-23
4634,49,PL,mobile,0,2025-05-02
4635,45,PL,mobile,0,2026-04-01
4636,30,UA,tablet,0,2025-03-13
4637,18,UA,desktop,0,2024-03-05
4638,52,UA,desktop,0,2024-12-21
4639,65,UA,mobile,0,2025-06-16
4640,47,PL,desktop,0,2024-09-08
4641,53,UA,mobile,0,2024-08-22
4642,42,UA,desktop,0,2024-08-14
4643,33,UA,tablet,0,2025-06-08
4644,36,PL,mobile,0,2024-11-08
4645,18,CZ,mobile,0,2024-02-18
4646,22,SK,mobile,0,2024-04-27
4647,68,UA,mobile,0,2024-02-23
4648,39,UA,mobile,1,2025-10-11
4649,41,UA,tablet,0,2025-07-18
4650,60,SK,mobile,0,2024-02-13
4651,62,UA,desktop,0,2026-03-25
4652,69,CZ,desktop,0,2024-02-22
4653,54,PL,tablet,1,2025-08-08
4654,70,UA,mobile,0,2025-07-11
4655,53,UA,mobile,1,2025-06-08
4656,53,UA,mobile,0,2025-11-07
4657,21,SK,mobile,0,2024-04-11
4658,53,PL,desktop,1,2026-03-02
4659,69,PL,mobile,0,2026-02-08
4660,70,PL,mobile,1,2026-04-28
4661,35,CZ,mobile,0,2026-05-17
4662,67,PL,desktop,1,2025-02-01
4663,33,UA,mobile,0,2024-05-17
4664,58,UA,mobile,0,2025-11-05
4665,35,UA,mobile,1,2025-01-21
4666,39,CZ,desktop,0,2024-04-20
4667,19,UA,desktop,0,2025-09-05
4668,38,PL,mobile,1,2024-01-17
4669,53,UA,desktop,0,2026-02-18
4670,61,HU,mobile,0,2024-06-30
4671,56,UA,mobile,1,2026-06-02
4672,64,UA,mobile,0,2025-06-19
4673,56,HU,mobile,0,2025-06-24
4674,46,UA,desktop,0,2024-06-19
4675,43,HU,mobile,0,2025-02-12
4676,38,UA,desktop,0,2026-01-09
4677,34,UA,mobile,0,2025-01-12
4678,33,CZ,tablet,1,2024-07-06
4679,48,SK,desktop,0,2026-05-07
4680,68,UA,desktop,1,2024-08-17
4681,26,HU,desktop,1,2026-04-12
4682,48,PL,tablet,1,2026-05-01
4683,31,SK,tablet,0,2024-04-28
4684,66,UA,mobile,0,2024-06-04
4685,54,UA,mobile,0,2026-02-22
4686,19,HU,mobile,0,2025-11-17
4687,69,HU,mobile,0,2025-04-09
4688,65,PL,mobile,1,2024-04-13
4689,63,UA,mobile,0,2025-08-26
4690,31,UA,tablet,0,2025-11-28
4691,50,PL,mobile,0,2026-03-05
4692,52,UA,desktop,1,2025-05-16
4693,56,UA,mobile,1,2025-11-23
4694,64,UA,desktop,0,2025-11-12
4695,68,CZ,mobile,0,2025-11-29
4696,37,UA,desktop,1,2024-06-23
4697,19,PL,mobile,0,2026-01-03
4698,68,PL,mobile,0,2026-01-14
4699,58,CZ,desktop,0,2025-11-04
4700,36,UA,mobile,0,2025-02-24
4701,54,UA,mobile,0,2024-05-13
4702,35,CZ,mobile,1,2025-01-25
4703,33,SK,desktop,0,2026-01-05
4704,21,CZ,mobile,0,2025-05-15
4705,29,HU,desktop,0,2025-10-26
4706,46,CZ,mobile,0,2024-02-02
4707,24,SK,mobile,1,2024-02-24
4708,31,UA,desktop,1,2025-06-02
4709,29,UA,mobile,0,2026-01-25
4710,52,PL,desktop,1,2026-04-04
4711,22,UA,mobile,0,2025-09-29
4712,34,PL,mobile,0,2024-01-12
4713,59,UA,mobile,1,2025-06-11
4714,49,CZ,desktop,0,2025-12-20
4715,27,PL,desktop,0,2025-07-08
4716,60,PL,desktop,0,2025-01-07
4717,34,HU,mobile,1,2025-04-28
4718,22,UA,mobile,0,2025-10-08
4719,62,UA,mobile,0,2024-08-15
4720,59,UA,desktop,1,2025-09-14
4721,26,SK,desktop,1,2024-11-02
4722,66,PL,mobile,1,2025-04-01
4723,50,CZ,mobile,0,2024-06-08
4724,53,UA,mobile,0,2024-11-26
4725,53,PL,tablet,0,2026-02-14
4726,35,UA,desktop,1,2024-08-12
4727,26,CZ,mobile,1,2025-12-29
4728,46,SK,mobile,1,2025-05-18
4729,67,CZ,mobile,0,2025-03-31
4730,31,CZ,desktop,0,2024-02-14
4731,42,PL,desktop,0,2024-08-01
4732,32,CZ,mobile,0,2024-02-28
4733,23,PL,desktop,0,2025-10-05
4734,59,CZ,mobile,1,2025-09-07
4735,46,UA,mobile,0,2024-07-13
4736,32,UA,desktop,0,2025-05-03
4737,46,UA,mobile,0,2024-06-05
4738,21,PL,tablet,0,2025-09-01
4739,35,UA,mobile,1,2024-08-13
4740,67,CZ,mobile,0,2025-02-15
4741,66,UA,desktop,0,2024-07-23
4742,61,UA,mobile,0,2024-03-19
4743,56,CZ,mobile,0,2024-05-03
4744,33,PL,tablet,0,2025-04-15
4745,28,CZ,mobile,0,2024-08-05
4746,31,PL,mobile,0,2025-05-30
4747,20,HU,desktop,0,2025-08-24
4748,68,PL,mobile,0,2024-04-13
4749,67,UA,mobile,0,2025-01-27
4750,59,UA,desktop,0,2025-09-22
4751,55,UA,mobile,0,2025-10-06
4752,62,HU,tablet,1,2026-04-03
4753,59,UA,mobile,0,2025-08-30
4754,35,UA,desktop,0,2025-03-09
4755,37,UA,mobile,1,2024-11-26
4756,65,SK,mobile,0,2024-05-22
4757,42,UA,desktop,0,2026-03-10
4758,55,HU,mobile,0,2025-06-23
4759,30,UA,desktop,1,2024-10-04
4760,21,UA,mobile,1,2024-08-20
4761,31,UA,desktop,1,2025-06-12
4762,50,SK,mobile,0,2025-07-24
4763,45,SK,desktop,1,2024-03-30
4764,69,UA,desktop,0,2025-05-06
4765,54,UA,mobile,0,2024-07-17
4766,25,CZ,mobile,1,2024-12-27
4767,61,UA,mobile,0,2025-03-16
4768,51,UA,mobile,0,2024-01-26
4769,61,UA,desktop,0,2024-01-25
4770,22,UA,mobile,1,2025-01-28
4771,22,UA,tablet,0,2025-05-21
4772,48,UA,mobile,0,2024-10-27
4773,62,UA,tablet,0,2024-12-04
4774,26,SK,mobile,0,2024-09-23
4775,59,UA,tablet,1,2025-04-05
4776,49,CZ,mobile,0,2025-11-23
4777,50,UA,mobile,0,2025-03-31
4778,20,CZ,tablet,0,2024-12-25
4779,47,UA,mobile,0,2024-03-08
4780,67,CZ,mobile,0,2026-05-12
4781,29,UA,desktop,0,2025-02-15
4782,46,SK,desktop,1,2025-05-05
4783,20,UA,mobile,0,2026-04-12
4784,43,UA,mobile,0,2024-02-18
4785,47,HU,desktop,0,2025-11-17
4786,26,PL,mobile,0,2025-07-17
4787,43,UA,tablet,0,2024-04-11
4788,19,HU,desktop,0,2024-08-03
4789,20,UA,desktop,1,2025-03-13
4790,63,UA,mobile,0,2025-11-30
4791,21,HU,desktop,0,2025-07-22
4792,42,UA,mobile,0,2025-07-12
4793,68,SK,desktop,0,2024-06-07
4794,30,UA,mobile,0,2025-05-03
4795,56,CZ,desktop,0,2025-11-16
4796,61,PL,desktop,0,2024-08-29
4797,52,HU,mobile,0,2026-03-04
4798,40,PL,mobile,1,2026-01-22
4799,26,UA,mobile,0,2026-05-31
4800,19,CZ,mobile,0,2024-01-05
4801,58,UA,mobile,1,2025-08-18
4802,61,SK,mobile,0,2026-03-30
4803,48,SK,desktop,1,2024-12-26
4804,61,PL,desktop,0,2025-04-03
4805,64,SK,mobile,0,2024-09-04
4806,19,UA,desktop,0,2025-07-19
4807,49,PL,tablet,0,2025-11-03
4808,35,UA,mobile,0,2025-02-25
4809,30,CZ,mobile,1,2026-01-07
4810,63,UA,mobile,0,2024-01-15
4811,22,SK,desktop,0,2026-01-05
4812,59,UA,desktop,1,2025-07-26
4813,61,CZ,desktop,1,2024-05-01
4814,27,UA,mobile,0,2024-10-03
4815,60,SK,desktop,0,2025-07-11
4816,42,UA,mobile,0,2025-03-28
4817,51,PL,mobile,1,2025-01-24
4818,54,UA,mobile,1,2024-10-20
4819,47,CZ,mobile,0,2025-07-27
4820,24,UA,desktop,0,2025-08-20
4821,23,CZ,desktop,1,2025-03-21
4822,20,UA,tablet,0,2024-07-28
4823,30,SK,mobile,0,2025-08-12
4824,20,UA,tablet,0,2025-12-14
4825,43,UA,desktop,0,2024-10-28
4826,41,PL,mobile,0,2024-08-10
4827,70,UA,desktop,0,2026-01-03
4828,23,UA,desktop,0,2024-01-03
4829,60,HU,mobile,1,2025-06-01
4830,66,HU,desktop,0,2024-04-02
4831,59,CZ,desktop,0,2025-06-03
4832,29,UA,desktop,0,2025-03-03
4833,66,UA,desktop,0,2025-05-07
4834,53,CZ,mobile,1,2024-08-22
4835,19,UA,desktop,1,2025-09-11
4836,28,HU,desktop,0,2024-06-09
4837,56,UA,mobile,0,2025-12-21
4838,51,HU,mobile,0,2026-01-21
4839,43,PL,desktop,0,2024-11-26
4840,35,SK,mobile,0,2024-11-28
4841,38,UA,desktop,0,2024-02-19
4842,53,SK,tablet,1,2025-06-06
4843,57,UA,mobile,0,2026-05-12
4844,69,CZ,mobile,0,2025-10-29
4845,63,SK,mobile,0,2025-05-06
4846,61,UA,desktop,0,2025-08-04
4847,39,PL,tablet,0,2025-11-11
4848,70,PL,mobile,0,2024-09-28
4849,47,UA,mobile,1,2025-08-02
4850,67,PL,desktop,0,2026-05-16
4851,60,UA,desktop,0,2024-09-08
4852,47,UA,mobile,0,2025-07-13
4853,25,CZ,desktop,1,2025-11-26
4854,51,CZ,mobile,0,2026-04-11
4855,64,UA,desktop,0,2025-11-29
4856,26,SK,mobile,1,2024-03-30
4857,68,SK,mobile,0,2025-03-21
4858,37,PL,desktop,1,2024-11-27
4859,57,PL,mobile,0,2024-05-18
4860,42,UA,mobile,0,2024-12-22
4861,36,CZ,tablet,0,2025-08-23
4862,22,CZ,desktop,0,2024-09-30
4863,28,UA,mobile,0,2024-01-19
4864,32,CZ,desktop,0,2024-11-06
4865,25,UA,desktop,0,2026-05-19
4866,36,UA,desktop,1,2026-06-04
4867,40,CZ,mobile,0,2024-06-02
4868,44,CZ,desktop,0,2025-01-24
4869,57,UA,desktop,0,2024-09-16
4870,49,PL,desktop,0,2025-09-11
4871,43,HU,mobile,0,2026-06-01
4872,44,PL,desktop,1,2026-03-07
4873,36,CZ,mobile,0,2025-07-24
4874,67,UA,desktop,0,2024-05-04
4875,59,UA,tablet,0,2024-12-19
4876,46,UA,mobile,0,2024-09-29
4877,56,PL,mobile,1,2025-09-10
4878,58,SK,desktop,0,2026-03-21
4879,50,UA,desktop,0,2024-09-01
4880,36,UA,mobile,0,2026-04-27
4881,54,UA,desktop,0,2025-03-25
4882,36,UA,desktop,0,2024-09-03
4883,50,HU,desktop,1,2025-06-03
4884,64,CZ,desktop,1,2024-05-20
4885,33,UA,mobile,0,2024-12-27
4886,40,CZ,tablet,1,2024-01-08
4887,24,CZ,mobile,0,2025-04-22
4888,43,CZ,mobile,0,2024-12-17
4889,49,UA,mobile,0,2025-05-09
4890,29,UA,desktop,0,2025-08-28
4891,25,UA,desktop,0,2026-04-12
4892,22,SK,mobile,1,2025-03-02
4893,59,CZ,desktop,0,2024-02-08
4894,45,PL,desktop,1,2025-08-15
4895,70,UA,desktop,1,2024-07-05
4896,22,UA,desktop,0,2025-08-18
4897,66,UA,mobile,1,2025-08-22
4898,43,HU,mobile,0,2026-01-23
4899,22,UA,desktop,0,2026-05-03
4900,39,UA,mobile,0,2024-04-02
4901,32,HU,mobile,0,2024-03-26
4902,30,PL,desktop,0,2024-02-13
4903,45,SK,desktop,0,2024-05-16
4904,50,UA,desktop,1,2025-02-24
4905,60,PL,mobile,0,2024-03-14
4906,40,UA,mobile,0,2025-07-01
4907,50,SK,desktop,0,2025-09-04
4908,60,UA,mobile,0,2025-05-26
4909,35,UA,mobile,0,2024-06-04
4910,67,SK,mobile,1,2024-09-11
4911,70,PL,desktop,0,2024-06-19
4912,47,PL,mobile,0,2025-12-28
4913,43,UA,mobile,1,2024-06-18
4914,33,UA,mobile,1,2026-02-02
4915,30,CZ,mobile,0,2026-05-21
4916,56,CZ,mobile,0,2024-11-17
4917,50,HU,mobile,1,2025-07-20
4918,43,CZ,desktop,1,2025-03-31
4919,65,PL,mobile,0,2025-08-25
4920,18,SK,mobile,0,2026-02-28
4921,66,UA,mobile,0,2025-09-04
4922,55,PL,mobile,0,2024-06-03
4923,19,UA,mobile,1,2026-06-07
4924,66,UA,mobile,0,2024-12-14
4925,23,SK,mobile,1,2025-03-26
4926,63,PL,tablet,0,2026-05-25
4927,67,PL,mobile,1,2025-10-14
4928,55,UA,tablet,0,2024-06-21
4929,59,PL,mobile,1,2024-01-10
4930,41,UA,mobile,1,2026-01-09
4931,35,CZ,desktop,0,2024-09-21
4932,44,PL,mobile,0,2025-03-13
4933,58,SK,mobile,0,2026-01-29
4934,25,UA,tablet,0,2024-09-03
4935,45,UA,mobile,1,2025-10-28
4936,27,CZ,mobile,0,2025-06-29
4937,34,SK,mobile,1,2025-05-13
4938,46,PL,tablet,0,2024-05-08
4939,23,CZ,desktop,0,2025-11-02
4940,31,HU,mobile,0,2025-08-23
4941,39,HU,mobile,0,2025-08-27
4942,23,CZ,desktop,0,2024-11-22
4943,43,CZ,mobile,1,2026-01-22
4944,56,UA,mobile,1,2026-04-14
4945,29,SK,desktop,0,2025-02-07
4946,52,UA,mobile,0,2025-09-20
4947,31,HU,desktop,0,2025-08-28
4948,39,UA,desktop,0,2025-11-05
4949,68,PL,desktop,0,2025-09-02
4950,40,PL,mobile,0,2025-09-16
4951,65,UA,mobile,1,2024-12-24
4952,24,UA,mobile,0,2025-08-25
4953,57,PL,mobile,0,2026-05-07
4954,67,SK,mobile,1,2025-12-18
4955,42,CZ,mobile,0,2024-01-17
4956,30,UA,mobile,1,2024-09-30
4957,38,CZ,mobile,0,2025-11-15
4958,58,UA,mobile,0,2024-04-25
4959,27,UA,desktop,0,2026-05-10
4960,70,CZ,desktop,0,2025-11-23
4961,26,SK,mobile,0,2024-03-31
4962,32,PL,desktop,0,2024-03-22
4963,69,PL,desktop,0,2024-11-19
4964,19,UA,mobile,0,2024-04-23
4965,42,PL,mobile,0,2026-02-07
4966,30,UA,mobile,1,2024-02-27
4967,51,HU,mobile,1,2024-06-02
4968,68,SK,mobile,0,2026-05-26
4969,51,CZ,tablet,1,2025-02-07
4970,52,PL,mobile,0,2025-09-19
4971,55,SK,desktop,0,2026-05-04
4972,20,PL,mobile,0,2024-09-22
4973,59,UA,mobile,1,2024-11-10
4974,23,UA,mobile,1,2025-12-15
4975,65,CZ,desktop,0,2024-02-10
4976,66,HU,mobile,0,2024-04-14
4977,36,UA,mobile,0,2026-06-08
4978,20,UA,tablet,0,2024-07-11
4979,35,PL,mobile,0,2025-02-04
4980,56,SK,mobile,0,2024-10-04
4981,26,UA,mobile,0,2024-12-19
4982,69,UA,desktop,0,2026-01-18
4983,29,CZ,mobile,1,2026-01-02
4984,22,PL,mobile,0,2025-08-02
4985,20,UA,mobile,0,2025-12-09
4986,28,UA,mobile,0,2024-09-12
4987,47,CZ,desktop,1,2025-10-12
4988,21,PL,desktop,0,2026-04-03
4989,22,HU,mobile,0,2025-10-22
4990,18,CZ,mobile,0,2024-04-08
4991,44,UA,mobile,0,2025-08-10
4992,45,PL,desktop,0,2024-10-08
4993,46,UA,mobile,0,2026-06-01
4994,35,UA,mobile,0,2025-02-06
4995,29,HU,tablet,0,2024-04-18
4996,30,SK,mobile,0,2025-11-30
4997,58,UA,tablet,0,2024-07-17
4998,19,UA,mobile,1,2024-10-29
4999,54,UA,mobile,1,2024-11-22
5000,62,UA,mobile,0,2024-06-02
